total_screen_time_minutes,daily_limit_minutes,late_night_minutes,longest_session_minutes,restricted_app_attempts_today,rule_violations_7d,risk_points,risk_label
229,60,0,44,0,0,2,Low Risk
193,240,0,43,0,0,0,Low Risk
174,240,0,141,0,7,3,Moderate Risk
4,60,0,19,1,6,2,Low Risk
221,180,0,0,0,1,2,Low Risk
15,60,0,62,0,1,0,Low Risk
77,60,0,66,0,0,2,Low Risk
292,120,0,73,1,1,2,Low Risk
5,180,24,81,3,0,4,Moderate Risk
230,240,210,18,1,3,4,Moderate Risk
68,240,0,20,2,0,0,Low Risk
98,60,0,0,1,0,2,Low Risk
316,180,0,65,0,2,2,Low Risk
13,60,0,22,0,0,0,Low Risk
153,120,0,53,3,0,4,Moderate Risk
136,240,0,61,0,0,0,Low Risk
255,120,0,0,0,0,2,Low Risk
238,60,0,18,2,6,4,Moderate Risk
111,60,0,32,0,0,2,Low Risk
263,120,0,95,0,0,3,Moderate Risk
16,60,18,0,0,1,2,Low Risk
195,240,0,148,2,0,1,Low Risk
0,120,23,159,0,0,3,Moderate Risk
116,240,0,92,0,0,1,Low Risk
279,120,0,31,2,0,2,Low Risk
261,120,0,192,0,0,3,Moderate Risk
232,60,0,0,0,3,4,Moderate Risk
214,240,36,0,2,0,2,Low Risk
211,120,0,147,1,0,3,Moderate Risk
0,180,0,133,0,0,1,Low Risk
73,60,0,39,1,0,2,Low Risk
91,240,0,49,0,1,0,Low Risk
132,180,20,70,0,0,2,Low Risk
216,60,4,0,0,0,4,Moderate Risk
168,180,53,65,0,0,2,Low Risk
330,120,0,0,3,6,6,High Risk
131,120,71,101,3,0,7,High Risk
174,120,0,90,3,0,4,Moderate Risk
195,180,0,33,0,1,2,Low Risk
0,180,80,79,1,0,2,Low Risk
124,120,0,50,0,0,2,Low Risk
1,180,0,37,0,3,2,Low Risk
86,120,0,110,0,0,1,Low Risk
253,240,0,0,0,0,2,Low Risk
137,180,106,42,1,0,2,Low Risk
235,60,0,74,0,0,2,Low Risk
64,60,0,86,3,0,4,Moderate Risk
0,120,0,53,0,0,0,Low Risk
186,240,0,32,0,0,0,Low Risk
33,240,0,40,0,0,0,Low Risk
0,240,11,35,1,0,2,Low Risk
236,60,0,159,0,0,3,Moderate Risk
255,60,0,80,0,0,2,Low Risk
284,120,0,34,0,0,2,Low Risk
264,240,0,82,0,0,2,Low Risk
135,240,21,72,0,0,2,Low Risk
180,240,0,46,0,3,2,Low Risk
159,60,0,111,1,0,3,Moderate Risk
74,120,0,45,0,0,0,Low Risk
196,120,13,36,0,0,4,Moderate Risk
0,60,0,3,0,0,0,Low Risk
89,60,0,70,0,0,2,Low Risk
63,60,0,53,1,0,2,Low Risk
0,240,0,54,5,2,2,Low Risk
89,240,0,74,0,1,0,Low Risk
36,180,9,25,0,2,2,Low Risk
161,240,0,25,0,0,0,Low Risk
2,180,0,66,1,1,0,Low Risk
208,120,0,93,0,0,3,Moderate Risk
122,120,0,71,1,1,2,Low Risk
162,240,0,43,0,0,0,Low Risk
177,240,0,48,0,4,2,Low Risk
200,60,0,39,0,2,2,Low Risk
110,240,0,84,5,4,4,Moderate Risk
118,180,2,68,1,0,2,Low Risk
191,240,9,34,0,1,2,Low Risk
326,120,0,46,0,0,2,Low Risk
115,180,0,10,2,0,0,Low Risk
166,240,0,33,0,0,0,Low Risk
136,60,0,92,0,0,3,Moderate Risk
205,180,0,82,1,3,4,Moderate Risk
50,180,0,61,0,1,0,Low Risk
249,60,0,33,0,0,2,Low Risk
11,120,0,34,1,1,0,Low Risk
344,240,0,105,2,0,3,Moderate Risk
101,60,0,44,0,0,2,Low Risk
224,240,0,36,0,0,0,Low Risk
120,60,0,100,0,0,3,Moderate Risk
218,180,0,0,0,0,2,Low Risk
65,240,41,48,3,4,6,High Risk
38,240,0,73,0,2,0,Low Risk
225,60,0,13,0,0,2,Low Risk
305,120,0,67,0,1,2,Low Risk
284,240,0,26,0,0,2,Low Risk
315,180,0,65,0,0,2,Low Risk
0,60,0,70,1,0,0,Low Risk
182,120,71,21,1,1,4,High Risk
99,180,0,60,0,0,0,Low Risk
240,180,0,0,1,0,2,Low Risk
513,180,62,36,0,0,4,Moderate Risk
157,240,0,89,0,1,0,Low Risk
50,120,0,81,0,0,0,Low Risk
67,60,0,23,0,0,2,Low Risk
241,180,0,37,0,0,2,Low Risk
336,60,0,92,0,0,3,Moderate Risk
226,180,17,38,0,2,4,Moderate Risk
201,180,9,111,0,1,5,Moderate Risk
182,180,0,128,0,1,3,Moderate Risk
7,240,0,54,0,0,0,Low Risk
43,240,0,0,2,2,0,Low Risk
273,180,0,71,0,0,2,Low Risk
326,60,8,19,0,1,4,Moderate Risk
304,120,8,64,0,6,6,Moderate Risk
0,120,70,75,0,1,2,Low Risk
287,240,0,38,0,2,2,Low Risk
36,60,0,83,0,15,2,Low Risk
70,240,0,125,2,1,1,Low Risk
51,180,0,72,0,0,0,Low Risk
0,120,0,71,0,0,0,Low Risk
100,180,89,128,3,0,5,Moderate Risk
111,180,0,0,0,0,0,Low Risk
258,180,0,12,0,1,2,Low Risk
255,180,11,45,0,0,4,Moderate Risk
254,60,0,68,3,0,4,Moderate Risk
238,120,0,113,0,2,3,Moderate Risk
131,180,0,2,0,4,2,Low Risk
362,60,0,18,3,2,4,Moderate Risk
51,240,0,31,1,0,0,Low Risk
215,180,0,69,2,2,2,Low Risk
230,180,69,46,0,0,4,Moderate Risk
155,240,0,0,0,0,0,Low Risk
296,180,65,41,0,1,4,Moderate Risk
283,120,35,17,0,0,4,Moderate Risk
137,120,0,54,0,0,2,Low Risk
202,240,0,0,0,0,0,Low Risk
98,180,0,103,0,1,1,Low Risk
109,60,62,171,0,0,5,Moderate Risk
1,60,0,58,0,1,0,Low Risk
14,180,0,149,0,0,1,Low Risk
3,120,0,99,0,3,3,Moderate Risk
274,180,0,69,0,0,2,Low Risk
278,180,0,65,0,0,2,Low Risk
114,60,0,71,0,0,2,Low Risk
86,60,0,10,1,0,2,Low Risk
208,120,0,39,0,0,2,Low Risk
42,60,0,0,1,0,0,Low Risk
144,120,0,29,0,0,2,Low Risk
157,240,0,65,0,3,2,Low Risk
70,240,0,46,0,0,0,Low Risk
172,120,0,31,0,0,2,Low Risk
112,60,0,97,1,0,3,Moderate Risk
322,240,0,0,0,0,2,Low Risk
377,120,0,54,0,1,2,Low Risk
156,120,0,0,1,7,4,Moderate Risk
213,240,0,58,0,6,2,Low Risk
235,60,0,0,1,0,2,Low Risk
77,60,0,0,0,0,2,Moderate Risk
340,60,0,116,0,3,5,Moderate Risk
212,180,0,64,0,0,2,Low Risk
26,240,52,0,1,1,2,Low Risk
274,240,0,37,1,0,2,Low Risk
123,180,0,102,0,0,1,Low Risk
32,120,0,40,0,0,0,Low Risk
65,120,37,31,0,0,2,Low Risk
0,180,0,58,0,0,0,Low Risk
276,60,0,62,0,0,2,Low Risk
186,240,0,42,0,0,0,Low Risk
241,240,0,29,0,0,2,Low Risk
172,120,25,38,3,0,6,High Risk
24,180,5,149,0,0,3,Moderate Risk
289,180,0,28,1,0,2,Low Risk
27,120,0,22,3,2,2,Low Risk
147,120,0,65,0,0,2,Low Risk
194,60,13,75,3,0,6,High Risk
200,120,0,112,1,3,5,Moderate Risk
193,180,0,18,1,0,2,Low Risk
39,120,34,14,0,0,2,Low Risk
362,60,0,81,2,0,2,Moderate Risk
0,180,0,46,1,0,0,Low Risk
120,120,0,56,0,2,0,Low Risk
102,60,0,75,1,0,2,Low Risk
359,120,0,22,0,1,2,Low Risk
64,240,101,40,0,1,2,Low Risk
0,240,0,1,1,1,0,Low Risk
82,240,0,66,0,2,0,Low Risk
213,180,0,151,0,0,3,Moderate Risk
205,120,24,119,0,0,5,Moderate Risk
85,120,163,82,1,0,2,Low Risk
131,180,0,90,0,0,0,Low Risk
192,240,0,0,1,0,0,Low Risk
0,240,39,139,1,3,5,Moderate Risk
263,240,5,0,0,0,4,Moderate Risk
256,180,0,29,0,0,2,Low Risk
99,180,0,25,6,1,2,Low Risk
112,240,0,69,1,0,0,Low Risk
253,240,0,0,2,2,2,Low Risk
192,240,0,103,1,0,1,Low Risk
90,60,0,65,3,2,4,Moderate Risk
232,240,0,69,0,1,0,Low Risk
72,60,0,46,4,0,4,Moderate Risk
312,60,0,7,0,0,2,Low Risk
220,60,0,0,0,0,2,Low Risk
11,120,0,125,1,1,1,Low Risk
0,180,67,15,0,0,2,Low Risk
171,60,0,57,1,0,2,Low Risk
36,180,0,17,2,0,0,Low Risk
97,180,0,0,5,0,2,Low Risk
41,180,0,62,0,1,0,Low Risk
29,60,0,33,3,0,2,Low Risk
250,120,0,99,0,0,3,Moderate Risk
189,240,0,4,1,0,0,Low Risk
149,240,2,42,0,0,2,Low Risk
262,60,0,36,2,0,2,Low Risk
248,180,0,38,0,0,2,Low Risk
97,120,26,13,0,1,2,Moderate Risk
92,240,0,1,1,7,2,Low Risk
293,60,0,50,0,1,2,Low Risk
22,240,47,8,1,0,2,Low Risk
172,180,0,117,0,0,1,Low Risk
270,120,0,36,0,0,2,Low Risk
75,120,0,13,0,0,0,Low Risk
116,180,0,6,0,1,0,Low Risk
226,120,0,0,0,1,2,Low Risk
321,60,45,8,2,0,4,Moderate Risk
194,120,0,0,4,6,6,High Risk
198,120,0,35,2,6,4,Moderate Risk
59,180,0,69,0,0,0,Low Risk
156,240,13,163,2,0,3,Moderate Risk
26,180,14,0,0,0,2,Low Risk
279,240,0,14,0,3,4,Moderate Risk
59,60,0,47,1,3,2,Low Risk
116,120,24,6,0,0,2,Low Risk
249,60,0,34,0,2,2,Low Risk
159,240,0,109,1,0,1,Low Risk
161,180,0,26,2,4,2,Low Risk
231,60,0,144,0,0,3,Moderate Risk
153,60,0,62,0,0,2,Low Risk
114,60,0,31,3,1,4,Moderate Risk
272,240,0,26,0,0,2,Low Risk
272,240,0,106,0,0,3,Moderate Risk
380,240,0,82,0,0,2,Low Risk
212,180,0,16,0,2,2,Low Risk
172,180,0,36,0,0,0,Low Risk
109,180,0,110,0,1,1,Low Risk
280,240,3,0,0,2,4,Moderate Risk
104,120,0,154,0,0,1,Low Risk
136,240,0,69,0,0,0,Low Risk
97,120,17,44,0,0,2,Low Risk
229,240,0,78,1,0,0,Low Risk
369,180,0,0,0,4,4,Moderate Risk
0,120,0,0,0,0,0,Low Risk
107,240,0,46,0,0,0,Low Risk
116,180,0,9,8,0,2,Low Risk
16,240,0,48,0,0,0,Low Risk
58,120,0,165,0,0,1,Low Risk
253,180,10,32,0,0,4,Moderate Risk
71,240,0,67,10,0,2,Low Risk
327,60,13,95,1,0,5,Moderate Risk
114,240,0,153,0,10,3,Moderate Risk
32,120,0,22,0,0,0,Low Risk
242,240,0,34,0,1,2,Low Risk
0,60,0,53,1,0,0,Low Risk
31,180,0,4,0,0,0,Low Risk
64,180,0,0,1,0,0,Low Risk
69,240,0,62,0,0,0,Low Risk
224,120,0,20,0,1,2,Low Risk
153,120,0,80,0,0,2,Low Risk
123,240,29,92,1,0,3,Moderate Risk
103,240,52,34,0,0,2,Low Risk
0,240,62,9,11,0,4,Moderate Risk
0,60,0,81,0,0,0,Low Risk
177,240,8,100,0,3,5,Moderate Risk
215,180,0,0,3,0,4,Moderate Risk
130,180,0,89,0,0,0,Low Risk
293,240,0,15,0,0,2,Low Risk
113,60,0,39,0,0,2,Low Risk
0,60,0,0,2,2,0,Low Risk
188,180,0,169,0,0,3,Moderate Risk
284,60,0,141,0,0,3,Moderate Risk
124,120,0,17,1,3,4,Moderate Risk
342,60,0,21,0,0,2,Moderate Risk
295,60,8,37,0,0,4,Moderate Risk
137,120,0,41,1,2,2,Low Risk
192,120,0,34,0,1,2,Low Risk
116,120,0,11,0,1,0,Low Risk
77,180,0,32,2,0,0,Low Risk
200,60,0,23,0,0,2,Low Risk
78,60,0,47,2,5,4,High Risk
78,180,69,9,0,0,2,Low Risk
110,60,0,64,0,0,2,Low Risk
156,240,0,0,1,6,2,Low Risk
232,120,0,1,0,3,4,Moderate Risk
239,120,3,4,0,0,4,Moderate Risk
193,60,5,80,0,0,4,Moderate Risk
158,180,53,31,3,1,4,Moderate Risk
357,60,0,28,1,0,2,Low Risk
147,60,0,29,1,0,2,Low Risk
148,60,0,89,0,0,2,Low Risk
65,180,0,24,1,0,0,Low Risk
128,240,21,26,0,1,2,Low Risk
339,180,0,41,0,0,2,Low Risk
245,120,94,83,0,1,4,Moderate Risk
168,240,0,37,2,13,2,Low Risk
103,60,9,60,0,0,4,Moderate Risk
64,120,0,152,0,1,1,Low Risk
100,240,0,0,1,0,0,Low Risk
236,120,0,76,0,0,2,Low Risk
283,60,40,65,0,1,4,Moderate Risk
124,180,0,46,5,0,2,Low Risk
188,120,0,184,1,0,3,Moderate Risk
215,60,0,193,4,0,5,Moderate Risk
321,180,90,98,0,0,5,Moderate Risk
182,240,11,61,2,1,2,Low Risk
225,240,7,50,0,0,2,Low Risk
324,60,0,35,0,0,2,Low Risk
147,240,0,132,0,0,1,Low Risk
74,120,0,81,0,0,0,Low Risk
236,120,0,74,0,1,2,Low Risk
139,180,0,93,0,0,1,Low Risk
177,240,0,129,0,2,1,Low Risk
181,120,56,10,1,0,4,Moderate Risk
263,60,0,0,0,0,2,Low Risk
29,180,0,125,0,0,1,Low Risk
172,180,12,86,2,0,2,Low Risk
251,240,0,0,0,0,2,Low Risk
200,60,0,32,0,5,4,Moderate Risk
75,180,0,119,1,0,1,Low Risk
197,240,0,154,0,0,1,Low Risk
170,120,0,51,0,0,2,Low Risk
195,120,99,26,0,0,4,Moderate Risk
17,60,0,61,1,0,0,Low Risk
105,180,17,15,0,1,2,Low Risk
157,240,12,139,0,0,3,Moderate Risk
78,60,0,14,1,0,2,Low Risk
212,180,0,170,0,0,3,Moderate Risk
0,120,0,17,0,0,0,Low Risk
109,120,0,42,0,0,0,Low Risk
272,120,145,80,0,2,4,Moderate Risk
205,240,31,102,0,0,3,Moderate Risk
0,240,0,17,2,0,0,Low Risk
101,60,0,50,0,0,2,Low Risk
194,60,0,0,2,0,2,Low Risk
141,120,0,59,4,1,4,Moderate Risk
166,180,0,35,2,0,0,Low Risk
329,120,0,110,1,0,3,Moderate Risk
237,120,0,21,0,4,4,Moderate Risk
278,240,0,146,0,2,3,Moderate Risk
327,120,0,58,1,0,2,Low Risk
43,120,0,0,0,4,2,Low Risk
170,60,0,63,0,0,2,Low Risk
261,180,0,0,0,0,2,Low Risk
133,120,0,66,0,0,2,Low Risk
154,240,0,63,0,0,0,Low Risk
60,60,261,105,0,3,5,Moderate Risk
110,180,0,0,0,0,0,Low Risk
0,120,0,40,0,0,0,Low Risk
184,120,0,0,0,0,2,Low Risk
0,180,0,47,0,0,0,Low Risk
271,120,0,102,1,0,3,Moderate Risk
352,120,0,15,4,0,4,Moderate Risk
144,180,0,69,0,0,0,Low Risk
85,60,39,43,0,0,4,Moderate Risk
0,120,0,126,3,1,3,Moderate Risk
136,120,0,51,0,0,2,Low Risk
223,60,0,67,0,2,2,Low Risk
280,60,0,185,4,1,5,Moderate Risk
154,180,60,31,0,5,4,Moderate Risk
229,180,0,0,0,0,2,Low Risk
160,120,1,22,0,0,4,Moderate Risk
148,60,0,55,1,0,2,Low Risk
164,180,0,70,0,0,0,Low Risk
276,180,0,28,0,0,2,Low Risk
50,60,0,0,0,0,0,Low Risk
40,120,24,61,2,0,2,Low Risk
374,240,3,115,1,0,5,Moderate Risk
324,240,0,59,0,0,2,Low Risk
289,60,66,73,1,0,4,Moderate Risk
86,60,17,63,0,0,4,Moderate Risk
44,240,41,142,0,0,3,Moderate Risk
129,240,16,34,0,0,2,Low Risk
168,240,18,66,0,0,2,Low Risk
172,120,0,24,0,3,4,Moderate Risk
70,180,0,27,0,0,0,Low Risk
105,240,0,49,6,1,2,Low Risk
121,240,0,73,2,9,2,Low Risk
201,60,18,119,0,0,5,Moderate Risk
87,120,0,8,0,0,0,Low Risk
130,240,0,118,0,0,1,Low Risk
144,180,0,126,0,0,1,Low Risk
238,120,0,114,0,0,3,Moderate Risk
285,240,0,154,0,0,3,Moderate Risk
80,60,0,118,0,0,3,Moderate Risk
220,120,0,185,0,0,3,Moderate Risk
30,240,0,63,0,1,0,Low Risk
17,120,0,68,0,0,0,Low Risk
192,120,0,86,0,0,2,Low Risk
0,120,0,92,0,0,1,Low Risk
241,180,0,123,0,1,3,Moderate Risk
300,120,2,34,2,0,4,Moderate Risk
143,120,0,0,0,3,4,Moderate Risk
0,240,0,70,3,5,4,Moderate Risk
256,240,0,0,0,0,2,Low Risk
132,120,0,61,2,0,2,Low Risk
240,180,0,73,0,1,2,Low Risk
170,60,0,0,0,0,2,Low Risk
0,180,0,26,2,0,0,Low Risk
103,120,0,13,0,0,0,Low Risk
219,60,0,61,0,1,2,Low Risk
358,240,0,0,4,0,4,Moderate Risk
66,240,0,42,1,0,0,Low Risk
101,60,0,22,0,0,2,Low Risk
6,240,0,0,0,1,0,Low Risk
27,180,0,23,0,0,0,Low Risk
111,60,44,119,0,0,5,Moderate Risk
119,180,0,35,0,0,0,Low Risk
190,240,8,38,2,5,4,Moderate Risk
0,180,0,125,2,0,1,Low Risk
94,60,0,94,0,0,3,Moderate Risk
205,120,0,95,3,0,5,Moderate Risk
36,60,0,54,0,1,0,Low Risk
168,60,0,60,0,0,2,Low Risk
177,120,0,19,1,3,4,Moderate Risk
215,180,46,68,0,0,4,Moderate Risk
72,60,0,52,4,1,4,Low Risk
107,240,0,42,0,0,0,Low Risk
176,120,0,50,1,0,2,Low Risk
319,60,0,76,2,0,2,Low Risk
2,120,0,7,0,2,0,Low Risk
159,120,0,48,0,3,4,Moderate Risk
54,180,0,36,0,0,0,Low Risk
274,60,0,0,0,0,2,Low Risk
302,240,0,112,2,1,3,Moderate Risk
158,60,0,138,0,0,3,Moderate Risk
179,240,0,41,0,2,0,Low Risk
256,180,0,20,0,0,2,Low Risk
216,180,0,32,0,2,2,Low Risk
64,120,40,10,0,2,2,Low Risk
208,60,0,106,1,0,3,Moderate Risk
238,60,0,73,0,7,4,Moderate Risk
0,240,0,32,3,0,2,Low Risk
171,60,0,38,2,0,2,Low Risk
320,60,0,69,2,0,2,Low Risk
232,180,0,62,0,0,2,Low Risk
153,240,0,3,0,0,0,Low Risk
0,180,0,133,3,0,3,Moderate Risk
111,240,0,55,1,0,0,Low Risk
18,120,0,27,0,0,0,Low Risk
124,240,0,0,0,0,0,Low Risk
129,240,66,78,0,0,2,Low Risk
99,120,0,7,1,0,0,Low Risk
262,240,0,112,1,0,3,Moderate Risk
44,180,0,92,0,0,1,Low Risk
22,240,0,38,2,2,0,Low Risk
60,180,0,0,0,0,0,Low Risk
308,240,0,0,0,0,2,Low Risk
181,120,0,5,0,1,2,Low Risk
355,180,0,77,0,7,4,Moderate Risk
83,120,0,40,1,3,2,Low Risk
179,60,0,49,3,0,4,Moderate Risk
65,180,0,11,0,0,0,Low Risk
16,180,26,74,0,1,2,Low Risk
101,120,0,44,2,0,0,Low Risk
91,180,0,22,0,0,0,Low Risk
57,240,0,56,0,0,0,Low Risk
212,120,0,0,0,4,4,Moderate Risk
171,240,0,19,0,0,0,Low Risk
110,240,0,82,0,4,2,Low Risk
64,60,0,49,0,1,2,Low Risk
21,120,0,16,1,0,0,Low Risk
225,240,0,18,1,0,0,Low Risk
172,240,9,29,1,0,2,Low Risk
195,240,0,0,0,5,2,Low Risk
25,120,0,129,4,0,3,High Risk
190,60,33,109,3,0,7,High Risk
267,120,38,59,0,0,4,Moderate Risk
81,240,103,0,0,0,2,Low Risk
117,180,0,123,0,0,1,Low Risk
333,60,0,40,0,6,4,Moderate Risk
97,240,0,96,0,0,1,Low Risk
102,240,0,52,0,2,0,Low Risk
114,180,0,96,0,1,1,Low Risk
130,240,1,94,1,0,3,Moderate Risk
136,120,1,47,0,0,4,Moderate Risk
252,60,0,87,0,2,2,Low Risk
226,180,51,0,0,0,4,Moderate Risk
201,60,38,94,0,0,5,Moderate Risk
129,120,0,32,2,5,4,Moderate Risk
222,120,0,134,0,8,5,Moderate Risk
22,240,0,73,0,0,0,Low Risk
291,60,36,52,6,0,6,High Risk
147,240,0,32,1,0,0,Low Risk
173,240,0,60,3,0,2,Low Risk
42,60,0,32,0,0,0,Low Risk
253,120,0,7,0,8,4,Moderate Risk
34,120,0,33,0,0,0,Low Risk
376,60,1,123,0,0,5,Moderate Risk
173,180,8,38,0,0,2,Low Risk
134,240,0,81,0,0,0,Low Risk
197,180,0,44,2,1,2,Low Risk
75,120,0,35,0,0,0,Low Risk
78,180,0,133,0,0,1,Low Risk
28,240,0,76,0,0,0,Low Risk
77,180,0,17,0,8,2,Low Risk
123,240,1,127,0,10,5,Moderate Risk
334,180,0,48,0,0,2,Low Risk
242,120,10,61,1,2,4,Moderate Risk
134,120,0,0,0,0,2,Low Risk
80,60,0,23,1,0,2,Low Risk
0,240,0,75,0,0,0,Moderate Risk
140,60,0,91,2,0,3,Moderate Risk
148,60,0,158,2,2,3,Moderate Risk
157,240,28,21,0,3,4,Moderate Risk
153,120,0,67,0,2,2,Low Risk
92,120,12,82,0,0,2,Low Risk
0,120,0,69,2,3,2,Low Risk
275,120,41,111,2,2,5,Moderate Risk
156,240,0,93,0,0,1,Low Risk
142,180,11,66,0,2,2,Low Risk
162,180,0,34,1,0,0,Low Risk
15,180,7,44,0,0,2,Moderate Risk
0,180,40,43,0,0,2,Low Risk
203,180,0,0,0,2,2,Low Risk
95,120,45,69,0,0,2,Low Risk
153,240,0,60,0,0,0,Low Risk
17,120,5,14,0,0,2,Low Risk
78,120,2,2,0,5,4,Moderate Risk
169,60,0,0,0,0,2,Low Risk
187,180,1,58,0,0,4,Moderate Risk
152,120,52,145,0,2,5,Moderate Risk
57,120,1,40,0,0,2,Low Risk
132,120,91,110,0,0,5,Moderate Risk
131,240,0,0,0,0,0,Low Risk
32,60,0,142,0,0,1,Low Risk
37,60,0,109,0,0,1,Low Risk
247,240,0,86,0,0,2,Low Risk
75,60,30,74,0,2,4,Moderate Risk
72,120,0,66,0,3,2,Low Risk
197,240,0,87,0,0,0,Low Risk
230,240,6,3,1,0,2,Low Risk
324,180,0,44,1,3,4,Moderate Risk
42,240,0,0,0,3,2,Low Risk
151,240,32,41,0,0,2,Low Risk
275,120,15,45,0,1,4,Moderate Risk
170,120,11,11,0,0,4,Moderate Risk
18,180,0,64,0,2,0,Low Risk
196,180,0,89,0,1,2,Low Risk
287,60,0,9,2,2,2,Low Risk
0,180,0,9,0,0,0,Low Risk
72,120,0,119,0,5,3,Moderate Risk
72,240,0,56,1,4,2,Low Risk
155,180,0,22,0,0,0,Low Risk
105,120,0,67,0,0,0,Low Risk
246,240,0,12,0,0,2,Low Risk
11,180,0,88,0,0,0,Low Risk
108,120,0,138,0,0,1,Low Risk
205,60,0,40,1,0,2,Low Risk
0,240,0,26,0,1,0,Low Risk
265,60,0,56,0,0,2,Low Risk
117,180,71,76,2,0,2,Low Risk
0,60,94,70,0,2,2,Low Risk
316,180,0,48,1,0,2,Low Risk
141,60,111,60,2,0,4,Moderate Risk
95,180,0,30,0,1,0,Low Risk
176,60,0,47,0,0,2,Low Risk
85,240,0,19,0,0,0,Low Risk
109,240,0,33,1,0,0,Low Risk
158,240,0,64,0,0,0,Low Risk
199,180,0,83,0,4,4,Moderate Risk
164,120,0,155,0,1,3,Moderate Risk
155,240,23,135,0,0,3,Moderate Risk
298,180,0,178,0,0,3,Moderate Risk
129,240,0,54,0,0,0,Low Risk
82,240,8,84,0,0,2,Low Risk
68,240,0,4,0,2,0,Low Risk
233,180,0,91,0,0,3,Moderate Risk
88,240,0,47,0,2,0,Low Risk
121,60,0,57,0,2,2,Low Risk
95,120,0,17,0,0,0,Low Risk
160,120,2,95,0,0,5,Moderate Risk
165,240,0,82,0,0,0,Low Risk
54,240,0,161,0,0,1,Low Risk
43,180,0,63,0,0,0,Low Risk
189,240,0,36,0,0,0,Low Risk
14,60,0,32,0,0,0,Low Risk
0,180,0,36,0,1,0,Low Risk
211,180,0,117,0,0,3,Moderate Risk
199,240,0,0,0,2,0,Low Risk
85,60,0,36,0,1,2,Low Risk
202,120,0,25,1,0,2,Low Risk
195,120,0,69,0,0,2,Low Risk
0,120,46,11,1,0,2,Low Risk
268,120,0,76,0,6,4,Moderate Risk
297,180,87,27,0,0,4,Moderate Risk
109,180,37,63,0,0,2,Low Risk
0,120,0,33,1,2,0,Low Risk
54,240,0,109,0,0,1,Low Risk
126,60,0,173,0,0,3,Moderate Risk
272,120,0,7,0,0,2,Low Risk
168,180,0,0,3,1,2,Low Risk
140,60,2,103,1,0,5,Moderate Risk
178,240,0,89,1,0,0,Low Risk
266,240,0,158,1,0,3,High Risk
173,240,0,73,0,7,2,Low Risk
5,240,26,71,9,0,4,Moderate Risk
145,180,21,45,1,3,4,Moderate Risk
6,180,0,68,1,0,0,Low Risk
79,240,27,24,0,0,2,Low Risk
265,180,0,56,0,0,2,Low Risk
163,120,0,41,0,6,4,Moderate Risk
188,120,0,137,0,0,3,Moderate Risk
168,120,0,74,1,4,4,Moderate Risk
72,240,0,112,0,0,1,Low Risk
124,120,18,55,0,0,4,Moderate Risk
268,60,0,86,4,1,4,Moderate Risk
0,180,0,71,2,0,0,Low Risk
128,120,24,33,0,0,4,Moderate Risk
88,60,0,31,0,0,2,Low Risk
13,120,1,165,0,0,3,Moderate Risk
305,60,15,46,0,0,4,Moderate Risk
223,60,0,67,4,0,4,Moderate Risk
306,180,0,38,1,2,2,Low Risk
0,120,30,75,0,2,2,Low Risk
185,120,0,115,0,1,3,Moderate Risk
2,240,12,69,0,0,2,Low Risk
318,120,0,75,0,0,2,Low Risk
143,240,0,13,0,0,0,Low Risk
123,60,0,45,0,0,2,Low Risk
79,60,0,108,1,0,3,Moderate Risk
0,240,0,60,0,0,0,Low Risk
244,120,0,0,0,0,2,Low Risk
248,60,0,24,0,0,2,Low Risk
35,120,0,103,5,0,3,Moderate Risk
250,60,0,30,0,0,2,Low Risk
156,120,14,0,0,0,4,Moderate Risk
114,120,0,73,1,0,0,Low Risk
79,60,0,0,0,0,2,Low Risk
112,60,75,69,0,1,4,Moderate Risk
201,120,0,70,6,0,4,Moderate Risk
64,180,0,39,3,0,2,Low Risk
129,180,0,12,0,0,0,Low Risk
270,240,0,0,0,2,2,Low Risk
62,60,11,86,0,1,4,Moderate Risk
112,120,4,85,0,3,4,Moderate Risk
144,180,20,112,5,0,5,Moderate Risk
297,180,0,117,0,5,5,Moderate Risk
199,120,0,0,1,3,4,Moderate Risk
0,60,0,173,0,7,3,Moderate Risk
198,60,66,1,0,0,4,Moderate Risk
0,60,0,27,0,0,0,Low Risk
193,180,0,0,0,0,2,Low Risk
193,240,0,71,0,2,0,Low Risk
0,120,0,82,0,0,0,Low Risk
141,60,0,71,0,0,2,Low Risk
96,120,0,30,0,0,0,Low Risk
262,240,0,45,0,0,2,Low Risk
94,180,0,0,1,0,0,Low Risk
157,180,0,0,0,0,0,Low Risk
69,60,0,46,0,1,2,Low Risk
179,240,0,50,0,1,0,Low Risk
141,60,0,55,0,0,2,Low Risk
226,180,30,42,0,0,4,Moderate Risk
135,120,5,44,0,0,4,Moderate Risk
213,60,0,109,1,0,3,Moderate Risk
253,240,0,9,0,4,4,Moderate Risk
117,120,138,12,0,1,2,Low Risk
196,240,0,44,1,1,0,Low Risk
195,60,81,0,0,5,6,High Risk
32,180,0,95,0,4,3,Moderate Risk
94,120,49,105,0,0,3,Moderate Risk
0,120,0,61,0,1,0,Low Risk
133,180,4,78,0,1,2,Low Risk
277,180,0,35,1,0,2,Low Risk
0,60,0,66,2,0,0,Low Risk
0,60,17,7,0,1,2,Low Risk
0,120,0,57,0,3,2,Low Risk
146,180,0,66,0,0,0,Low Risk
0,180,21,69,0,3,4,Moderate Risk
230,240,0,73,2,1,0,Low Risk
132,240,0,55,1,0,0,Low Risk
290,60,0,52,0,0,2,Low Risk
115,180,0,59,0,0,0,Low Risk
241,240,0,21,0,0,2,Low Risk
30,240,0,2,1,0,0,Low Risk
254,180,0,39,0,1,2,Low Risk
126,180,9,154,0,0,3,Moderate Risk
238,120,0,43,0,0,2,Low Risk
0,240,0,0,0,0,0,Low Risk
89,120,0,75,0,0,0,Low Risk
0,240,66,0,1,0,2,Low Risk
123,60,0,0,0,0,2,Low Risk
191,180,0,0,0,0,2,Low Risk
149,240,0,82,0,0,0,Low Risk
88,120,0,28,0,0,0,Low Risk
297,240,7,17,3,0,6,High Risk
71,240,7,99,0,0,3,Moderate Risk
109,120,9,49,0,0,2,Low Risk
173,60,54,66,0,0,4,Moderate Risk
156,240,0,28,1,0,0,Low Risk
0,60,0,80,0,0,0,Low Risk
106,180,0,40,0,0,0,Low Risk
214,120,8,30,0,0,4,Moderate Risk
134,180,0,23,1,0,0,Low Risk
110,240,119,0,0,0,2,Low Risk
148,120,0,74,0,0,2,Low Risk
212,120,0,12,0,1,2,Low Risk
91,120,20,106,0,0,3,Moderate Risk
274,180,0,0,0,0,2,Low Risk
219,60,0,0,0,0,2,Low Risk
92,240,0,0,0,0,0,Low Risk
133,180,25,53,0,0,2,Low Risk
173,240,0,10,2,0,0,Low Risk
232,120,0,56,0,0,2,Low Risk
375,120,42,0,0,0,4,Moderate Risk
208,60,0,51,0,0,2,Low Risk
122,120,0,65,2,5,4,Moderate Risk
335,180,0,48,6,2,4,Moderate Risk
208,240,22,105,1,0,3,Moderate Risk
0,60,2,27,0,0,2,Low Risk
213,60,24,0,4,1,6,High Risk
337,240,0,53,0,1,2,Low Risk
113,120,0,68,0,0,0,Low Risk
136,180,0,20,0,0,0,Low Risk
173,240,5,41,0,0,2,Low Risk
176,240,15,29,0,0,2,Low Risk
38,60,11,69,0,0,2,Low Risk
6,60,0,102,0,0,1,Low Risk
89,60,16,136,1,2,5,Moderate Risk
0,240,0,177,0,3,3,Moderate Risk
122,120,1,92,5,0,7,High Risk
160,120,0,130,0,0,3,Moderate Risk
245,120,23,0,0,3,6,High Risk
224,120,0,69,0,0,2,Low Risk
74,120,0,31,0,3,2,Low Risk
162,240,0,31,3,10,4,Moderate Risk
116,180,0,115,1,2,1,Low Risk
68,180,0,117,0,0,1,Low Risk
38,240,0,26,0,0,0,Low Risk
277,120,2,66,0,2,4,High Risk
141,240,0,101,0,0,1,Low Risk
0,180,0,91,1,4,3,Moderate Risk
115,120,0,52,0,0,0,Low Risk
289,120,51,153,0,0,5,Moderate Risk
0,240,0,52,0,0,0,Low Risk
305,60,0,80,0,0,2,Low Risk
248,180,0,48,0,0,2,Low Risk
122,120,0,0,4,0,4,Moderate Risk
46,240,0,4,2,0,0,Low Risk
20,120,0,12,0,0,0,Low Risk
333,240,0,23,0,0,2,Low Risk
116,120,0,137,1,0,1,Low Risk
279,120,0,72,0,5,4,Moderate Risk
149,60,0,58,0,0,2,Low Risk
197,60,0,0,0,0,2,Low Risk
75,60,0,4,1,0,2,Low Risk
192,60,0,55,0,0,2,Low Risk
162,180,0,43,1,0,0,Low Risk
32,120,0,0,0,2,0,Low Risk
236,180,0,0,0,0,2,Low Risk
221,120,0,9,0,0,2,Low Risk
203,60,0,47,1,0,2,Low Risk
0,240,49,13,2,0,2,Low Risk
28,180,0,80,0,1,0,Low Risk
47,120,0,17,0,0,0,Low Risk
172,240,0,50,0,0,0,Low Risk
121,180,25,27,4,0,4,Moderate Risk
234,180,0,118,0,0,3,Moderate Risk
159,60,0,0,1,4,4,Moderate Risk
101,120,0,63,0,0,0,Low Risk
245,120,52,65,1,0,4,Moderate Risk
236,240,0,14,0,0,0,Low Risk
241,240,0,6,0,0,2,Low Risk
174,240,43,97,1,0,3,Moderate Risk
0,180,0,173,0,2,1,Low Risk
234,180,0,38,2,5,4,Moderate Risk
216,120,27,164,0,0,5,Moderate Risk
181,240,0,31,0,0,0,Low Risk
15,240,45,81,0,0,2,Low Risk
224,60,0,84,0,0,2,Low Risk
46,180,0,71,0,0,0,Low Risk
239,120,0,33,0,0,2,Low Risk
149,120,0,19,0,0,2,Low Risk
0,60,0,69,2,0,0,Low Risk
113,60,0,35,5,0,4,Moderate Risk
211,180,43,137,0,7,7,High Risk
199,60,0,95,0,0,3,Moderate Risk
97,60,1,80,0,2,4,Moderate Risk
152,60,0,84,0,3,4,Moderate Risk
0,120,0,112,0,0,1,Low Risk
247,60,0,0,1,0,2,Low Risk
202,180,0,11,0,0,2,Low Risk
118,60,5,73,1,0,4,Moderate Risk
329,180,0,0,0,3,4,Moderate Risk
19,120,41,51,1,0,2,Low Risk
4,240,0,21,4,0,2,Low Risk
106,240,0,11,0,4,2,Low Risk
218,60,1,63,0,0,4,Moderate Risk
266,120,0,65,2,0,2,Low Risk
437,120,0,111,1,0,3,Moderate Risk
266,120,4,64,2,0,4,Moderate Risk
180,60,0,24,0,0,2,Low Risk
34,60,0,10,2,0,0,Low Risk
322,60,0,44,0,1,2,Low Risk
229,60,0,48,0,1,2,Low Risk
301,60,19,101,0,2,5,Moderate Risk
176,60,0,116,0,0,3,Moderate Risk
112,240,1,32,0,1,2,Low Risk
279,240,0,132,0,0,3,Moderate Risk
161,240,0,85,0,0,0,Low Risk
24,60,0,109,0,1,1,Low Risk
0,60,0,82,0,0,0,Low Risk
144,120,0,68,0,0,2,Low Risk
182,120,12,152,0,0,5,Moderate Risk
91,60,83,50,0,0,4,Moderate Risk
77,240,0,21,0,0,0,Low Risk
306,240,0,0,0,0,2,Low Risk
161,120,0,96,0,1,3,Moderate Risk
243,180,0,67,0,0,2,Low Risk
201,120,6,81,0,1,4,Moderate Risk
44,60,39,168,0,1,3,Moderate Risk
406,120,0,5,0,1,2,Low Risk
184,120,0,71,0,1,2,Low Risk
200,120,9,16,1,0,4,Moderate Risk
160,240,0,53,2,0,0,Low Risk
38,180,0,40,0,0,0,Low Risk
25,180,0,15,4,0,2,Low Risk
77,120,0,108,0,0,1,Low Risk
116,60,0,83,0,0,2,Low Risk
143,240,0,23,0,0,0,Low Risk
192,60,0,111,1,1,3,Moderate Risk
199,180,67,84,0,4,6,High Risk
171,180,0,5,0,0,0,Low Risk
197,120,0,21,2,0,2,Low Risk
127,240,0,52,0,0,0,Low Risk
57,60,100,148,0,0,3,Moderate Risk
0,240,0,29,0,1,0,Low Risk
71,180,0,63,0,0,0,Low Risk
0,60,0,46,0,0,0,Low Risk
194,60,0,68,1,0,2,Low Risk
318,120,0,107,0,5,5,Moderate Risk
202,120,0,38,0,0,2,Low Risk
82,120,0,100,0,1,1,Low Risk
148,240,2,44,0,0,2,Low Risk
23,240,0,51,0,0,0,Low Risk
5,180,0,81,2,0,0,Low Risk
135,120,0,137,0,0,3,Moderate Risk
111,60,0,35,0,0,2,Low Risk
81,60,0,0,1,1,2,Low Risk
145,240,0,38,1,0,0,Low Risk
0,240,0,80,0,4,2,Low Risk
202,120,0,104,0,3,5,High Risk
91,120,0,47,0,0,0,Low Risk
83,60,1,59,0,0,4,Moderate Risk
155,120,1,45,0,8,6,High Risk
145,120,0,29,0,0,2,Low Risk
197,240,15,33,0,2,2,Low Risk
105,60,0,150,0,0,3,Moderate Risk
82,120,0,65,0,0,0,Low Risk
199,120,0,0,0,0,2,Low Risk
0,240,0,23,0,3,2,Low Risk
93,180,0,132,2,2,1,Low Risk
269,120,0,18,0,3,4,Moderate Risk
100,240,65,16,2,0,2,Low Risk
199,120,0,0,0,3,4,Moderate Risk
209,240,0,124,0,0,1,Low Risk
192,120,0,4,1,0,2,Low Risk
200,240,0,60,0,0,0,Low Risk
339,240,0,0,0,0,2,Moderate Risk
144,240,0,44,2,2,0,Low Risk
0,240,0,8,4,5,4,Moderate Risk
160,180,0,114,0,0,1,Low Risk
43,60,0,116,0,2,1,Low Risk
204,180,0,0,0,0,2,Low Risk
160,120,0,69,2,3,4,Moderate Risk
105,120,0,0,3,0,2,Low Risk
2,240,0,54,0,2,0,Low Risk
143,240,0,34,0,2,0,Low Risk
0,120,0,54,1,0,0,Low Risk
310,240,0,7,0,0,2,Low Risk
15,120,0,74,3,0,2,Low Risk
232,240,0,54,1,1,0,Low Risk
124,240,0,40,0,0,0,Low Risk
136,60,25,87,0,0,4,Moderate Risk
156,180,0,12,0,1,0,Low Risk
279,60,0,84,0,0,2,Low Risk
200,120,0,42,0,2,2,Low Risk
3,240,35,35,0,0,2,Low Risk
118,180,0,17,0,7,2,Low Risk
346,240,0,34,1,2,2,Low Risk
273,60,0,84,0,0,2,Low Risk
260,240,0,28,5,0,4,Moderate Risk
272,60,0,108,1,0,3,Moderate Risk
35,60,0,0,0,1,0,Low Risk
89,60,0,13,0,0,2,Low Risk
175,240,3,114,0,2,3,Moderate Risk
0,240,0,52,0,0,0,Low Risk
150,180,0,56,0,1,0,Low Risk
129,180,100,61,0,3,4,Moderate Risk
49,60,0,233,0,0,1,Low Risk
0,120,0,41,0,0,0,Low Risk
139,120,0,29,0,0,2,Low Risk
275,120,0,37,0,0,2,Low Risk
104,180,0,117,1,0,1,Low Risk
242,60,0,0,2,1,2,Low Risk
148,120,0,35,0,0,2,Low Risk
123,240,15,20,0,2,2,Low Risk
287,240,0,122,0,0,3,Moderate Risk
265,240,0,116,0,0,3,Moderate Risk
116,240,23,53,0,2,2,Low Risk
134,180,0,25,0,0,0,Low Risk
179,120,0,47,3,2,4,Moderate Risk
325,240,0,66,0,0,2,Low Risk
207,60,28,82,1,1,4,Moderate Risk
194,60,0,49,6,0,4,Moderate Risk
264,60,0,25,0,0,2,Low Risk
56,180,0,14,1,5,2,Low Risk
94,120,0,108,1,0,1,Low Risk
122,60,0,34,2,3,4,Moderate Risk
16,180,0,20,0,4,2,Low Risk
195,120,27,95,0,5,7,High Risk
76,60,136,54,2,0,4,Moderate Risk
392,240,15,14,1,4,6,High Risk
114,240,0,43,1,0,0,Low Risk
159,60,0,18,0,0,2,Low Risk
76,240,0,52,0,0,0,Low Risk
37,120,0,93,0,1,1,Low Risk
0,60,2,38,0,0,2,Low Risk
23,120,0,0,0,0,0,Low Risk
116,60,0,22,0,0,2,Low Risk
0,60,0,91,0,1,1,Low Risk
116,180,0,9,4,2,2,Low Risk
195,60,0,123,0,0,3,Moderate Risk
344,60,0,164,1,3,5,Moderate Risk
154,60,23,76,2,3,6,High Risk
211,240,0,0,7,0,2,Low Risk
308,120,0,9,1,2,2,Low Risk
188,60,7,0,0,0,4,Moderate Risk
169,120,0,46,0,0,2,Low Risk
0,60,0,44,2,4,2,Low Risk
99,60,0,30,1,0,2,Low Risk
261,60,0,66,2,0,2,Low Risk
147,120,67,103,0,1,5,Moderate Risk
117,60,18,29,0,1,4,Moderate Risk
97,240,0,16,0,0,0,Low Risk
151,60,0,41,1,0,2,Low Risk
240,180,0,170,0,3,5,Moderate Risk
160,180,0,172,2,0,1,Low Risk
188,120,99,75,0,0,4,Moderate Risk
212,120,0,46,0,0,2,Low Risk
236,180,0,16,1,0,2,Low Risk
189,60,0,64,0,8,4,Moderate Risk
26,240,0,75,0,0,0,Low Risk
195,120,6,50,0,0,4,Moderate Risk
301,180,0,50,1,1,2,Low Risk
304,180,0,32,3,0,4,High Risk
325,180,0,108,4,10,7,High Risk
81,60,0,57,0,0,2,Low Risk
404,60,0,7,0,0,2,Low Risk
0,240,0,34,0,1,0,Low Risk
281,180,22,1,2,0,4,Moderate Risk
152,180,6,55,1,6,4,Moderate Risk
239,60,0,170,1,1,3,Moderate Risk
265,60,0,84,0,0,2,Low Risk
175,180,49,28,0,2,2,Low Risk
114,180,0,106,0,6,3,High Risk
264,240,37,50,0,0,4,Moderate Risk
353,120,0,53,1,0,2,Low Risk
397,60,0,22,0,0,2,Low Risk
111,180,0,23,0,0,0,Low Risk
348,60,0,102,1,0,3,Moderate Risk
0,240,0,68,1,4,2,Low Risk
218,240,0,27,0,0,0,Low Risk
53,120,0,0,0,1,0,Low Risk
112,120,0,40,2,0,0,Low Risk
157,60,0,0,1,0,2,Low Risk
299,240,0,108,0,0,3,Moderate Risk
115,60,3,5,0,0,4,Moderate Risk
123,120,29,50,1,0,4,Moderate Risk
0,180,0,50,1,3,2,Low Risk
135,120,0,39,0,0,2,Low Risk
123,180,126,4,0,1,2,Low Risk
5,120,0,80,2,0,0,Low Risk
178,240,0,21,1,3,2,Low Risk
153,60,8,141,4,1,7,High Risk
115,60,0,42,0,1,2,Low Risk
120,240,0,26,2,5,2,Low Risk
241,120,55,131,2,3,7,High Risk
285,120,0,0,5,0,4,Moderate Risk
99,180,0,46,0,3,2,Low Risk
185,120,5,86,0,0,4,Moderate Risk
0,180,0,148,0,1,1,Low Risk
198,60,43,0,0,0,4,Moderate Risk
221,60,0,6,0,0,2,Low Risk
157,240,0,88,0,0,0,Low Risk
0,60,0,4,0,5,2,Low Risk
20,120,0,55,0,2,0,Low Risk
93,240,6,108,0,0,3,Moderate Risk
309,180,0,0,1,2,2,Low Risk
163,180,0,114,0,0,1,Low Risk
339,120,0,63,2,1,2,Low Risk
226,180,0,12,0,1,2,Low Risk
58,240,15,89,0,0,2,Low Risk
56,240,0,131,2,0,1,Low Risk
18,180,79,77,0,0,2,Low Risk
102,60,0,104,0,0,3,Low Risk
81,240,0,47,1,0,0,Low Risk
16,180,0,114,0,0,1,Low Risk
171,240,0,0,0,6,2,Low Risk
300,180,31,6,0,0,4,Moderate Risk
123,60,0,45,0,0,2,Low Risk
106,60,0,0,0,4,4,Moderate Risk
146,60,22,105,0,0,5,Moderate Risk
334,240,16,44,3,0,6,High Risk
230,120,83,47,0,0,4,Moderate Risk
154,180,0,146,0,3,3,Moderate Risk
70,240,35,61,0,0,2,Low Risk
141,120,0,0,0,2,2,Low Risk
21,120,1,99,0,0,3,Moderate Risk
162,240,46,89,2,1,2,Low Risk
135,240,0,24,0,0,0,Low Risk
82,60,91,53,1,0,4,Moderate Risk
188,120,0,120,0,3,5,Moderate Risk
76,180,12,11,0,0,2,Low Risk
464,60,0,23,0,3,4,Moderate Risk
52,120,0,13,1,0,0,Low Risk
282,120,11,66,2,0,4,Moderate Risk
0,240,0,73,3,0,2,Low Risk
2,60,0,10,0,0,0,Low Risk
84,240,0,100,0,0,1,Low Risk
194,240,1,0,0,0,2,Low Risk
140,180,0,87,1,2,0,Low Risk
270,180,13,71,0,0,4,Moderate Risk
156,240,0,45,0,0,0,Low Risk
218,60,0,7,0,1,2,Low Risk
29,60,0,24,0,0,0,Low Risk
174,180,53,36,6,2,4,Moderate Risk
145,180,0,54,0,4,2,Low Risk
168,180,0,68,0,0,0,Low Risk
174,180,0,59,8,0,2,Low Risk
192,120,7,67,0,0,4,Moderate Risk
94,180,0,50,2,0,0,Low Risk
158,120,0,24,2,0,2,Low Risk
124,240,0,14,0,4,2,Low Risk
139,60,0,35,0,0,2,Low Risk
189,120,0,76,0,0,2,Low Risk
203,240,8,3,0,2,2,Low Risk
84,60,0,46,0,0,2,Low Risk
243,120,19,6,1,1,4,High Risk
0,120,0,0,2,0,0,Low Risk
168,240,0,28,2,0,0,Low Risk
148,180,6,32,1,1,2,Low Risk
284,60,0,43,0,0,2,Low Risk
272,240,46,60,0,1,4,Moderate Risk
95,60,24,27,0,1,4,Moderate Risk
41,120,0,0,0,9,2,Low Risk
221,120,0,68,0,0,2,Low Risk
42,60,1,27,0,0,2,Low Risk
75,60,0,36,0,2,2,Low Risk
40,60,0,30,0,0,0,Low Risk
235,240,40,39,0,0,2,Low Risk
129,240,30,27,4,0,4,Moderate Risk
49,180,0,7,0,0,0,Low Risk
0,180,0,11,0,2,0,Low Risk
215,60,0,0,6,0,4,Moderate Risk
223,240,0,11,2,1,0,Low Risk
137,120,0,30,0,0,2,Moderate Risk
131,120,0,25,0,1,2,Low Risk
343,120,0,103,0,3,5,Moderate Risk
194,240,0,36,0,0,0,Low Risk
168,180,0,21,0,1,0,Low Risk
56,240,0,30,1,7,2,Low Risk
81,240,0,71,0,4,2,Low Risk
86,120,0,20,2,0,0,Low Risk
254,240,0,77,0,0,2,Low Risk
219,180,0,108,0,3,5,Moderate Risk
260,60,0,0,4,0,4,Moderate Risk
136,180,0,98,1,5,3,Moderate Risk
79,120,22,82,1,0,2,Low Risk
215,180,0,0,0,0,2,Low Risk
228,120,0,90,2,0,2,Low Risk
30,180,18,74,1,0,2,Moderate Risk
20,60,0,205,0,0,1,Low Risk
8,120,0,65,0,0,0,Low Risk
56,120,0,33,0,4,2,Low Risk
60,240,63,0,2,0,2,Low Risk
176,180,13,71,0,5,4,Moderate Risk
124,60,0,0,3,0,4,Moderate Risk
150,60,0,73,0,3,4,Moderate Risk
337,60,0,160,1,0,3,Moderate Risk
188,120,0,78,0,0,2,Low Risk
168,120,0,141,3,0,5,Moderate Risk
161,180,45,82,0,0,2,Low Risk
73,180,0,95,0,0,1,Low Risk
34,60,25,147,0,4,5,Moderate Risk
77,180,0,60,2,2,0,Low Risk
122,180,0,47,1,1,0,Low Risk
190,60,27,31,0,1,4,Moderate Risk
0,60,0,72,0,0,0,Low Risk
194,120,0,49,0,0,2,Low Risk
156,120,1,49,0,0,4,Moderate Risk
0,240,50,27,1,0,2,Low Risk
50,180,0,0,1,0,0,Low Risk
336,60,0,95,1,1,3,Moderate Risk
164,120,0,64,0,7,4,Moderate Risk
223,180,0,63,0,0,2,Low Risk
66,120,0,34,4,0,2,Low Risk
303,180,85,63,0,3,6,High Risk
48,60,0,23,2,1,0,Low Risk
12,60,67,34,0,2,2,Low Risk
162,60,0,98,0,0,3,Moderate Risk
183,180,0,0,0,0,2,Low Risk
58,60,0,0,8,0,2,Low Risk
68,180,16,37,3,0,4,Moderate Risk
161,120,0,115,2,0,3,High Risk
228,180,0,84,1,0,2,Low Risk
39,120,79,65,0,0,2,Low Risk
142,180,0,80,0,0,0,Low Risk
197,60,0,78,0,7,4,Moderate Risk
342,180,0,46,1,2,2,Low Risk
157,60,0,70,0,0,2,Low Risk
285,120,0,47,0,0,2,Low Risk
107,180,93,25,2,0,2,Low Risk
240,180,0,27,3,0,4,Moderate Risk
0,120,0,0,0,5,2,Low Risk
84,240,0,4,0,0,0,Low Risk
160,180,0,70,0,0,0,Low Risk
79,60,0,73,0,0,2,Low Risk
216,120,0,28,0,0,2,Low Risk
133,180,0,53,0,0,0,Low Risk
162,120,10,35,0,0,4,Moderate Risk
161,60,2,33,0,0,4,Moderate Risk
45,120,0,188,0,0,1,Low Risk
21,60,88,113,0,0,3,Moderate Risk
81,120,0,32,0,1,0,Low Risk
18,240,0,1,0,1,0,Low Risk
194,240,0,0,5,0,2,Low Risk
262,240,0,94,1,2,3,Moderate Risk
221,180,0,123,2,0,3,Moderate Risk
230,60,0,102,0,1,3,Moderate Risk
136,240,0,0,2,0,0,Low Risk
107,240,11,40,0,0,2,Low Risk
137,120,0,9,0,0,2,Low Risk
171,180,42,33,2,0,2,Low Risk
153,60,0,86,1,0,2,Low Risk
136,240,0,62,0,0,0,Low Risk
86,240,18,31,0,0,2,Low Risk
0,240,0,23,0,0,0,Low Risk
47,240,0,14,0,0,0,Low Risk
237,240,0,85,2,0,0,Low Risk
169,240,0,71,1,5,2,Low Risk
47,180,0,25,0,0,0,Low Risk
240,120,0,52,0,1,2,Low Risk
71,180,27,46,0,1,2,Low Risk
143,60,0,7,2,0,2,Low Risk
138,120,0,28,0,1,2,Low Risk
210,60,0,42,2,0,2,Low Risk
121,240,0,79,1,0,0,Low Risk
270,240,47,96,0,0,5,Moderate Risk
172,180,0,4,0,8,2,Low Risk
138,240,0,54,0,0,0,Low Risk
0,120,0,114,0,0,1,Low Risk
91,60,0,55,0,4,4,Moderate Risk
86,60,0,31,1,0,2,Low Risk
258,120,0,54,0,3,4,Moderate Risk
142,60,0,63,0,0,2,Low Risk
119,240,0,0,1,0,0,Low Risk
237,60,20,89,1,4,6,High Risk
82,240,0,57,0,0,0,Low Risk
94,180,0,31,0,0,0,Low Risk
82,180,0,44,0,0,0,Low Risk
253,240,2,42,0,3,6,High Risk
265,180,0,67,0,1,2,Low Risk
0,240,0,23,2,0,0,Low Risk
281,120,8,166,0,0,5,Moderate Risk
309,180,0,28,1,1,2,Low Risk
220,120,2,71,3,0,6,High Risk
100,180,0,39,0,0,0,Low Risk
0,180,0,26,0,0,0,Low Risk
42,240,0,24,0,0,0,Low Risk
281,60,0,0,0,0,2,Low Risk
103,120,0,74,1,2,0,Low Risk
193,60,0,67,2,3,4,Moderate Risk
166,60,0,147,0,0,3,Moderate Risk
0,60,1,55,0,2,2,Low Risk
114,60,0,32,3,0,4,Moderate Risk
65,180,0,57,0,0,0,Low Risk
78,60,0,0,3,0,4,Moderate Risk
258,60,1,0,0,0,4,Moderate Risk
53,180,0,21,0,0,0,Low Risk
223,60,0,46,0,1,2,Moderate Risk
188,240,45,41,0,4,4,Moderate Risk
340,60,0,33,0,0,2,Low Risk
228,120,12,31,0,3,6,High Risk
75,120,63,7,0,4,4,Moderate Risk
231,120,0,83,2,1,2,Low Risk
125,60,0,12,0,0,2,Low Risk
66,60,0,66,1,6,4,Moderate Risk
207,180,0,125,0,0,3,Moderate Risk
136,240,0,0,0,0,0,Low Risk
351,60,0,26,0,0,2,Low Risk
100,240,12,28,0,0,2,Low Risk
211,120,0,62,0,0,2,Low Risk
61,240,0,63,1,5,2,Low Risk
222,120,0,129,0,0,3,Moderate Risk
188,240,0,66,1,0,0,Low Risk
13,180,0,64,0,2,0,Low Risk
3,60,0,0,0,0,0,Low Risk
42,240,0,28,1,3,2,Low Risk
106,180,0,21,0,2,0,Low Risk
47,60,0,150,0,0,1,Moderate Risk
62,120,0,24,0,0,0,Low Risk
3,180,57,66,0,0,2,Low Risk
197,180,0,54,0,1,2,Low Risk
209,180,0,100,1,2,3,Moderate Risk
148,180,0,71,0,1,0,Moderate Risk
61,180,0,117,1,0,1,Low Risk
74,240,0,18,0,0,0,Low Risk
241,240,13,86,0,2,4,Moderate Risk
182,180,0,78,0,3,4,Moderate Risk
323,240,0,26,0,0,2,Low Risk
70,60,0,68,0,0,2,Low Risk
0,60,0,0,0,2,0,Low Risk
0,180,0,129,2,0,1,Low Risk
305,240,0,19,0,1,2,Low Risk
83,240,67,0,0,0,2,Low Risk
150,60,0,10,0,0,2,Low Risk
115,180,0,20,0,0,0,Low Risk
161,60,0,27,0,0,2,Low Risk
311,60,8,85,3,0,6,High Risk
143,240,0,55,0,0,0,Low Risk
360,180,0,15,0,6,4,Moderate Risk
135,120,0,105,0,0,3,Moderate Risk
153,240,0,0,2,0,0,Low Risk
225,240,0,27,0,2,0,Low Risk
217,240,0,84,0,0,0,Low Risk
2,120,0,20,0,3,2,Low Risk
354,120,0,23,0,0,2,Low Risk
149,240,0,92,0,0,1,Low Risk
220,240,18,183,0,0,3,Moderate Risk
0,60,58,64,0,2,2,Low Risk
103,240,10,47,0,1,2,Low Risk
196,180,0,60,0,0,2,Low Risk
152,240,0,0,0,0,0,Low Risk
9,180,11,6,0,0,2,Low Risk
72,120,0,27,3,3,4,Moderate Risk
134,180,12,33,2,0,2,Low Risk
0,240,0,50,0,0,0,Low Risk
226,240,26,9,0,7,4,Moderate Risk
165,180,0,59,1,0,0,Low Risk
253,60,0,0,1,0,2,Low Risk
263,60,0,27,0,0,2,Low Risk
35,60,0,54,5,0,2,Low Risk
272,240,0,127,0,0,3,Moderate Risk
114,120,0,38,0,0,0,Low Risk
90,60,4,136,2,0,5,Moderate Risk
268,60,0,0,0,0,2,Low Risk
200,180,0,7,0,0,2,Low Risk
80,180,0,8,0,0,0,Low Risk
131,120,0,0,1,0,2,Low Risk
395,240,0,14,1,1,2,Low Risk
0,240,12,4,3,0,4,Moderate Risk
67,120,0,0,0,0,0,Low Risk
138,180,0,93,0,0,1,Low Risk
104,240,0,132,0,0,1,Low Risk
137,240,0,94,0,2,1,Low Risk
169,240,0,18,0,0,0,Low Risk
125,120,44,83,0,0,4,Moderate Risk
101,240,0,115,1,0,1,Low Risk
191,180,0,52,0,0,2,Low Risk
39,120,0,15,0,0,0,Low Risk
129,180,0,22,0,0,0,Low Risk
239,180,0,18,0,0,2,Low Risk
144,180,4,98,0,0,3,Moderate Risk
252,60,20,48,0,0,4,Moderate Risk
145,60,0,0,0,0,2,Low Risk
42,60,0,0,2,0,0,Low Risk
178,120,0,85,0,0,2,Low Risk
213,240,0,16,0,1,0,Low Risk
198,120,0,44,3,0,4,Moderate Risk
27,120,5,34,0,1,2,Low Risk
193,60,0,29,0,0,2,Low Risk
216,120,0,110,5,5,7,High Risk
184,120,0,6,0,0,2,Low Risk
183,120,0,2,5,0,4,Moderate Risk
93,180,0,43,0,0,0,Low Risk
192,60,56,0,0,0,4,Moderate Risk
265,180,0,24,0,8,4,Moderate Risk
11,180,65,42,1,2,2,Low Risk
162,180,0,22,0,0,0,Low Risk
179,120,0,94,1,0,3,Moderate Risk
172,180,22,41,1,0,2,Low Risk
159,120,0,139,0,0,3,Moderate Risk
146,240,32,20,0,3,4,Moderate Risk
84,60,0,39,1,0,2,Low Risk
0,60,0,34,1,0,0,Low Risk
70,240,0,0,0,2,0,Low Risk
133,60,0,55,0,3,4,Moderate Risk
15,120,13,3,0,0,2,Low Risk
99,240,0,13,0,0,0,Low Risk
172,180,0,60,0,0,0,Low Risk
102,180,0,35,2,9,2,Low Risk
323,60,0,19,0,0,2,Low Risk
344,120,0,157,0,1,3,Moderate Risk
19,180,0,48,2,0,0,Low Risk
23,120,0,57,0,0,0,Low Risk
185,120,0,75,6,0,4,Moderate Risk
120,240,0,21,1,0,0,Low Risk
160,60,18,80,0,0,4,Moderate Risk
296,120,0,22,5,5,6,High Risk
191,120,5,35,0,0,4,Moderate Risk
237,240,0,0,0,5,2,Low Risk
220,180,0,49,2,0,2,Low Risk
140,240,0,42,0,0,0,Low Risk
196,240,0,75,0,3,2,Low Risk
126,180,0,15,0,3,2,Low Risk
280,240,0,14,0,0,2,Low Risk
181,240,0,76,3,0,2,Low Risk
275,60,0,80,0,0,2,Low Risk
48,60,0,90,0,0,0,Low Risk
138,240,0,137,0,0,1,Low Risk
134,180,0,26,3,3,4,Moderate Risk
64,120,51,10,0,0,2,Low Risk
124,60,0,0,3,3,6,High Risk
40,180,0,2,0,0,0,Low Risk
20,240,0,42,2,0,0,Low Risk
0,180,0,5,1,0,0,Low Risk
126,240,0,59,1,0,0,Low Risk
222,180,0,70,0,1,2,Low Risk
133,60,0,90,2,1,2,Low Risk
0,60,0,2,0,1,0,Low Risk
161,240,0,114,0,0,1,Low Risk
0,180,0,0,0,3,2,Low Risk
321,120,0,26,0,0,2,Low Risk
128,60,0,0,0,0,2,Low Risk
52,240,0,60,0,13,2,Moderate Risk
54,60,0,129,0,0,1,Low Risk
302,180,0,21,0,0,2,Low Risk
104,120,0,14,3,0,2,Low Risk
323,180,49,0,0,1,4,Moderate Risk
141,120,0,13,1,0,2,Low Risk
128,60,0,53,0,0,2,Low Risk
209,240,15,64,0,0,2,Low Risk
178,240,0,103,4,2,3,Moderate Risk
163,60,115,36,4,0,6,High Risk
148,120,33,50,0,0,4,Moderate Risk
213,120,0,20,3,1,4,Moderate Risk
0,60,0,29,2,0,0,Low Risk
226,120,0,112,0,0,3,Moderate Risk
36,60,0,132,0,0,1,Low Risk
9,60,0,100,0,0,1,Low Risk
175,60,0,27,0,0,2,Low Risk
139,120,0,58,0,0,2,Low Risk
196,240,0,42,0,0,0,Low Risk
121,60,0,38,0,0,2,Low Risk
141,180,12,0,0,4,4,Moderate Risk
0,120,8,37,1,3,4,Moderate Risk
244,60,0,98,0,0,3,Moderate Risk
359,120,0,55,1,3,4,Moderate Risk
64,240,0,21,0,0,0,Low Risk
0,240,0,8,0,0,0,Low Risk
202,60,0,0,0,3,4,Moderate Risk
244,240,26,68,0,0,4,Moderate Risk
292,180,0,111,0,0,3,Moderate Risk
186,240,22,158,2,2,3,Moderate Risk
173,120,0,46,0,0,2,Low Risk
3,60,0,70,0,0,0,Low Risk
120,60,0,147,1,0,3,Moderate Risk
218,240,0,51,5,3,4,Moderate Risk
105,60,0,25,1,2,2,Low Risk
155,240,0,22,0,3,2,Low Risk
121,240,0,87,0,0,0,Low Risk
0,240,0,49,1,0,0,Low Risk
356,240,0,127,0,0,3,Moderate Risk
97,120,0,74,0,0,0,Low Risk
249,240,0,14,0,0,2,Low Risk
211,120,0,0,0,0,2,Low Risk
48,240,0,27,0,0,0,Low Risk
243,240,8,20,0,2,4,Moderate Risk
131,240,0,87,0,0,0,Low Risk
403,120,13,41,0,0,4,Moderate Risk
313,60,0,103,0,5,5,Moderate Risk
166,180,64,59,0,0,2,Low Risk
117,240,0,58,4,1,2,Low Risk
219,240,0,77,0,0,0,Low Risk
188,120,74,31,0,0,4,Moderate Risk
270,180,78,20,0,0,4,Moderate Risk
178,60,12,31,8,0,6,High Risk
103,180,0,99,0,0,1,Low Risk
245,240,0,38,0,0,2,Moderate Risk
219,120,0,48,0,4,4,Moderate Risk
101,240,71,13,2,1,2,Low Risk
295,240,0,51,0,0,2,Low Risk
135,240,0,22,1,2,0,Low Risk
287,180,4,0,1,2,4,Moderate Risk
159,60,57,36,0,3,6,High Risk
89,240,0,16,1,0,0,Low Risk
356,120,54,86,1,2,4,Moderate Risk
119,120,0,0,0,0,0,Low Risk
154,240,7,43,0,0,2,Low Risk
79,120,0,40,0,2,0,Low Risk
78,120,0,65,0,0,0,Low Risk
4,120,2,8,0,4,4,Moderate Risk
284,60,0,26,0,0,2,Low Risk
72,60,0,35,0,0,2,Low Risk
63,240,0,62,1,0,0,Low Risk
149,240,0,94,0,0,1,Low Risk
1,180,15,87,0,0,2,Low Risk
153,120,0,46,2,4,4,Moderate Risk
166,180,0,80,0,8,2,Low Risk
230,60,0,52,5,0,4,Moderate Risk
286,60,0,26,0,0,2,Low Risk
97,180,0,78,1,7,2,Low Risk
104,180,0,72,0,0,0,Low Risk
84,120,0,48,0,0,0,Low Risk
22,120,0,33,3,0,2,Low Risk
153,240,0,108,1,4,3,Moderate Risk
7,180,0,64,0,0,0,Low Risk
177,120,0,78,0,4,4,Moderate Risk
119,60,0,107,0,2,3,Moderate Risk
227,60,0,152,0,0,3,Moderate Risk
57,120,20,51,0,0,2,Low Risk
121,240,0,153,0,4,3,Moderate Risk
178,60,0,18,0,1,2,Low Risk
70,60,0,141,1,2,3,Moderate Risk
229,120,0,111,0,2,3,Moderate Risk
181,120,0,60,0,0,2,Low Risk
186,60,0,29,1,1,2,Low Risk
138,120,0,13,3,0,4,Moderate Risk
300,240,0,85,0,3,4,Moderate Risk
183,180,0,56,2,0,2,Low Risk
61,180,0,52,0,1,0,Low Risk
206,180,0,0,0,1,2,Low Risk
237,60,0,56,0,0,2,Low Risk
102,180,0,86,0,2,0,Low Risk
196,120,0,55,0,10,4,Moderate Risk
97,120,0,0,0,0,0,Low Risk
166,60,0,69,0,0,2,Low Risk
38,240,0,55,0,0,0,Low Risk
139,180,18,99,0,6,5,Moderate Risk
174,120,35,99,0,1,5,Moderate Risk
97,240,0,0,0,0,0,Low Risk
88,120,17,33,0,1,2,Low Risk
169,60,0,79,1,0,2,Low Risk
39,120,0,37,0,0,0,Low Risk
152,240,0,27,1,0,0,Low Risk
0,180,0,156,0,1,1,Low Risk
319,240,39,33,0,0,4,Moderate Risk
0,60,0,0,0,0,0,Low Risk
220,120,0,19,1,0,2,Low Risk
325,120,0,31,0,0,2,Low Risk
20,60,0,34,0,0,0,Low Risk
61,180,0,42,0,0,0,Low Risk
2,120,0,12,2,3,2,Low Risk
356,60,0,0,0,0,2,Low Risk
127,240,0,62,1,1,0,Low Risk
250,60,101,55,2,2,4,Moderate Risk
61,240,0,4,0,0,0,Low Risk
213,240,0,99,0,0,1,Low Risk
21,60,0,104,1,4,3,Moderate Risk
0,60,0,56,1,0,0,Low Risk
116,120,0,29,0,2,0,Low Risk
0,120,0,52,0,2,0,Low Risk
200,240,0,86,0,0,0,Low Risk
87,240,0,100,0,0,1,Low Risk
156,120,0,70,0,0,2,Low Risk
51,60,5,34,0,0,2,Low Risk
0,60,0,66,0,2,0,Low Risk
92,60,10,71,0,0,4,Moderate Risk
120,60,3,48,0,0,4,Moderate Risk
211,120,0,47,0,0,2,Low Risk
168,180,54,79,4,6,6,High Risk
246,120,22,24,0,0,4,Moderate Risk
156,120,0,52,0,0,2,Low Risk
106,120,0,41,1,2,0,Low Risk
0,240,38,71,0,0,2,Low Risk
108,240,0,40,3,0,2,Low Risk
91,60,0,52,1,0,2,Low Risk
109,180,0,80,0,0,0,Low Risk
107,120,0,42,0,0,0,Low Risk
336,180,0,11,0,1,2,Low Risk
182,180,0,69,0,0,2,Low Risk
199,120,40,0,0,2,4,Moderate Risk
117,60,0,0,0,0,2,Low Risk
79,240,0,64,0,1,0,Low Risk
329,60,0,154,0,0,3,Moderate Risk
366,180,0,15,0,0,2,Low Risk
187,240,0,56,0,5,2,Low Risk
193,180,3,78,0,1,4,Moderate Risk
134,180,0,65,0,0,0,Low Risk
223,120,0,76,0,0,2,Low Risk
191,60,0,35,1,5,4,Moderate Risk
0,240,0,0,2,0,0,Low Risk
81,240,0,48,0,5,2,Low Risk
318,240,39,48,0,1,4,Moderate Risk
221,240,0,0,0,0,0,Low Risk
173,240,0,69,1,0,0,Low Risk
99,60,0,118,0,0,3,High Risk
129,240,0,62,0,0,0,Low Risk
190,120,30,0,1,1,4,Moderate Risk
136,120,41,53,0,5,6,High Risk
162,120,0,23,1,0,2,Low Risk
262,120,0,3,5,0,4,Moderate Risk
169,60,0,48,0,0,2,Low Risk
29,120,0,108,0,2,1,Low Risk
160,120,22,54,0,0,4,Moderate Risk
88,240,4,40,1,2,2,Low Risk
292,240,0,29,0,0,2,Low Risk
0,240,0,4,0,0,0,Low Risk
134,180,0,96,1,0,1,Low Risk
293,120,0,27,0,0,2,Low Risk
106,180,0,87,1,0,0,Low Risk
317,120,0,30,0,0,2,Low Risk
166,60,0,101,1,0,3,Moderate Risk
37,60,0,67,4,11,4,Moderate Risk
66,180,24,17,0,0,2,Low Risk
79,180,0,135,0,0,1,Low Risk
86,60,0,1,0,4,4,Moderate Risk
133,240,50,0,0,1,2,Low Risk
212,60,0,33,0,2,2,Low Risk
187,120,0,40,0,2,2,Low Risk
262,240,0,74,0,0,2,Low Risk
38,180,0,19,0,1,0,Low Risk
210,180,0,0,0,7,4,Moderate Risk
276,240,0,54,0,0,2,Low Risk
205,120,0,21,0,0,2,Low Risk
71,240,6,55,0,1,2,Low Risk
61,240,0,60,0,0,0,Low Risk
234,240,0,11,0,0,0,Low Risk
80,120,0,80,1,0,0,Low Risk
106,240,0,40,0,0,0,Low Risk
341,60,0,114,0,0,3,Moderate Risk
193,60,196,120,0,0,5,Moderate Risk
150,240,31,7,1,0,2,Low Risk
68,60,0,44,0,2,2,Low Risk
230,180,0,30,7,1,4,Moderate Risk
52,120,0,51,10,3,4,Moderate Risk
157,180,0,0,2,0,0,Low Risk
73,180,0,163,1,1,1,Low Risk
9,180,0,80,0,0,0,Low Risk
145,180,0,0,0,0,0,Low Risk
249,120,0,29,4,3,6,High Risk
131,120,0,4,0,0,2,Low Risk
286,60,0,76,2,0,2,Low Risk
0,180,0,25,0,0,0,Low Risk
0,60,0,55,0,1,0,Low Risk
0,60,0,51,0,1,0,Low Risk
130,240,0,113,0,0,1,Low Risk
121,60,0,38,0,0,2,Low Risk
0,180,0,164,0,0,1,Low Risk
30,60,0,2,0,0,0,Low Risk
90,240,0,19,0,3,2,Low Risk
260,60,93,37,1,0,4,Moderate Risk
89,180,93,24,7,0,4,Moderate Risk
266,60,0,94,1,0,3,Moderate Risk
219,240,0,0,0,1,0,Low Risk
166,180,0,81,0,0,0,Low Risk
76,180,59,1,0,5,4,Moderate Risk
125,240,25,49,0,0,2,Low Risk
86,60,0,37,0,0,2,Low Risk
0,180,0,43,1,0,0,Low Risk
177,180,0,88,3,0,2,Low Risk
0,60,0,0,0,4,2,Low Risk
171,180,0,110,5,0,3,Moderate Risk
302,180,0,0,0,0,2,Low Risk
119,240,139,67,0,0,2,Low Risk
120,60,0,51,0,1,2,Low Risk
232,120,0,49,0,3,4,Moderate Risk
271,180,18,11,0,0,4,Moderate Risk
146,180,104,51,1,0,2,Low Risk
138,60,0,86,1,0,2,Low Risk
137,60,43,35,0,0,4,Moderate Risk
271,240,0,41,0,2,2,Low Risk
74,120,0,17,6,0,2,Low Risk
151,180,19,108,0,0,3,Moderate Risk
146,120,0,0,0,0,2,Low Risk
159,60,2,66,0,1,4,Low Risk
158,60,8,108,0,2,5,Moderate Risk
0,180,0,54,0,0,0,Low Risk
285,120,0,75,0,4,4,Moderate Risk
116,240,0,44,1,0,0,Low Risk
196,60,0,10,0,2,2,Low Risk
267,120,0,22,0,0,2,Low Risk
170,120,44,0,0,0,4,Moderate Risk
128,60,110,98,5,0,7,High Risk
283,120,0,42,0,0,2,Low Risk
148,180,7,63,3,0,4,Moderate Risk
203,180,22,148,0,0,5,Moderate Risk
43,180,0,41,4,5,4,Moderate Risk
0,240,160,27,0,1,2,Low Risk
140,60,0,118,0,0,3,Moderate Risk
110,60,57,61,0,0,4,Moderate Risk
70,60,49,44,0,0,4,Moderate Risk
184,240,0,29,0,3,2,Low Risk
93,240,0,32,0,0,0,Low Risk
153,120,61,50,1,0,4,Moderate Risk
312,60,34,92,2,1,5,Moderate Risk
105,240,6,54,0,1,2,Low Risk
206,240,0,55,0,0,0,Low Risk
194,180,0,26,0,0,2,Low Risk
135,240,46,66,1,0,2,Low Risk
184,60,0,27,2,0,2,Low Risk
35,240,0,71,1,0,0,Low Risk
249,120,0,17,2,2,2,Low Risk
0,180,23,20,3,0,4,Moderate Risk
122,120,0,30,0,1,2,Low Risk
317,180,0,51,0,0,2,Low Risk
75,60,0,92,1,0,3,Moderate Risk
282,180,0,141,0,6,5,Moderate Risk
225,180,0,95,0,0,3,Moderate Risk
243,60,60,174,0,2,5,Low Risk
40,60,0,0,2,1,0,Low Risk
155,60,0,59,0,0,2,Low Risk
171,120,43,6,1,0,4,Moderate Risk
20,240,34,0,0,0,2,Low Risk
317,60,0,63,2,0,2,Low Risk
138,60,0,96,0,0,3,Moderate Risk
53,120,0,36,1,1,0,Low Risk
131,180,0,0,0,1,0,Low Risk
41,120,0,81,0,0,0,Low Risk
186,60,0,13,0,0,2,Low Risk
218,60,0,96,0,1,3,Moderate Risk
94,60,0,5,0,0,2,Low Risk
172,60,0,0,0,9,4,Moderate Risk
0,120,40,114,0,6,5,Moderate Risk
118,180,26,76,0,0,2,Low Risk
262,60,0,66,0,0,2,Low Risk
152,120,0,55,2,0,2,Moderate Risk
108,60,0,0,0,0,2,Low Risk
360,240,0,90,0,0,2,Low Risk
296,120,3,0,1,0,4,Moderate Risk
115,120,0,10,0,0,0,Low Risk
329,240,0,3,0,5,4,Moderate Risk
222,60,0,0,1,2,2,Low Risk
6,60,0,9,0,0,0,Low Risk
248,120,0,57,5,0,4,Moderate Risk
234,180,0,114,0,7,5,Moderate Risk
165,60,0,87,0,0,2,Low Risk
243,60,0,50,4,1,4,Moderate Risk
245,180,0,60,1,2,2,Low Risk
390,240,0,0,0,0,2,Low Risk
167,180,0,56,0,0,0,Low Risk
138,120,0,45,0,0,2,Low Risk
348,120,0,165,0,0,3,Moderate Risk
0,60,0,107,0,0,1,Low Risk
276,180,0,69,0,0,2,Low Risk
294,240,0,3,0,0,2,Low Risk
0,240,25,77,0,0,2,Low Risk
288,60,0,50,0,0,2,Low Risk
0,120,63,48,0,0,2,Low Risk
83,60,0,6,0,4,4,Moderate Risk
0,60,0,51,0,3,2,Low Risk
211,180,0,74,0,4,4,Moderate Risk
77,60,0,110,2,0,3,Moderate Risk
8,120,0,110,0,0,1,Low Risk
112,60,0,49,3,0,4,Moderate Risk
275,180,0,97,1,0,3,Moderate Risk
129,180,0,29,0,4,2,Moderate Risk
362,240,0,212,0,0,3,Moderate Risk
59,60,0,0,0,1,0,Low Risk
273,180,46,99,0,2,5,Moderate Risk
184,240,0,71,4,0,2,Low Risk
179,240,43,21,0,0,2,Low Risk
167,180,56,38,0,0,2,Low Risk
33,120,0,51,5,0,2,Low Risk
134,120,21,55,0,0,4,Moderate Risk
178,240,27,44,0,1,2,Low Risk
156,60,0,47,0,2,2,Low Risk
252,180,0,53,0,2,2,Low Risk
251,120,0,31,0,0,2,Low Risk
199,180,0,76,0,0,2,Low Risk
185,120,0,37,0,4,4,Moderate Risk
32,240,0,80,2,0,0,Low Risk
138,180,0,0,1,0,0,Low Risk
288,120,40,0,1,0,4,Moderate Risk
0,60,0,42,0,0,0,Low Risk
118,240,0,6,0,0,0,Low Risk
145,60,0,133,0,1,3,Moderate Risk
96,180,14,122,0,1,3,Moderate Risk
133,120,29,23,0,2,4,Moderate Risk
239,180,0,8,0,0,2,Low Risk
62,60,0,65,3,0,4,Moderate Risk
0,180,0,35,0,0,0,Low Risk
200,60,0,31,0,0,2,Low Risk
257,240,90,44,0,0,4,Moderate Risk
274,120,33,30,2,0,4,Moderate Risk
321,240,0,68,0,0,2,Low Risk
263,120,0,3,0,0,2,Low Risk
95,60,0,59,1,5,4,Moderate Risk
279,240,0,1,1,2,2,Low Risk
46,180,0,37,0,0,0,Low Risk
213,180,9,90,0,0,4,Moderate Risk
104,120,0,70,0,1,0,Low Risk
388,180,50,26,0,0,4,Moderate Risk
0,120,0,0,0,0,0,Low Risk
43,120,0,55,0,3,2,Low Risk
132,240,0,34,0,0,0,Low Risk
143,120,12,0,0,4,6,High Risk
6,240,7,55,0,1,2,Low Risk
71,60,0,10,2,0,2,Low Risk
175,240,0,64,0,0,0,Low Risk
49,180,0,81,3,4,4,Moderate Risk
311,240,0,56,0,3,4,Moderate Risk
133,240,15,43,0,0,2,Low Risk
269,180,0,91,0,0,3,Moderate Risk
60,240,0,4,2,1,0,Low Risk
183,180,0,15,0,3,4,Moderate Risk
262,120,0,172,2,0,3,Low Risk
323,60,0,56,0,7,4,Moderate Risk
211,60,1,0,1,0,4,Moderate Risk
116,120,0,13,0,0,0,Low Risk
308,240,0,110,0,0,3,Moderate Risk
114,180,15,24,0,2,2,Low Risk
0,60,27,29,0,1,2,Low Risk
254,120,0,5,3,0,4,Moderate Risk
145,240,0,60,1,0,0,Low Risk
118,60,15,21,6,0,6,High Risk
5,120,0,88,0,0,0,Low Risk
41,240,0,196,0,0,1,Low Risk
216,120,40,59,0,0,4,Moderate Risk
316,60,0,61,0,0,2,Low Risk
265,60,0,55,0,2,2,Low Risk
10,120,0,0,0,0,0,Low Risk
344,180,0,80,0,0,2,Low Risk
261,240,0,82,3,0,4,Moderate Risk
103,60,20,71,1,1,4,Moderate Risk
0,240,0,87,0,0,0,Low Risk
65,120,1,24,0,0,2,Low Risk
91,60,0,33,0,0,2,Low Risk
32,240,0,35,3,0,2,Low Risk
206,180,0,154,0,0,3,Moderate Risk
8,180,0,159,0,0,1,Low Risk
323,240,8,66,0,0,4,Low Risk
179,120,0,0,1,0,2,Low Risk
324,120,0,62,0,3,4,Moderate Risk
169,60,5,48,2,0,4,Moderate Risk
150,240,51,20,1,6,4,Moderate Risk
0,60,0,58,0,0,0,Low Risk
276,120,0,50,0,0,2,Low Risk
157,180,0,23,1,0,0,Low Risk
324,120,0,7,2,0,2,Low Risk
242,180,0,38,0,0,2,Low Risk
256,180,0,206,1,0,3,Moderate Risk
301,180,0,164,0,1,3,Moderate Risk
449,120,0,57,0,1,2,Low Risk
219,60,0,82,1,0,2,Low Risk
206,120,0,60,0,5,4,Moderate Risk
177,60,0,94,2,0,3,Moderate Risk
0,240,0,16,0,0,0,Low Risk
77,180,9,66,3,2,4,Moderate Risk
171,60,0,206,0,0,3,Moderate Risk
186,240,0,78,1,3,2,Low Risk
109,60,1,22,0,1,4,Moderate Risk
0,120,43,0,6,0,4,Moderate Risk
379,120,0,175,0,2,3,Moderate Risk
2,180,0,57,2,19,2,Low Risk
104,120,0,27,0,0,0,Low Risk
167,240,0,27,0,0,0,Low Risk
223,60,0,174,1,2,3,Moderate Risk
119,240,10,90,0,0,2,Low Risk
167,180,0,19,0,1,0,Low Risk
286,60,0,20,0,0,2,Low Risk
329,240,0,26,0,0,2,Low Risk
96,180,83,59,0,0,2,Low Risk
134,120,0,54,0,0,2,Low Risk
228,180,0,138,2,0,3,Moderate Risk
0,240,0,58,1,0,0,Low Risk
134,60,1,169,0,0,5,Moderate Risk
164,60,0,92,0,0,3,Moderate Risk
323,240,20,144,0,3,7,Moderate Risk
48,240,0,33,0,0,0,Low Risk
201,120,0,1,1,0,2,Low Risk
193,60,0,17,1,0,2,Low Risk
284,240,36,57,0,0,4,Moderate Risk
179,240,0,0,0,0,0,Low Risk
146,240,0,49,0,4,2,Low Risk
159,240,19,0,0,0,2,Low Risk
154,120,0,28,0,0,2,Low Risk
183,240,35,99,2,0,3,Moderate Risk
0,180,0,15,1,1,0,Low Risk
183,120,0,3,0,0,2,Low Risk
283,120,0,0,1,0,2,Low Risk
240,120,0,40,0,0,2,Low Risk
41,180,232,96,2,0,3,Moderate Risk
288,120,0,78,2,0,2,Low Risk
223,120,0,82,1,0,2,Low Risk
313,180,0,36,0,0,2,Low Risk
288,180,29,29,0,0,4,Moderate Risk
170,120,0,2,2,0,2,Moderate Risk
76,240,0,57,0,0,0,Low Risk
213,120,0,0,0,0,2,Low Risk
0,120,0,0,0,0,0,Low Risk
74,60,0,0,1,3,4,Moderate Risk
3,240,0,41,1,0,0,Low Risk
379,60,0,0,0,0,2,Low Risk
55,120,30,17,1,0,2,Low Risk
269,120,0,114,0,0,3,Moderate Risk
186,180,0,0,0,4,4,Moderate Risk
248,60,0,0,0,0,2,Low Risk
0,60,0,13,3,0,2,Low Risk
209,120,0,13,0,0,2,Low Risk
107,240,35,64,0,0,2,Moderate Risk
180,120,6,26,0,0,4,Moderate Risk
130,240,0,135,7,6,5,Moderate Risk
157,180,0,115,0,0,1,Moderate Risk
34,240,0,44,2,0,0,Low Risk
222,60,44,28,0,0,4,Moderate Risk
122,120,26,0,0,0,4,Moderate Risk
96,180,0,0,0,0,0,Low Risk
96,120,0,60,2,0,0,Low Risk
41,180,0,100,0,0,1,Low Risk
55,180,0,86,1,0,0,Low Risk
167,180,0,0,0,0,0,Low Risk
0,60,0,62,0,0,0,Low Risk
125,120,0,40,0,1,2,Low Risk
130,60,0,29,0,1,2,Low Risk
284,120,0,49,0,0,2,Low Risk
114,120,0,174,0,1,1,Low Risk
75,240,0,22,0,1,0,Low Risk
361,180,0,0,0,0,2,Low Risk
232,120,0,43,0,0,2,Low Risk
103,180,0,23,0,0,0,Low Risk
118,240,0,6,0,5,2,Low Risk
106,60,0,79,0,5,4,Moderate Risk
139,180,0,54,0,0,0,Low Risk
159,180,4,52,0,0,2,Low Risk
272,60,4,79,0,5,6,High Risk
30,120,30,35,1,0,2,Low Risk
163,120,0,35,0,6,4,Moderate Risk
138,240,0,22,1,1,0,Low Risk
280,180,0,107,0,0,3,Moderate Risk
147,120,12,71,0,1,4,Moderate Risk
50,60,0,40,0,1,0,Low Risk
113,240,40,45,0,0,2,Low Risk
344,60,0,73,0,0,2,Low Risk
155,120,0,39,0,0,2,Low Risk
165,180,0,129,0,0,1,Low Risk
0,120,0,33,0,0,0,Low Risk
22,240,0,112,0,0,1,Low Risk
86,60,0,65,0,2,2,Low Risk
317,120,74,99,0,0,5,Moderate Risk
88,120,67,60,0,0,2,Low Risk
170,60,0,7,2,1,2,Low Risk
110,240,0,85,0,3,2,Low Risk
0,120,0,48,0,0,0,Low Risk
199,180,0,186,0,0,3,Moderate Risk
76,60,65,141,0,0,5,Low Risk
70,60,0,50,1,4,4,Moderate Risk
303,240,0,0,0,0,2,Low Risk
145,60,25,100,0,0,5,Moderate Risk
87,120,0,114,0,0,1,Low Risk
254,60,0,86,1,0,2,Low Risk
99,240,0,166,1,0,1,Low Risk
338,120,0,17,1,0,2,Low Risk
145,180,0,36,0,0,0,Low Risk
67,180,0,28,2,0,0,Low Risk
218,120,10,12,0,0,4,Moderate Risk
216,120,0,36,3,0,4,High Risk
248,60,0,89,0,5,4,Moderate Risk
37,180,0,56,0,2,0,Low Risk
255,180,0,35,0,3,4,Moderate Risk
257,180,0,22,0,6,4,Moderate Risk
104,180,14,50,0,1,2,Low Risk
92,180,0,66,3,0,2,Low Risk
222,180,34,22,7,1,6,High Risk
34,60,0,49,0,4,2,Low Risk
136,240,0,29,2,0,0,Low Risk
136,180,1,148,0,0,3,Moderate Risk
230,60,68,58,0,5,6,High Risk
292,180,0,29,0,0,2,Moderate Risk
261,60,0,28,0,0,2,Low Risk
115,180,0,128,1,0,1,Low Risk
315,120,0,40,0,1,2,Low Risk
134,120,0,0,2,0,2,Low Risk
143,120,0,14,0,0,2,Low Risk
268,120,0,86,0,2,2,Low Risk
87,60,0,12,0,2,2,Low Risk
136,240,0,100,0,0,1,Low Risk
81,120,0,1,0,0,0,Low Risk
63,60,0,64,0,1,2,Low Risk
212,60,0,50,0,1,2,Low Risk
27,120,0,15,0,1,0,Low Risk
298,60,1,64,0,0,4,Moderate Risk
0,60,0,0,1,0,0,Low Risk
94,240,91,55,0,0,2,Low Risk
46,240,0,101,0,2,1,Low Risk
38,120,0,13,5,3,4,Moderate Risk
191,60,0,27,1,0,2,Low Risk
191,60,0,30,3,1,4,Moderate Risk
294,120,0,76,0,0,2,Low Risk
124,240,0,0,0,0,0,Low Risk
87,180,0,78,0,0,0,Low Risk
137,120,0,238,0,2,3,Moderate Risk
247,120,135,24,0,2,4,Moderate Risk
113,180,0,10,0,0,0,Low Risk
56,120,0,11,2,1,0,Low Risk
295,240,0,35,0,0,2,Low Risk
10,180,0,14,0,0,0,Low Risk
229,120,0,132,0,0,3,Moderate Risk
107,60,0,37,1,1,2,Low Risk
121,120,145,91,0,0,5,Moderate Risk
205,240,0,148,1,3,3,Moderate Risk
54,60,0,46,3,0,2,Low Risk
133,60,0,107,1,2,3,Moderate Risk
246,120,2,26,0,0,4,Moderate Risk
0,240,0,54,0,0,0,Low Risk
127,240,0,49,0,1,0,Low Risk
300,240,0,33,1,3,4,Moderate Risk
221,240,0,102,0,8,3,Moderate Risk
36,240,0,0,0,3,2,Low Risk
36,60,0,31,0,0,0,Low Risk
47,120,0,0,0,0,0,Low Risk
177,120,0,237,0,0,3,Moderate Risk
85,180,0,23,0,0,0,Low Risk
205,60,62,64,0,0,4,Moderate Risk
49,240,0,0,0,0,0,Low Risk
247,180,0,112,6,0,5,Moderate Risk
71,180,0,82,0,1,0,Low Risk
93,60,11,128,0,0,5,Moderate Risk
0,180,17,128,0,2,3,Moderate Risk
56,120,71,35,0,1,2,Low Risk
223,180,38,35,0,2,4,Moderate Risk
274,180,0,54,0,0,2,Low Risk
327,60,0,37,0,7,4,Moderate Risk
132,120,4,157,0,1,5,Moderate Risk
145,180,0,18,0,3,2,Low Risk
261,240,0,52,0,0,2,Moderate Risk
281,180,0,0,0,0,2,Low Risk
95,180,11,162,0,0,3,Moderate Risk
0,240,0,114,0,0,1,Low Risk
238,60,0,0,1,0,2,Low Risk
165,120,1,11,4,0,6,High Risk
398,60,0,129,0,3,5,Moderate Risk
221,240,0,89,0,0,0,Low Risk
217,180,0,64,0,0,2,Low Risk
219,120,0,83,0,2,2,Low Risk
104,60,0,106,0,1,3,Moderate Risk
43,240,0,58,1,0,0,Low Risk
59,120,0,66,0,0,0,Low Risk
244,60,3,63,0,0,4,Moderate Risk
79,120,0,0,0,0,0,Low Risk
170,180,0,0,1,0,0,Low Risk
187,120,0,162,1,0,3,Moderate Risk
234,120,0,12,5,0,4,Moderate Risk
19,180,37,61,0,0,2,Low Risk
106,60,0,48,0,4,4,High Risk
172,120,0,97,0,3,5,Moderate Risk
96,240,37,11,0,0,2,Low Risk
145,240,45,42,0,0,2,Low Risk
120,60,0,147,0,0,3,Moderate Risk
132,240,0,85,0,0,0,Low Risk
59,240,22,139,0,1,3,Moderate Risk
208,240,45,65,0,0,2,Low Risk
195,240,0,102,0,0,1,Low Risk
35,240,32,42,2,0,2,Moderate Risk
87,240,0,10,2,0,0,Low Risk
189,180,0,85,0,2,2,Low Risk
171,180,4,157,0,0,3,Moderate Risk
5,240,0,124,6,0,3,Moderate Risk
65,240,0,40,0,0,0,Low Risk
80,120,0,126,0,0,1,Low Risk
129,240,31,18,1,5,4,Moderate Risk
202,180,41,44,0,0,4,Moderate Risk
216,180,26,0,1,1,4,Moderate Risk
184,180,0,23,6,0,4,Moderate Risk
216,180,0,148,0,0,3,Moderate Risk
151,120,0,13,1,5,4,Moderate Risk
317,180,0,46,1,0,2,Low Risk
60,120,0,15,0,0,0,Low Risk
197,180,0,52,0,0,2,Low Risk
235,120,13,66,0,3,6,High Risk
56,180,52,153,0,0,3,Moderate Risk
155,60,33,89,0,0,4,Moderate Risk
206,60,0,106,0,0,3,Moderate Risk
27,180,0,15,0,0,0,Low Risk
223,120,0,30,1,0,2,Low Risk
265,120,8,22,1,0,4,Moderate Risk
191,60,0,22,0,0,2,Low Risk
126,240,0,4,0,0,0,Low Risk
323,60,0,52,0,0,2,Low Risk
52,180,76,71,0,0,2,Low Risk
221,180,0,50,0,1,2,Low Risk
206,180,0,33,1,4,4,Moderate Risk
166,120,0,57,1,2,2,Low Risk
153,120,7,44,0,0,4,Moderate Risk
169,240,0,7,0,0,0,Low Risk
150,180,0,113,5,1,3,Moderate Risk
244,180,0,44,0,0,2,Low Risk
171,180,0,99,0,0,1,Moderate Risk
90,120,0,101,0,0,1,Low Risk
216,240,0,26,0,6,2,Low Risk
116,240,54,64,0,0,2,Low Risk
104,180,0,20,0,0,0,Low Risk
187,60,109,67,0,0,4,Moderate Risk
288,180,9,11,2,0,4,Moderate Risk
179,60,26,50,2,0,4,Moderate Risk
48,60,0,0,3,1,2,Low Risk
73,120,0,21,1,0,0,Low Risk
88,60,23,40,1,0,4,Moderate Risk
185,180,6,24,0,5,6,High Risk
287,120,27,8,0,2,4,Moderate Risk
85,60,0,103,0,2,3,Moderate Risk
238,60,0,2,0,0,2,Low Risk
175,120,0,2,1,0,2,Low Risk
82,180,0,54,0,6,2,Low Risk
0,60,0,127,0,0,1,Low Risk
100,120,0,62,0,0,0,Low Risk
209,180,0,16,2,0,2,Low Risk
36,120,0,31,1,1,0,Low Risk
4,180,8,79,1,0,2,Low Risk
240,120,35,48,1,0,4,Moderate Risk
201,60,0,0,0,0,2,Low Risk
101,60,30,13,0,0,4,Moderate Risk
134,60,17,2,0,0,4,Moderate Risk
99,180,0,54,4,0,2,Low Risk
0,60,0,36,1,0,0,Low Risk
80,120,7,35,0,0,2,Low Risk
184,60,0,0,0,0,2,Low Risk
160,240,0,0,0,0,0,Low Risk
211,60,0,16,1,0,2,Low Risk
144,120,0,69,1,0,2,Low Risk
185,60,34,29,0,3,6,High Risk
205,120,0,66,0,0,2,Low Risk
34,240,0,0,0,0,0,Low Risk
226,120,0,0,0,4,4,Moderate Risk
147,60,0,0,0,0,2,Low Risk
0,120,0,69,0,1,0,Low Risk
215,120,8,27,0,0,4,Moderate Risk
121,120,0,0,0,0,2,Low Risk
34,60,0,91,3,0,3,Moderate Risk
363,120,0,102,0,0,3,Moderate Risk
85,240,0,98,0,0,1,Low Risk
299,120,0,24,0,0,2,Low Risk
290,120,0,1,0,0,2,Low Risk
257,180,0,65,0,0,2,Low Risk
199,120,0,44,0,0,2,Low Risk
228,120,0,10,2,0,2,Low Risk
81,180,20,10,0,0,2,Low Risk
71,240,0,10,0,2,0,Low Risk
261,180,21,30,0,0,4,Moderate Risk
257,60,0,171,1,0,3,Moderate Risk
213,240,63,18,1,0,2,Low Risk
0,180,27,15,0,0,2,Low Risk
354,120,0,40,0,2,2,Low Risk
30,120,0,1,0,0,0,Low Risk
376,120,0,47,1,1,2,Low Risk
318,240,0,83,4,0,4,Moderate Risk
0,60,20,18,0,0,2,Low Risk
35,60,0,153,0,0,1,Low Risk
226,120,0,53,0,8,4,Moderate Risk
117,60,0,35,0,0,2,Low Risk
240,120,0,58,4,0,4,Moderate Risk
163,240,94,42,1,6,4,Moderate Risk
86,180,0,80,0,0,0,Low Risk
171,180,0,46,0,0,0,Low Risk
255,180,62,68,1,0,4,Moderate Risk
134,60,10,138,0,0,5,Moderate Risk
276,120,0,16,3,0,4,Moderate Risk
55,120,0,9,0,3,2,Low Risk
276,180,4,93,0,0,5,Moderate Risk
133,60,0,113,0,2,3,Moderate Risk
191,120,0,63,0,0,2,Low Risk
233,240,30,11,3,0,4,Low Risk
0,240,0,62,0,0,0,Low Risk
162,120,0,0,0,2,2,Low Risk
0,120,0,9,0,1,0,Low Risk
117,120,0,60,0,3,2,Low Risk
174,120,0,75,0,2,2,Low Risk
132,180,22,73,0,0,2,Low Risk
221,60,0,95,0,0,3,Moderate Risk
102,180,30,115,2,1,3,Low Risk
230,180,0,86,0,0,2,Low Risk
24,180,0,76,0,0,0,Low Risk
56,240,0,21,0,0,0,Low Risk
151,180,0,98,3,0,3,Moderate Risk
115,60,0,26,0,0,2,Low Risk
268,60,0,40,1,1,2,Low Risk
27,240,0,69,0,3,2,Low Risk
63,120,0,19,0,0,0,Low Risk
239,240,0,113,3,0,3,Moderate Risk
265,120,0,0,3,0,4,Moderate Risk
194,120,0,5,0,0,2,Moderate Risk
250,60,0,28,3,1,4,Moderate Risk
92,60,0,51,0,5,4,Moderate Risk
109,120,0,51,0,0,0,Low Risk
159,60,13,61,1,3,6,High Risk
91,240,49,64,0,0,2,Low Risk
232,120,9,0,0,0,4,Moderate Risk
44,240,35,177,0,0,3,Moderate Risk
64,240,0,98,0,0,1,Low Risk
201,120,0,43,0,0,2,Low Risk
171,240,85,28,1,0,2,Low Risk
266,60,0,1,0,0,2,Low Risk
41,180,0,30,2,0,0,Low Risk
420,120,5,7,0,3,6,High Risk
200,240,49,43,1,0,2,Low Risk
236,240,0,43,0,0,0,Low Risk
0,120,0,42,0,1,0,Low Risk
69,60,0,45,0,0,2,Low Risk
338,60,0,45,0,0,2,Low Risk
136,60,0,74,0,1,2,Low Risk
0,60,0,50,0,0,0,Low Risk
258,120,0,42,2,0,2,Low Risk
40,60,0,15,0,2,0,Low Risk
247,180,0,44,0,5,4,Moderate Risk
174,60,0,154,0,1,3,Moderate Risk
206,180,0,54,2,3,4,Moderate Risk
265,180,48,68,0,0,4,Moderate Risk
207,240,0,68,0,2,0,Low Risk
167,180,62,18,0,1,2,Low Risk
233,60,0,110,2,0,3,Moderate Risk
171,60,0,45,0,5,4,Moderate Risk
171,120,15,147,0,0,5,Moderate Risk
211,60,0,54,0,2,2,Low Risk
214,60,0,96,1,0,3,Moderate Risk
259,240,0,6,3,6,6,High Risk
246,240,6,0,0,0,4,High Risk
151,180,0,51,0,4,2,Low Risk
121,120,0,156,1,0,3,Moderate Risk
349,60,0,17,0,3,4,Moderate Risk
325,120,0,18,1,0,2,Low Risk
88,180,0,136,0,0,1,Low Risk
170,180,29,167,0,4,5,Moderate Risk
115,240,0,23,0,2,0,Low Risk
0,240,21,116,1,4,5,Moderate Risk
148,60,0,46,0,2,2,Low Risk
166,240,0,33,0,0,0,Low Risk
28,120,0,61,1,0,0,Low Risk
0,120,29,9,3,14,6,High Risk
134,240,0,36,0,0,0,Low Risk
0,60,1,13,0,0,2,Low Risk
140,60,0,82,0,1,2,Low Risk
152,60,108,60,0,0,4,Moderate Risk
70,240,21,65,0,0,2,Low Risk
19,60,0,0,0,0,0,Low Risk
107,240,0,149,0,0,1,Low Risk
119,180,3,15,0,1,2,Low Risk
263,180,0,66,0,2,2,Low Risk
213,120,0,36,1,1,2,Low Risk
58,60,0,51,4,2,2,Low Risk
254,60,0,64,1,0,2,Low Risk
277,120,0,15,0,0,2,Low Risk
227,240,0,117,1,0,1,Low Risk
238,120,0,83,0,1,2,Low Risk
344,120,0,18,0,0,2,Low Risk
259,180,0,91,1,0,3,Moderate Risk
166,60,0,127,1,1,3,Moderate Risk
216,120,0,112,0,1,3,High Risk
312,180,0,44,0,0,2,Low Risk
88,180,0,92,1,0,1,Low Risk
0,180,3,101,0,0,3,Moderate Risk
233,120,0,33,0,0,2,Low Risk
91,240,0,87,0,2,0,Moderate Risk
0,240,0,15,0,1,0,Low Risk
210,240,0,3,0,0,0,Low Risk
218,240,0,15,0,9,2,Low Risk
38,180,0,123,3,0,3,Moderate Risk
119,180,0,0,0,1,0,Low Risk
17,180,10,4,1,0,2,Low Risk
154,60,0,23,2,0,2,Low Risk
216,60,0,11,0,5,4,Moderate Risk
130,120,0,0,0,0,2,Low Risk
123,60,1,135,3,3,9,High Risk
61,60,17,18,5,0,6,High Risk
303,240,2,110,0,0,5,Moderate Risk
483,60,57,45,0,0,4,Moderate Risk
153,240,0,6,0,0,0,Low Risk
90,240,0,98,0,0,1,Low Risk
395,180,36,68,0,0,4,Low Risk
32,60,20,47,4,0,4,Moderate Risk
271,240,0,59,0,0,2,Low Risk
151,240,1,33,0,5,4,Moderate Risk
104,240,0,22,0,2,0,Low Risk
153,60,0,102,0,0,3,Moderate Risk
157,180,0,48,4,4,4,Moderate Risk
145,240,0,74,8,0,2,Low Risk
308,180,0,179,0,0,3,Moderate Risk
113,240,0,27,0,0,0,Low Risk
178,120,18,46,1,0,4,Low Risk
377,180,0,63,3,1,4,Moderate Risk
3,60,0,0,0,0,0,Low Risk
134,60,0,55,1,0,2,Low Risk
123,60,0,49,0,0,2,Low Risk
3,180,0,75,0,1,0,Low Risk
65,60,0,97,0,12,5,Moderate Risk
181,240,0,25,0,0,0,Low Risk
111,120,0,36,0,2,0,Low Risk
58,240,0,38,0,3,2,Low Risk
164,120,54,74,0,0,4,Moderate Risk
166,240,2,106,0,2,3,Moderate Risk
158,240,0,24,1,9,2,Low Risk
93,120,0,36,0,0,0,Low Risk
187,240,28,10,0,0,2,Low Risk
299,120,0,100,0,2,3,Moderate Risk
0,120,101,74,2,0,2,Low Risk
29,120,0,92,0,0,1,Low Risk
299,60,0,0,0,1,2,Low Risk
124,180,0,156,0,0,1,Low Risk
182,240,82,74,0,0,2,Low Risk
202,180,0,87,0,0,2,Low Risk
127,240,66,8,0,4,4,Moderate Risk
0,120,0,116,0,3,3,Moderate Risk
87,60,0,73,0,0,2,Low Risk
0,60,0,67,0,1,0,Low Risk
179,120,6,69,3,1,6,High Risk
213,240,0,112,0,0,1,Low Risk
128,240,27,105,0,0,3,Moderate Risk
164,120,0,26,0,0,2,Low Risk
132,60,63,62,0,0,4,Moderate Risk
220,60,0,11,0,2,2,Low Risk
140,60,0,160,0,0,3,Moderate Risk
55,120,0,46,0,5,2,Low Risk
259,60,0,48,0,0,2,Low Risk
293,240,0,0,0,3,4,Moderate Risk
192,120,0,34,2,0,2,Low Risk
315,180,0,4,0,0,2,Low Risk
207,60,0,79,1,1,2,Low Risk
89,180,0,40,0,1,0,Low Risk
175,180,0,40,1,2,0,Low Risk
211,180,0,56,1,3,4,Moderate Risk
141,120,0,0,3,0,4,Moderate Risk
60,120,6,60,0,2,2,Low Risk
68,120,62,55,0,4,4,Moderate Risk
71,240,0,140,0,0,1,Low Risk
169,240,0,25,0,0,0,Low Risk
192,60,0,66,1,0,2,Low Risk
97,120,16,36,0,0,2,Low Risk
98,240,0,100,0,0,1,Low Risk
280,120,29,71,4,1,6,High Risk
288,60,0,155,1,0,3,Moderate Risk
104,60,66,89,0,0,4,Moderate Risk
34,120,0,80,2,0,0,Low Risk
111,180,6,0,3,0,4,Moderate Risk
24,240,8,0,2,0,2,Low Risk
316,180,22,0,1,2,4,Moderate Risk
138,180,0,0,0,2,0,Low Risk
99,120,0,52,0,0,0,Low Risk
126,180,0,63,0,2,0,Low Risk
244,120,3,102,0,0,5,Moderate Risk
163,120,0,0,3,0,4,Moderate Risk
186,60,89,97,1,0,5,Moderate Risk
123,120,0,22,3,5,6,High Risk
168,180,0,55,2,0,0,Low Risk
254,60,0,41,1,0,2,Low Risk
319,120,0,50,0,2,2,Moderate Risk
151,180,0,91,6,0,3,Moderate Risk
73,120,0,83,0,0,0,Low Risk
307,240,0,75,0,5,4,Moderate Risk
257,240,0,73,0,0,2,Low Risk
128,120,0,6,3,0,4,Moderate Risk
37,240,0,34,3,1,2,Low Risk
236,60,0,0,0,2,2,Low Risk
55,240,41,145,0,1,3,Moderate Risk
261,120,14,52,0,2,4,Moderate Risk
0,120,0,28,0,0,0,Low Risk
269,60,0,17,0,1,2,Low Risk
163,180,0,74,0,1,0,Low Risk
50,120,0,34,0,2,0,Low Risk
140,240,23,87,2,0,2,Low Risk
53,120,0,49,0,0,0,Low Risk
145,240,0,76,0,2,0,Low Risk
93,60,0,61,0,0,2,Low Risk
217,60,0,72,3,1,4,Moderate Risk
421,240,0,52,0,1,2,Low Risk
138,240,0,76,0,0,0,Low Risk
196,60,0,3,0,3,4,Moderate Risk
271,240,0,13,0,0,2,Low Risk
93,240,0,76,0,0,0,Low Risk
192,240,25,90,0,0,2,Low Risk
145,60,0,9,2,1,2,Low Risk
284,240,0,58,0,0,2,Low Risk
247,240,2,124,0,0,5,Low Risk
19,120,0,0,0,0,0,Low Risk
142,60,0,13,3,0,4,Moderate Risk
193,60,0,53,0,1,2,Low Risk
72,120,0,91,0,0,1,Low Risk
239,60,15,0,0,0,4,Moderate Risk
39,180,0,37,0,17,2,Low Risk
152,180,0,133,0,0,1,Low Risk
142,240,0,23,2,0,0,Low Risk
109,120,0,11,0,0,0,Low Risk
105,240,0,18,0,0,0,Low Risk
118,60,0,60,0,0,2,Low Risk
185,240,0,52,0,0,0,Low Risk
264,60,0,4,0,5,4,Moderate Risk
220,180,0,0,1,0,2,Low Risk
364,180,0,60,1,7,4,Moderate Risk
281,240,0,58,1,1,2,Low Risk
249,240,49,75,0,1,4,Moderate Risk
351,240,0,50,0,0,2,Low Risk
219,60,46,25,2,0,4,Moderate Risk
291,60,0,58,0,2,2,Low Risk
128,240,0,62,0,0,0,Moderate Risk
7,120,0,79,1,0,0,Low Risk
276,60,0,64,1,2,2,Low Risk
0,120,72,0,0,0,2,Low Risk
0,120,0,112,0,0,1,Low Risk
141,240,0,53,0,0,0,Low Risk
171,120,0,48,0,2,2,Low Risk
74,60,0,63,0,0,2,Low Risk
0,180,0,110,0,6,3,Moderate Risk
186,120,0,97,0,0,3,Moderate Risk
76,240,0,142,2,0,1,Low Risk
202,120,7,17,8,0,6,Moderate Risk
138,180,0,10,0,0,0,Low Risk
30,60,0,22,1,0,0,Low Risk
286,180,7,55,0,0,4,Moderate Risk
41,240,0,57,0,0,0,Low Risk
64,60,0,109,1,2,3,Moderate Risk
0,240,100,76,0,7,4,Moderate Risk
33,60,0,165,0,0,1,Moderate Risk
153,240,26,0,0,0,2,Low Risk
29,180,0,66,0,1,0,Low Risk
153,60,0,0,1,0,2,Low Risk
165,120,163,143,0,0,5,Moderate Risk
85,120,0,0,0,0,0,Low Risk
157,120,0,49,9,2,4,Moderate Risk
171,60,48,0,0,0,4,Moderate Risk
334,60,0,6,0,0,2,Low Risk
0,240,0,0,0,3,2,Low Risk
237,120,15,4,2,4,6,High Risk
56,180,0,87,0,0,0,Low Risk
113,240,0,16,2,0,0,Low Risk
0,60,0,1,0,2,0,Low Risk
10,120,0,2,0,1,0,Low Risk
167,120,25,0,0,0,4,Moderate Risk
83,60,17,3,0,6,6,High Risk
132,240,9,16,1,10,4,Moderate Risk
31,60,51,39,2,0,2,Low Risk
126,60,0,114,0,0,3,Moderate Risk
108,180,0,60,1,1,0,Low Risk
181,180,0,5,0,3,4,High Risk
299,120,13,93,0,3,7,High Risk
248,60,0,103,0,2,3,Moderate Risk
98,180,0,7,0,0,0,Low Risk
101,240,13,81,1,0,2,Low Risk
246,180,0,43,4,0,4,Moderate Risk
127,60,0,46,1,0,2,Low Risk
86,60,0,10,0,1,2,Low Risk
184,60,0,39,1,0,2,Low Risk
162,120,0,1,0,1,2,Low Risk
178,120,0,38,3,0,4,Moderate Risk
284,240,0,19,0,0,2,Low Risk
145,180,0,0,0,0,0,Low Risk
115,60,0,27,0,0,2,Low Risk
157,180,0,4,0,0,0,Low Risk
125,240,0,32,3,2,2,Low Risk
164,240,0,40,0,0,0,Low Risk
208,120,24,101,1,0,5,Moderate Risk
197,60,0,87,0,0,2,Low Risk
148,120,0,53,0,3,4,Moderate Risk
184,180,0,91,0,0,3,Moderate Risk
316,240,36,96,0,0,5,Moderate Risk
208,180,14,10,0,1,4,Moderate Risk
60,180,0,7,0,0,0,Low Risk
303,120,0,37,1,0,2,Low Risk
94,60,0,31,1,0,2,Low Risk
185,240,223,91,1,0,3,Moderate Risk
165,120,0,0,0,0,2,Low Risk
144,120,0,77,0,2,2,Low Risk
220,120,29,47,0,3,6,High Risk
67,120,12,37,0,0,2,Low Risk
185,60,0,1,0,1,2,Low Risk
243,60,0,20,0,8,4,Moderate Risk
129,60,0,5,0,4,4,Moderate Risk
249,120,0,18,0,0,2,Low Risk
247,60,0,30,0,0,2,Low Risk
242,180,33,51,0,3,6,High Risk
37,60,0,145,0,0,1,Low Risk
102,180,0,7,0,0,0,Low Risk
195,120,1,33,0,0,4,Moderate Risk
87,240,0,63,1,2,0,Low Risk
0,60,0,49,0,0,0,Low Risk
280,180,0,28,0,0,2,Low Risk
126,180,0,68,0,2,0,Low Risk
157,180,4,48,1,0,2,Low Risk
281,60,0,66,0,1,2,Low Risk
102,120,0,0,4,0,2,Low Risk
209,180,0,19,1,0,2,Low Risk
328,240,25,20,2,0,4,Moderate Risk
149,180,0,68,2,0,0,Low Risk
135,180,0,19,0,0,0,Low Risk
212,180,0,40,0,4,4,Moderate Risk
61,120,0,82,3,2,2,Low Risk
0,120,0,134,0,0,1,Low Risk
235,240,0,30,0,4,2,Low Risk
360,180,0,93,1,0,3,Moderate Risk
220,240,0,155,1,1,1,Low Risk
192,60,0,6,3,2,4,Moderate Risk
90,240,52,73,0,0,2,Low Risk
0,240,74,15,2,1,2,Low Risk
374,60,0,37,0,1,2,Low Risk
79,60,0,28,0,0,2,Low Risk
165,240,11,116,0,0,3,Moderate Risk
137,180,49,49,0,2,2,Low Risk
7,180,0,40,1,0,0,Low Risk
330,60,44,116,4,0,7,High Risk
75,60,0,74,0,0,2,Low Risk
132,120,3,38,0,0,4,Moderate Risk
2,60,0,108,0,0,1,Low Risk
237,120,25,29,0,0,4,Moderate Risk
0,180,19,41,0,3,4,Moderate Risk
320,240,0,40,0,0,2,Low Risk
89,240,1,0,0,0,2,Low Risk
260,60,0,0,0,0,2,Low Risk
110,120,0,68,0,0,0,Low Risk
0,240,0,164,0,3,3,Moderate Risk
356,60,0,31,0,4,4,Moderate Risk
117,240,0,65,0,5,2,Low Risk
281,240,0,130,0,2,3,Moderate Risk
48,60,0,75,0,3,2,Low Risk
0,180,0,115,3,1,3,Moderate Risk
155,240,1,47,1,0,2,Low Risk
311,60,0,15,0,5,4,Moderate Risk
279,120,0,18,0,0,2,Low Risk
159,120,0,68,0,0,2,Low Risk
241,60,0,153,0,0,3,Moderate Risk
185,120,0,114,0,6,5,Moderate Risk
143,120,0,29,0,0,2,Low Risk
215,120,0,39,0,0,2,Low Risk
228,120,0,92,0,0,3,Moderate Risk
274,60,0,13,0,0,2,Low Risk
54,180,0,2,1,5,2,Low Risk
412,60,0,128,0,2,3,Moderate Risk
42,180,0,0,1,0,0,Low Risk
294,240,0,100,0,4,5,Moderate Risk
72,240,0,37,4,0,2,Low Risk
133,240,0,34,0,0,0,Low Risk
247,120,0,0,0,6,4,Moderate Risk
340,240,0,0,1,0,2,Low Risk
135,180,0,13,1,5,2,Low Risk
27,60,0,21,0,0,0,Low Risk
95,120,0,58,0,0,0,Low Risk
0,180,0,0,0,0,0,Low Risk
0,240,1,60,0,2,2,Low Risk
154,180,0,90,1,0,0,Low Risk
252,180,0,51,9,0,4,Moderate Risk
260,120,0,28,5,0,4,Moderate Risk
288,180,0,39,0,0,2,Low Risk
19,120,0,22,0,0,0,Low Risk
165,60,13,19,0,4,6,High Risk
195,120,0,67,4,2,4,Moderate Risk
139,120,0,124,0,0,3,Moderate Risk
97,120,0,18,1,5,2,Low Risk
280,180,0,0,0,0,2,Low Risk
153,240,0,98,0,0,1,Low Risk
65,180,0,42,0,0,0,Low Risk
7,60,0,63,0,0,0,Low Risk
169,120,0,33,5,0,4,Moderate Risk
181,180,0,24,0,0,2,Low Risk
182,120,0,112,0,0,3,Moderate Risk
241,240,0,100,3,0,5,Moderate Risk
162,180,0,58,0,2,0,Low Risk
204,240,0,52,0,3,2,Low Risk
208,120,3,126,0,0,5,Moderate Risk
263,60,0,104,0,0,3,Moderate Risk
121,240,0,83,3,0,2,Low Risk
36,120,0,33,0,2,0,Low Risk
55,120,111,11,0,0,2,Moderate Risk
187,120,47,159,0,1,5,Moderate Risk
433,120,0,51,3,1,4,Moderate Risk
236,60,0,46,1,0,2,Low Risk
271,60,0,179,1,1,3,Moderate Risk
226,120,0,109,1,0,3,Moderate Risk
111,240,7,11,0,2,2,Low Risk
139,120,0,81,0,0,2,Low Risk
152,180,0,98,0,0,1,Low Risk
199,180,0,75,0,1,2,Low Risk
88,240,0,62,0,0,0,Low Risk
233,120,0,9,0,4,4,Moderate Risk
41,120,0,66,0,0,0,Low Risk
69,240,0,52,0,0,0,Low Risk
165,120,0,0,0,1,2,Low Risk
16,240,0,41,2,0,0,Low Risk
307,240,0,22,5,2,4,Moderate Risk
153,240,0,117,0,0,1,Low Risk
93,60,0,24,1,0,2,Low Risk
206,240,9,120,2,0,3,Moderate Risk
129,60,0,87,0,5,4,Moderate Risk
105,180,0,32,0,4,2,Low Risk
79,240,0,58,3,4,4,Moderate Risk
61,120,0,0,0,0,0,Low Risk
191,120,0,2,0,3,4,Moderate Risk
97,240,0,26,0,3,2,Low Risk
132,120,0,32,1,0,2,Moderate Risk
134,120,0,33,1,1,2,Low Risk
281,240,0,26,0,1,2,Low Risk
93,180,2,73,8,0,4,Moderate Risk
196,240,11,13,0,1,2,Low Risk
39,120,0,81,0,0,0,Low Risk
179,60,0,144,1,0,3,Moderate Risk
124,180,2,65,1,0,2,Low Risk
0,60,0,47,0,1,0,Low Risk
162,60,0,23,2,0,2,Low Risk
113,120,0,76,0,0,0,Low Risk
194,180,0,50,1,0,2,Low Risk
261,120,0,32,1,0,2,Low Risk
288,60,0,51,0,0,2,Low Risk
219,180,11,115,0,2,5,Moderate Risk
109,120,0,17,1,0,0,Low Risk
192,180,0,89,0,3,4,Moderate Risk
151,180,0,68,2,0,0,Low Risk
101,60,3,94,0,0,5,Moderate Risk
140,120,0,86,0,0,2,Low Risk
206,240,0,69,0,5,2,Low Risk
321,60,0,74,0,4,4,Moderate Risk
199,240,0,19,0,1,0,Low Risk
36,240,0,65,0,1,0,Low Risk
95,240,0,160,1,1,1,Low Risk
43,60,0,0,0,0,0,Low Risk
186,60,3,33,0,5,6,High Risk
24,60,0,35,0,8,2,Low Risk
170,120,36,70,0,3,6,High Risk
272,180,49,27,4,1,6,High Risk
0,60,0,0,0,0,0,Low Risk
177,120,0,0,1,0,2,Low Risk
91,120,0,33,0,2,0,Low Risk
277,240,0,164,0,1,3,Moderate Risk
146,240,0,62,0,4,2,Low Risk
113,180,0,50,0,0,0,Low Risk
19,60,0,10,0,0,0,Low Risk
86,240,2,69,3,0,4,Moderate Risk
176,60,0,62,0,0,2,Low Risk
231,60,8,68,0,0,4,Moderate Risk
160,240,0,20,0,5,2,Moderate Risk
313,120,0,56,0,0,2,Low Risk
208,240,0,20,0,0,0,Low Risk
299,180,0,22,0,0,2,Low Risk
395,240,11,31,2,0,4,Moderate Risk
176,180,0,101,0,0,1,Low Risk
68,120,1,62,0,0,2,Low Risk
29,240,23,85,1,0,2,Low Risk
109,120,0,23,0,0,0,Low Risk
207,60,0,104,0,1,3,Moderate Risk
133,60,0,52,1,0,2,Low Risk
107,120,0,21,0,0,0,Low Risk
112,120,0,0,1,0,0,Low Risk
301,240,0,62,1,0,2,Low Risk
161,120,0,68,0,1,2,Low Risk
0,240,0,53,0,0,0,Low Risk
0,120,12,61,2,0,2,Low Risk
254,240,0,33,1,0,2,Low Risk
171,240,0,43,0,0,0,Low Risk
117,60,0,130,1,0,3,Moderate Risk
177,60,0,62,1,0,2,Low Risk
24,180,0,57,0,2,0,Low Risk
173,240,11,148,3,0,5,Moderate Risk
37,120,0,122,1,3,3,Moderate Risk
304,240,0,63,0,2,2,Low Risk
407,240,0,0,2,1,2,Low Risk
61,60,0,46,1,0,2,Low Risk
93,180,5,51,3,7,6,High Risk
223,240,0,40,1,2,0,Low Risk
12,180,0,43,1,0,0,Low Risk
131,240,0,112,0,2,1,Low Risk
261,240,101,1,0,0,4,Moderate Risk
140,120,0,111,0,0,3,Moderate Risk
111,120,7,70,0,0,2,Low Risk
80,60,0,17,0,1,2,Low Risk
246,60,0,54,1,0,2,Low Risk
288,120,0,57,0,0,2,Low Risk
284,180,0,32,0,1,2,Low Risk
51,120,0,53,1,4,2,Low Risk
0,60,0,32,1,8,2,Low Risk
31,120,0,55,0,0,0,Low Risk
339,240,0,39,1,0,2,Low Risk
107,180,0,82,0,0,0,Low Risk
198,60,0,54,0,0,2,Low Risk
288,180,0,147,0,0,3,Moderate Risk
206,60,0,122,0,0,3,Moderate Risk
224,180,0,65,1,0,2,Low Risk
183,120,0,172,0,1,3,Moderate Risk
195,60,89,86,0,1,4,Moderate Risk
124,240,0,37,1,0,0,Low Risk
103,120,15,41,0,0,2,Low Risk
261,60,0,63,0,0,2,Low Risk
169,120,0,50,0,9,4,Moderate Risk
144,120,14,90,0,0,4,Moderate Risk
281,120,0,36,1,0,2,Low Risk
278,240,0,99,1,0,3,Moderate Risk
36,120,72,45,4,0,4,Moderate Risk
204,240,0,0,1,0,0,Low Risk
96,180,25,74,2,0,2,Low Risk
113,60,0,3,0,0,2,Low Risk
105,120,0,35,0,0,0,Low Risk
91,60,49,31,0,0,4,Moderate Risk
234,60,0,136,3,0,5,Moderate Risk
126,120,39,116,0,0,5,Moderate Risk
35,60,0,70,0,0,0,Low Risk
0,240,15,14,0,0,2,Low Risk
90,240,0,42,2,7,2,Low Risk
231,120,0,0,0,3,4,Moderate Risk
258,60,0,41,1,0,2,Low Risk
75,120,0,42,0,7,2,Low Risk
60,60,43,97,1,0,3,Moderate Risk
272,180,0,0,0,1,2,Low Risk
16,120,0,97,1,5,3,Moderate Risk
101,240,0,18,0,1,0,Low Risk
203,240,0,54,0,2,0,Low Risk
56,120,0,120,0,0,1,Low Risk
248,120,12,44,0,2,4,Moderate Risk
115,180,0,145,2,0,1,Low Risk
130,180,0,83,0,0,0,Low Risk
0,60,2,31,0,2,2,Low Risk
18,60,0,16,2,0,0,Low Risk
323,180,27,95,3,1,7,High Risk
91,240,0,90,0,0,0,Low Risk
240,60,5,11,0,0,4,Moderate Risk
59,240,0,99,0,0,1,Low Risk
130,60,15,16,3,0,6,High Risk
129,240,0,35,0,0,0,Low Risk
203,240,0,4,0,0,0,Low Risk
166,240,0,34,0,0,0,Low Risk
107,120,0,43,0,3,2,Low Risk
274,120,0,1,0,0,2,Low Risk
227,60,0,25,0,0,2,Low Risk
49,120,0,6,0,1,0,Low Risk
33,180,0,64,0,1,0,Low Risk
204,240,0,106,0,0,1,Low Risk
179,60,0,67,5,0,4,Moderate Risk
120,120,0,58,0,0,0,Low Risk
134,60,0,0,0,0,2,Low Risk
202,180,0,87,0,0,2,Low Risk
153,240,0,64,1,1,0,Low Risk
90,60,73,36,0,0,4,Moderate Risk
163,120,0,74,0,0,2,Low Risk
130,120,0,44,0,0,2,Moderate Risk
198,120,5,38,0,3,6,High Risk
211,180,0,93,3,0,5,Moderate Risk
94,60,0,42,0,0,2,Low Risk
64,240,0,31,2,2,0,Low Risk
27,60,0,0,0,0,0,Low Risk
0,120,0,68,0,0,0,Low Risk
64,180,0,86,0,9,2,Low Risk
101,180,0,90,0,0,0,Low Risk
176,180,0,47,0,4,2,Low Risk
6,120,0,24,0,1,0,Low Risk
0,180,0,167,1,0,1,Low Risk
212,60,148,47,1,0,4,Moderate Risk
310,240,0,2,0,3,4,Moderate Risk
127,120,0,36,0,1,2,Low Risk
121,60,0,70,1,1,2,Low Risk
170,180,0,0,0,0,0,Low Risk
217,180,0,156,0,5,5,Moderate Risk
263,120,0,48,0,0,2,Low Risk
98,180,1,23,0,0,2,Low Risk
203,60,0,43,0,0,2,Low Risk
0,180,22,64,0,0,2,Low Risk
100,60,0,5,1,1,2,Low Risk
205,120,0,7,0,0,2,Low Risk
0,120,0,39,1,9,2,Low Risk
196,240,31,73,0,0,2,Low Risk
107,180,0,138,0,0,1,Low Risk
194,120,0,31,0,0,2,Low Risk
216,120,0,32,0,0,2,Low Risk
0,180,12,39,2,1,2,Low Risk
0,120,0,19,1,0,0,Low Risk
121,120,0,32,1,5,4,Moderate Risk
104,120,0,18,0,1,0,Low Risk
82,120,0,0,1,2,0,Low Risk
71,240,0,18,1,0,0,Low Risk
237,240,0,77,0,0,0,Low Risk
87,60,0,107,0,0,3,Moderate Risk
212,60,0,0,0,5,4,Moderate Risk
89,60,0,48,7,4,6,High Risk
222,120,0,31,0,0,2,Low Risk
141,120,0,1,3,3,6,High Risk
147,120,0,24,0,0,2,Low Risk
48,120,0,115,2,1,1,Low Risk
210,180,0,111,2,0,3,Moderate Risk
202,120,51,59,0,0,4,Moderate Risk
183,240,0,106,0,7,3,Moderate Risk
140,120,0,0,0,0,2,Low Risk
170,120,10,42,0,0,4,Moderate Risk
206,240,0,57,2,0,0,Low Risk
196,60,0,173,0,0,3,Moderate Risk
261,180,0,73,0,2,2,Low Risk
108,120,0,14,0,4,2,Low Risk
150,240,0,54,3,0,2,Low Risk
89,240,0,71,0,5,2,Low Risk
114,180,0,94,0,0,1,Low Risk
196,240,0,20,1,0,0,Low Risk
316,60,0,26,0,1,2,Low Risk
172,60,0,97,0,1,3,Moderate Risk
140,180,0,74,0,2,0,Low Risk
135,120,11,49,2,0,4,Moderate Risk
298,180,0,76,0,0,2,Low Risk
373,120,0,69,4,3,6,High Risk
181,60,21,54,0,2,4,Moderate Risk
192,240,0,63,0,0,0,Low Risk
56,180,0,11,0,1,0,Low Risk
161,60,0,73,0,0,2,Low Risk
230,60,0,24,0,0,2,Low Risk
140,180,0,44,2,0,0,Low Risk
465,180,0,70,0,2,2,Low Risk
330,60,63,56,0,0,4,Moderate Risk
340,120,0,58,0,0,2,Low Risk
194,120,0,34,0,6,4,Moderate Risk
103,120,33,114,0,3,5,Moderate Risk
86,240,0,0,0,0,0,Low Risk
302,240,0,3,0,0,2,Low Risk
372,240,34,75,0,0,4,Moderate Risk
379,120,0,49,0,0,2,Low Risk
124,240,0,100,0,1,1,Low Risk
116,60,0,6,3,0,4,Moderate Risk
158,180,1,70,0,0,2,Low Risk
171,180,0,0,0,0,0,Low Risk
203,240,0,61,0,0,0,Low Risk
12,60,0,52,0,0,0,Low Risk
212,60,0,49,0,0,2,Low Risk
255,120,0,75,0,1,2,Low Risk
127,120,33,0,0,4,6,High Risk
179,120,0,63,2,0,2,Low Risk
233,180,0,91,7,3,7,High Risk
285,180,0,42,0,3,4,Moderate Risk
252,60,0,35,0,2,2,Low Risk
239,60,0,16,3,0,4,Moderate Risk
0,60,0,176,1,0,1,Low Risk
49,120,0,21,1,0,0,Low Risk
115,240,0,47,0,1,0,Low Risk
21,120,0,88,0,3,2,Low Risk
164,180,19,65,3,0,4,Moderate Risk
298,120,0,165,0,0,3,Moderate Risk
136,180,0,0,1,0,0,Low Risk
63,120,0,29,0,5,2,Low Risk
0,180,0,0,0,2,0,Low Risk
135,240,0,63,0,1,0,Low Risk
319,120,0,41,2,0,2,Low Risk
141,180,0,0,0,0,0,Low Risk
51,180,42,49,3,0,4,Moderate Risk
229,60,0,147,0,0,3,Moderate Risk
134,240,17,57,1,0,2,Low Risk
58,60,0,1,0,0,0,Low Risk
247,120,0,0,0,5,4,Moderate Risk
304,180,0,82,0,0,2,Low Risk
72,120,0,32,0,0,0,Low Risk
200,240,62,19,0,1,2,Low Risk
136,60,0,29,0,0,2,Low Risk
82,240,0,239,0,0,1,Low Risk
0,180,0,13,1,1,0,Low Risk
174,60,27,0,0,0,4,Moderate Risk
233,120,0,40,4,0,4,Moderate Risk
151,240,13,182,1,3,5,Moderate Risk
94,240,0,35,0,1,0,Low Risk
78,240,43,39,0,0,2,Low Risk
118,180,0,56,1,0,0,Low Risk
109,60,0,76,0,0,2,Low Risk
76,180,0,19,0,0,0,Low Risk
17,180,0,3,0,4,2,Low Risk
186,240,0,13,5,0,2,Low Risk
121,60,0,129,0,0,3,Moderate Risk
274,120,0,57,3,0,4,Moderate Risk
20,180,47,73,0,0,2,Low Risk
90,180,0,9,0,0,0,Low Risk
126,240,0,43,0,0,0,Moderate Risk
229,60,2,4,0,0,4,Moderate Risk
269,240,0,62,0,0,2,Low Risk
189,60,0,48,0,0,2,Low Risk
72,240,0,53,0,0,0,Low Risk
1,240,0,36,0,0,0,Low Risk
96,240,0,34,0,0,0,Low Risk
292,180,44,45,0,1,4,Moderate Risk
77,240,11,53,2,1,2,Low Risk
336,180,0,69,0,5,4,Moderate Risk
146,60,0,96,0,0,3,Moderate Risk
201,60,0,184,2,0,3,Moderate Risk
27,120,0,83,0,0,0,Low Risk
143,240,0,52,0,0,0,Low Risk
174,120,0,20,0,4,4,Moderate Risk
206,180,0,25,0,0,2,Low Risk
41,180,0,0,0,0,0,Low Risk
0,180,0,90,0,0,0,Low Risk
192,120,0,34,0,5,4,Moderate Risk
403,60,10,35,2,0,4,Moderate Risk
259,120,0,68,0,0,2,Low Risk
205,60,82,77,0,2,4,Moderate Risk
79,60,0,83,0,1,2,Low Risk
118,180,0,76,1,0,0,Low Risk
85,180,0,20,0,0,0,Low Risk
54,180,28,104,0,2,3,Moderate Risk
131,180,0,72,1,3,2,Low Risk
40,240,0,50,0,0,0,Low Risk
169,120,10,45,0,0,4,Moderate Risk
101,60,0,0,0,0,2,Low Risk
151,240,0,62,0,0,0,Low Risk
162,60,29,80,0,0,4,Moderate Risk
287,120,0,0,5,0,4,Moderate Risk
192,180,0,0,1,3,4,Moderate Risk
41,180,44,90,0,0,2,Low Risk
191,120,0,73,2,7,4,Moderate Risk
117,60,0,21,0,0,2,Low Risk
215,180,30,39,0,0,4,Moderate Risk
191,180,3,2,0,2,4,Moderate Risk
240,240,0,12,0,0,0,Low Risk
221,120,0,109,0,0,3,Low Risk
211,60,0,106,3,0,5,Moderate Risk
335,60,1,11,0,0,4,Moderate Risk
298,180,0,0,0,0,2,Low Risk
59,180,0,29,0,1,0,Low Risk
137,60,0,135,0,0,3,Moderate Risk
0,240,0,42,0,0,0,Low Risk
195,240,0,149,0,0,1,Low Risk
89,120,0,162,0,0,1,Low Risk
176,180,0,76,0,7,2,Low Risk
74,240,0,8,0,0,0,Low Risk
136,180,0,0,1,0,0,Low Risk
109,240,0,68,0,0,0,Low Risk
125,240,0,95,2,0,1,Low Risk
6,120,0,32,2,0,0,Low Risk
195,120,0,159,0,0,3,Moderate Risk
67,60,0,15,0,0,2,Low Risk
79,120,63,73,1,0,2,Low Risk
116,240,0,53,0,4,2,Low Risk
124,240,0,0,2,1,0,Low Risk
107,60,0,46,3,1,4,Moderate Risk
86,180,0,5,1,2,0,Low Risk
132,120,0,111,3,0,5,Moderate Risk
203,120,0,70,0,0,2,Low Risk
176,60,41,24,0,0,4,Moderate Risk
0,180,0,47,0,5,2,Low Risk
187,120,0,73,0,0,2,Low Risk
35,120,0,18,0,0,0,Low Risk
184,240,28,41,0,0,2,Low Risk
129,60,0,76,2,1,2,Low Risk
195,120,0,22,0,0,2,Low Risk
56,120,0,8,0,0,0,Low Risk
33,180,0,46,0,4,2,Low Risk
154,180,0,44,3,0,2,Low Risk
26,120,0,53,0,0,0,Low Risk
81,120,0,58,0,0,0,Low Risk
194,60,14,39,5,1,6,High Risk
260,180,0,18,0,0,2,Low Risk
156,60,0,28,0,0,2,Low Risk
408,180,0,17,1,0,2,Low Risk
90,180,0,0,0,0,0,Low Risk
40,120,0,90,0,0,0,Low Risk
57,120,46,51,0,0,2,Low Risk
11,240,0,86,0,0,0,Low Risk
241,120,0,63,0,3,4,Moderate Risk
215,180,0,41,3,1,4,Moderate Risk
122,60,0,55,0,0,2,Low Risk
161,180,0,2,0,3,2,Low Risk
157,120,56,0,0,0,4,Moderate Risk
67,240,0,25,0,0,0,Low Risk
203,180,0,113,2,4,5,Moderate Risk
208,120,0,0,1,0,2,Low Risk
222,180,0,82,0,0,2,Low Risk
112,240,0,0,0,0,0,Low Risk
206,60,0,96,0,0,3,Moderate Risk
208,120,0,0,0,0,2,Low Risk
279,180,0,138,0,0,3,Moderate Risk
224,60,0,72,0,4,4,Moderate Risk
167,120,0,19,0,2,2,Low Risk
181,240,0,92,0,0,1,Low Risk
270,240,0,20,0,3,4,Moderate Risk
92,180,0,52,0,0,0,Low Risk
178,180,16,134,0,2,3,Moderate Risk
124,60,0,17,0,0,2,Low Risk
303,180,0,0,5,2,4,Moderate Risk
146,180,7,52,1,2,2,Low Risk
248,240,0,21,1,0,2,Low Risk
165,120,0,6,0,0,2,Low Risk
108,60,5,23,0,0,4,Moderate Risk
229,180,0,165,0,1,3,Moderate Risk
52,240,0,77,0,0,0,Low Risk
237,60,0,93,0,0,3,Moderate Risk
56,60,0,83,0,0,0,Low Risk
284,60,0,37,8,2,4,Moderate Risk
53,240,0,63,0,0,0,Low Risk
210,120,0,28,1,0,2,Low Risk
201,60,0,6,4,0,4,Moderate Risk
143,180,0,42,0,0,0,Moderate Risk
0,240,0,62,0,2,0,Low Risk
0,180,73,37,0,2,2,Low Risk
65,180,0,84,0,0,0,Low Risk
110,240,92,142,1,0,3,Moderate Risk
218,180,0,51,0,0,2,Low Risk
159,120,0,0,0,0,2,Low Risk
158,240,0,4,0,1,0,Low Risk
83,240,0,125,1,4,3,Moderate Risk
0,240,0,41,0,4,2,Low Risk
32,180,0,69,0,0,0,Low Risk
46,60,0,74,0,1,0,Low Risk
144,180,0,34,0,1,0,Low Risk
67,240,0,64,0,1,0,Low Risk
85,240,17,14,0,0,2,Low Risk
111,60,0,37,0,0,2,Low Risk
301,240,0,37,0,0,2,Low Risk
87,120,0,47,0,0,0,Low Risk
38,240,0,0,0,0,0,Low Risk
183,120,0,0,0,4,4,Moderate Risk
40,240,0,57,0,4,2,Low Risk
146,120,0,51,3,2,4,Moderate Risk
206,180,0,54,0,0,2,Low Risk
0,180,0,38,0,2,0,Low Risk
143,180,0,27,2,4,2,Low Risk
124,180,0,73,0,0,0,Low Risk
66,60,0,0,1,0,2,Low Risk
24,120,0,66,0,1,0,Low Risk
153,60,0,94,0,0,3,Moderate Risk
0,120,44,60,1,0,2,Low Risk
131,180,0,117,0,0,1,Low Risk
99,240,0,43,0,0,0,Low Risk
91,180,0,55,3,0,2,Low Risk
28,240,0,43,2,1,0,Low Risk
158,60,23,32,1,0,4,Moderate Risk
184,60,0,10,1,0,2,Low Risk
155,60,76,24,0,1,4,Moderate Risk
179,240,0,45,0,0,0,Low Risk
178,180,0,0,6,0,2,Low Risk
87,120,0,49,0,0,0,Low Risk
270,180,0,19,3,0,4,Moderate Risk
109,60,0,124,1,0,3,Moderate Risk
138,240,2,157,0,0,3,Moderate Risk
237,120,0,111,2,2,3,Moderate Risk
111,120,0,30,0,0,0,Low Risk
87,60,0,50,1,4,4,Moderate Risk
85,240,0,105,0,4,3,Moderate Risk
178,240,0,55,0,0,0,Low Risk
139,240,0,14,0,0,0,Low Risk
108,180,75,87,0,0,2,Low Risk
118,240,0,52,0,2,0,Low Risk
220,60,0,0,4,0,4,Moderate Risk
114,120,0,132,2,0,1,Low Risk
156,120,0,90,0,0,2,Low Risk
297,120,0,0,0,2,2,Low Risk
24,180,0,109,0,0,1,Low Risk
150,60,13,39,0,0,4,Low Risk
160,60,0,73,0,0,2,Low Risk
247,180,0,32,3,0,4,Moderate Risk
205,240,0,74,0,0,0,Low Risk
89,60,0,70,0,0,2,Low Risk
298,180,44,67,0,0,4,Moderate Risk
250,240,0,73,0,0,2,Low Risk
41,180,0,33,1,0,0,Low Risk
122,120,0,39,0,0,2,Low Risk
0,120,0,31,0,5,2,Low Risk
218,120,0,31,0,1,2,Low Risk
92,60,0,41,0,0,2,Low Risk
383,120,148,25,1,3,6,High Risk
171,120,0,28,4,0,4,Moderate Risk
158,120,0,78,0,5,4,Moderate Risk
46,180,0,0,0,0,0,Low Risk
119,180,0,48,0,0,0,Low Risk
0,120,0,35,1,9,2,Low Risk
226,180,0,21,0,0,2,Low Risk
0,60,41,0,0,0,2,Low Risk
84,240,0,50,1,5,2,Low Risk
280,240,0,91,0,0,3,Moderate Risk
144,120,0,44,0,1,2,Low Risk
55,240,0,39,0,1,0,Low Risk
380,240,50,205,0,0,5,Moderate Risk
210,60,0,7,0,2,2,Moderate Risk
82,60,0,41,0,0,2,Low Risk
271,60,0,7,1,2,2,Low Risk
0,240,0,19,0,7,2,Low Risk
136,120,0,23,0,0,2,Low Risk
60,120,0,48,2,0,0,Low Risk
246,120,0,50,0,0,2,Low Risk
211,180,0,56,1,2,2,Low Risk
241,60,0,28,0,0,2,Low Risk
182,240,0,30,0,0,0,Low Risk
172,240,0,173,0,0,1,Low Risk
192,60,26,75,3,0,6,High Risk
124,120,7,1,0,2,4,Moderate Risk
255,240,0,56,5,0,4,Moderate Risk
153,180,2,164,0,0,3,Moderate Risk
43,120,0,23,0,2,0,Low Risk
202,60,0,99,0,1,3,Moderate Risk
96,120,0,84,2,0,0,Low Risk
118,240,0,65,0,0,0,Low Risk
200,240,0,66,0,1,0,Low Risk
245,180,0,48,0,1,2,Low Risk
171,60,0,25,0,0,2,Low Risk
241,180,27,142,0,0,5,Moderate Risk
268,240,0,83,0,2,2,Low Risk
176,180,0,50,2,2,0,Low Risk
196,60,0,2,5,0,4,Moderate Risk
176,60,0,14,1,4,4,Moderate Risk
216,240,3,33,0,0,2,Low Risk
380,60,0,56,0,0,2,Low Risk
19,120,0,34,0,8,2,Low Risk
48,60,0,134,0,0,1,Low Risk
57,60,0,118,0,0,1,Low Risk
94,60,0,0,0,1,2,Low Risk
186,240,0,21,1,4,2,Low Risk
326,240,0,0,0,0,2,Low Risk
189,60,0,37,0,3,4,Moderate Risk
220,240,100,40,0,0,2,Low Risk
197,120,0,139,0,2,3,Moderate Risk
153,180,0,52,2,1,0,Low Risk
166,240,0,22,1,0,0,Moderate Risk
318,240,0,1,0,0,2,Low Risk
135,180,0,0,3,1,2,Low Risk
138,240,2,0,0,6,4,Moderate Risk
171,120,0,102,0,1,3,Moderate Risk
304,240,0,147,5,0,5,Moderate Risk
112,240,0,43,0,0,0,Low Risk
222,180,0,164,0,1,3,Moderate Risk
320,120,0,0,0,0,2,Low Risk
218,240,0,117,0,12,3,Moderate Risk
36,180,0,33,0,6,2,Low Risk
95,180,0,17,0,2,0,Low Risk
212,240,0,39,2,0,0,Low Risk
190,240,0,0,0,0,0,Low Risk
299,120,0,22,1,3,4,Moderate Risk
162,120,0,21,2,0,2,Low Risk
206,60,0,14,0,0,2,Low Risk
29,120,0,76,0,0,0,Low Risk
263,120,0,86,0,0,2,Low Risk
284,60,38,53,0,4,6,High Risk
269,240,10,59,0,0,4,Moderate Risk
336,120,39,17,3,0,6,High Risk
219,240,0,0,0,0,0,Low Risk
84,240,0,117,2,0,1,Low Risk
227,120,0,0,0,0,2,Low Risk
262,120,0,71,1,0,2,Low Risk
172,240,0,23,0,0,0,Low Risk
178,120,34,65,0,6,6,High Risk
54,60,0,60,3,0,2,Low Risk
0,120,80,174,0,0,3,Moderate Risk
32,120,0,35,0,1,0,Low Risk
342,240,0,37,0,0,2,Low Risk
301,240,0,77,0,1,2,Low Risk
223,120,0,47,0,0,2,Low Risk
112,180,0,69,2,0,0,Low Risk
0,240,89,24,0,3,4,Moderate Risk
101,120,45,43,0,1,2,Low Risk
138,60,0,39,0,0,2,Low Risk
102,120,0,0,0,0,0,Low Risk
153,180,0,26,1,0,0,Low Risk
16,240,0,0,2,1,0,Low Risk
180,240,103,27,0,1,2,Low Risk
89,180,0,55,5,0,2,Low Risk
79,120,0,38,0,2,0,Low Risk
273,120,0,64,0,0,2,Low Risk
195,120,33,76,0,2,4,Moderate Risk
3,60,0,61,0,2,0,Low Risk
123,180,0,109,0,0,1,Low Risk
181,180,0,89,1,2,2,Low Risk
298,180,47,37,0,0,4,Moderate Risk
148,180,21,56,0,7,4,Low Risk
27,240,0,46,0,0,0,Low Risk
252,180,8,73,1,2,4,Moderate Risk
150,60,27,25,2,2,4,Moderate Risk
307,240,0,122,1,1,3,Moderate Risk
0,240,0,0,0,4,2,Low Risk
190,180,37,62,0,4,6,High Risk
64,240,0,0,0,0,0,Low Risk
48,180,0,40,0,0,0,Low Risk
339,60,0,80,0,0,2,Low Risk
32,240,0,54,7,2,2,Low Risk
142,60,0,130,0,4,5,Moderate Risk
341,240,0,70,2,0,2,Low Risk
315,180,0,24,0,3,4,Moderate Risk
48,240,0,53,2,0,0,Low Risk
234,120,0,43,4,5,6,High Risk
279,240,0,40,0,0,2,Low Risk
255,60,0,4,0,3,4,Moderate Risk
356,240,21,68,2,0,4,Moderate Risk
448,120,0,44,1,4,4,Moderate Risk
0,240,0,7,0,0,0,Low Risk
317,60,0,3,0,0,2,Low Risk
191,180,0,26,0,0,2,Low Risk
0,60,0,22,0,0,0,Low Risk
80,60,0,8,0,0,2,Low Risk
167,180,0,10,3,5,4,Moderate Risk
0,240,0,61,1,0,0,Low Risk
0,60,0,101,0,0,1,Low Risk
184,180,0,0,0,0,2,Low Risk
0,240,0,63,0,0,0,Low Risk
63,60,0,0,0,5,4,Moderate Risk
95,60,0,30,0,0,2,Low Risk
112,120,0,88,0,0,0,Low Risk
172,120,43,37,0,0,4,Moderate Risk
164,180,0,126,0,4,3,Moderate Risk
187,180,0,76,0,3,4,Moderate Risk
249,60,0,125,1,0,3,Moderate Risk
128,120,0,10,0,0,2,Low Risk
54,60,18,60,0,0,2,Low Risk
164,240,28,23,0,3,4,Moderate Risk
198,60,0,14,0,1,2,Low Risk
71,120,0,0,0,0,0,Low Risk
238,60,0,26,0,8,4,Moderate Risk
43,180,0,57,0,4,2,Low Risk
0,120,44,102,1,0,3,Moderate Risk
57,240,0,106,0,0,1,Low Risk
129,120,20,89,0,0,4,Moderate Risk
102,240,44,90,2,1,2,Moderate Risk
109,240,0,69,0,1,0,Low Risk
98,120,0,0,4,0,2,Low Risk
6,60,14,54,0,0,2,Low Risk
156,120,0,0,1,1,2,Low Risk
140,240,0,2,0,2,0,Low Risk
126,60,0,61,0,0,2,Low Risk
142,240,0,23,0,2,0,Low Risk
123,60,0,104,0,4,5,Moderate Risk
0,180,0,2,0,0,0,Low Risk
182,240,41,11,0,0,2,Low Risk
85,60,33,1,0,2,4,Moderate Risk
149,120,0,113,2,0,3,Moderate Risk
135,60,7,0,1,0,4,Moderate Risk
156,60,0,99,0,0,3,Moderate Risk
236,180,0,68,1,0,2,Low Risk
254,180,0,163,0,2,3,Moderate Risk
35,180,42,25,0,0,2,Low Risk
182,240,22,28,0,4,4,Moderate Risk
192,120,0,133,0,0,3,Moderate Risk
23,180,0,193,0,2,1,Low Risk
190,240,0,169,1,2,1,Low Risk
109,120,1,0,0,0,2,Low Risk
136,240,0,78,0,0,0,Low Risk
62,240,0,103,3,2,3,Moderate Risk
120,180,0,21,3,1,2,Low Risk
328,180,21,81,0,2,4,Moderate Risk
140,240,0,0,0,0,0,Low Risk
195,60,0,129,0,0,3,Moderate Risk
68,240,0,64,0,4,2,Low Risk
187,240,46,22,2,0,2,Low Risk
53,180,0,40,0,1,0,Low Risk
206,60,0,0,0,3,4,Moderate Risk
129,180,0,45,0,3,2,Low Risk
113,240,0,48,0,0,0,Low Risk
226,120,0,22,0,0,2,Low Risk
178,180,0,21,0,0,0,Low Risk
329,60,0,48,6,3,6,High Risk
178,180,0,27,0,0,0,Low Risk
277,180,0,113,0,0,3,Moderate Risk
183,60,62,10,0,0,4,Moderate Risk
44,240,0,16,1,2,0,Low Risk
150,60,0,43,5,0,4,Moderate Risk
372,240,0,37,0,0,2,Low Risk
281,60,0,36,0,1,2,Low Risk
176,180,0,1,0,0,0,Low Risk
251,60,0,180,0,7,5,Moderate Risk
316,240,0,39,1,1,2,Low Risk
174,180,0,103,4,0,3,Moderate Risk
212,240,18,22,0,0,2,Low Risk
84,60,2,34,4,0,6,High Risk
145,240,0,9,0,2,0,Low Risk
337,240,0,47,3,0,4,Moderate Risk
114,120,6,11,0,0,2,Low Risk
16,180,0,82,2,3,2,Low Risk
86,180,0,59,0,0,0,Low Risk
162,240,46,55,4,0,4,Moderate Risk
98,180,20,67,0,0,2,Low Risk
67,180,5,129,1,0,3,Moderate Risk
202,120,47,7,0,1,4,Moderate Risk
214,180,0,0,0,5,4,Moderate Risk
273,120,0,0,0,1,2,Low Risk
119,180,4,2,0,0,2,Low Risk
223,180,0,102,2,1,3,Moderate Risk
0,240,0,31,0,0,0,Low Risk
0,240,0,35,0,0,0,Low Risk
195,240,0,63,1,0,0,Low Risk
73,240,0,13,0,3,2,Low Risk
398,120,43,30,2,0,4,Moderate Risk
123,240,37,21,1,0,2,Low Risk
177,180,0,32,0,0,0,Low Risk
161,60,44,53,1,0,4,Moderate Risk
396,60,0,8,0,0,2,Low Risk
238,60,39,71,0,0,4,Moderate Risk
118,240,0,75,0,0,0,Low Risk
256,240,0,0,0,0,2,Low Risk
208,240,0,14,1,0,0,Low Risk
258,240,43,54,0,0,4,Moderate Risk
174,60,0,0,3,0,4,Moderate Risk
0,60,0,87,0,0,0,Low Risk
43,180,2,24,0,0,2,Low Risk
103,180,57,138,0,0,3,Moderate Risk
185,240,0,144,0,0,1,Low Risk
130,60,0,37,2,0,2,Low Risk
68,240,0,64,1,0,0,Low Risk
28,60,22,90,0,0,2,Low Risk
90,240,84,23,1,2,2,Low Risk
174,60,0,68,2,0,2,Low Risk
27,120,0,8,0,0,0,Low Risk
162,240,4,128,0,1,3,Moderate Risk
186,60,0,68,0,0,2,Low Risk
50,60,0,26,3,2,2,Low Risk
73,120,8,1,0,8,4,Moderate Risk
382,240,0,11,0,0,2,Low Risk
67,60,0,99,0,0,3,Moderate Risk
250,240,0,192,0,0,3,Low Risk
224,180,0,89,0,0,2,Low Risk
153,240,0,40,0,1,0,Low Risk
92,120,1,53,0,8,4,Moderate Risk
260,60,0,84,0,0,2,Low Risk
42,240,0,50,1,0,0,Low Risk
251,240,0,71,0,2,2,Low Risk
136,180,23,39,1,0,2,Low Risk
92,120,0,104,0,0,1,Low Risk
46,120,0,4,0,0,0,Low Risk
0,120,0,28,1,0,0,Low Risk
68,180,51,104,0,0,3,Moderate Risk
90,180,0,37,0,0,0,Low Risk
218,240,0,107,0,0,1,Low Risk
146,240,0,73,0,0,0,Low Risk
209,180,0,104,0,0,3,Moderate Risk
177,240,0,63,0,4,2,Low Risk
215,60,0,47,1,2,2,Low Risk
194,60,0,100,2,4,5,High Risk
51,180,0,16,3,0,2,Low Risk
78,180,0,127,0,1,1,Moderate Risk
56,180,0,0,0,0,0,Low Risk
434,60,0,54,0,0,2,Low Risk
151,120,0,73,0,0,2,Low Risk
130,240,0,51,0,0,0,Low Risk
55,180,0,35,1,0,0,Low Risk
134,240,0,114,3,0,3,Moderate Risk
160,60,0,104,3,0,5,Moderate Risk
127,60,0,19,0,0,2,Low Risk
128,60,0,60,0,0,2,Low Risk
177,180,0,51,0,0,0,Low Risk
212,240,0,63,6,0,2,Low Risk
85,60,0,9,0,4,4,Moderate Risk
130,120,0,56,1,3,4,Moderate Risk
91,60,3,29,2,3,6,High Risk
66,60,0,44,0,0,2,Low Risk
346,180,88,28,0,0,4,Moderate Risk
286,180,0,56,1,2,2,Low Risk
0,180,0,15,0,1,0,Low Risk
40,240,0,137,2,3,3,Moderate Risk
295,240,0,26,2,3,4,Moderate Risk
211,240,0,60,0,1,0,Low Risk
271,120,0,56,0,6,4,Moderate Risk
212,180,0,35,0,3,4,Moderate Risk
117,240,0,43,0,1,0,Low Risk
273,120,0,66,0,1,2,Low Risk
38,60,0,83,0,11,2,Low Risk
125,180,0,10,0,0,0,Low Risk
204,60,0,81,0,0,2,Low Risk
442,60,0,55,0,0,2,Low Risk
42,240,0,109,0,0,1,Low Risk
138,120,41,67,0,0,4,Moderate Risk
80,120,0,18,0,1,0,Low Risk
60,120,0,100,10,2,3,Moderate Risk
115,60,14,53,0,0,4,Moderate Risk
192,120,4,37,0,0,4,Moderate Risk
2,240,0,116,0,0,1,Low Risk
163,180,0,73,0,3,2,Low Risk
173,240,0,27,3,0,2,Low Risk
188,60,0,0,0,0,2,Low Risk
298,120,23,244,0,0,5,Moderate Risk
0,120,0,56,0,1,0,Low Risk
327,60,0,54,0,0,2,Low Risk
192,180,0,119,1,0,3,Moderate Risk
135,120,0,6,2,0,2,Low Risk
255,60,0,43,0,0,2,Low Risk
195,60,0,0,0,0,2,Low Risk
219,180,0,21,1,0,2,Low Risk
216,120,0,82,1,0,2,Low Risk
56,240,45,147,0,3,5,Moderate Risk
146,240,0,21,2,1,0,Low Risk
41,180,0,56,0,3,2,Moderate Risk
56,60,0,0,0,0,0,Moderate Risk
238,120,0,0,0,0,2,Low Risk
154,120,30,37,1,5,6,High Risk
107,120,15,41,2,0,2,Low Risk
75,180,0,65,0,3,2,Low Risk
108,240,0,26,0,1,0,Low Risk
95,60,5,53,0,3,6,High Risk
44,240,0,0,2,2,0,Low Risk
188,120,0,143,1,0,3,Moderate Risk
0,240,20,96,0,0,3,Moderate Risk
168,240,0,0,0,0,0,Low Risk
410,180,0,98,0,1,3,Moderate Risk
87,240,0,119,0,0,1,Moderate Risk
212,240,0,0,0,2,0,Low Risk
0,120,0,25,0,0,0,Low Risk
96,60,0,10,0,0,2,Low Risk
143,180,0,2,0,2,0,Low Risk
66,180,0,77,1,1,0,Low Risk
20,60,0,36,3,0,2,Low Risk
89,120,0,108,0,1,1,Low Risk
7,180,0,107,0,3,3,Moderate Risk
145,60,0,29,1,0,2,Low Risk
131,60,0,67,1,0,2,Low Risk
78,240,0,83,0,0,0,Low Risk
133,60,61,70,1,0,4,Moderate Risk
234,240,59,116,0,1,3,Moderate Risk
153,120,0,34,3,0,4,Moderate Risk
192,60,0,119,1,0,3,Moderate Risk
4,120,0,74,0,1,0,Low Risk
215,120,0,66,1,1,2,Low Risk
209,120,0,40,0,0,2,Low Risk
0,180,87,68,0,4,4,Moderate Risk
132,120,0,174,0,1,3,Moderate Risk
6,120,0,3,0,0,0,Low Risk
0,240,0,121,0,0,1,Low Risk
189,240,0,0,0,0,0,Low Risk
249,180,0,159,2,0,3,Moderate Risk
231,120,0,25,0,0,2,Low Risk
0,60,15,69,0,2,2,Low Risk
65,60,0,52,0,0,2,Low Risk
66,60,0,80,0,0,2,Low Risk
44,180,0,134,1,0,1,Low Risk
188,240,0,0,0,4,2,Low Risk
260,60,0,1,1,0,2,Low Risk
70,180,0,54,1,0,0,Low Risk
254,180,61,0,0,2,4,Moderate Risk
124,180,0,35,1,0,0,Low Risk
69,180,0,13,0,5,2,Low Risk
0,180,0,56,0,1,0,Low Risk
28,180,0,179,0,0,1,Low Risk
139,60,53,32,0,4,6,High Risk
101,240,0,43,5,0,2,Low Risk
64,240,0,73,0,0,0,Low Risk
178,180,2,0,2,1,2,Low Risk
326,120,0,8,1,0,2,Low Risk
288,180,0,89,0,4,4,High Risk
67,120,4,92,0,3,5,Moderate Risk
136,120,45,59,1,5,6,High Risk
204,180,58,23,0,5,6,High Risk
71,240,0,37,0,0,0,Low Risk
44,240,0,16,0,1,0,Low Risk
159,120,0,64,0,0,2,Low Risk
4,60,0,0,1,0,0,Low Risk
12,240,0,34,0,0,0,Low Risk
183,180,0,0,0,2,2,Low Risk
148,120,0,95,1,1,3,Moderate Risk
304,120,0,0,0,0,2,Low Risk
402,240,152,3,0,1,4,Moderate Risk
190,240,0,22,0,3,2,Low Risk
0,60,0,64,0,2,0,Low Risk
6,120,0,82,4,4,4,Moderate Risk
232,60,0,170,0,0,3,Moderate Risk
234,240,0,26,1,0,0,Low Risk
206,60,0,0,1,0,2,Low Risk
211,240,48,7,0,1,2,Low Risk
46,240,0,81,0,0,0,Low Risk
209,60,0,6,0,0,2,Low Risk
98,180,0,31,0,0,0,Low Risk
258,240,88,13,1,0,4,Moderate Risk
247,60,0,23,1,0,2,Low Risk
187,120,0,0,0,2,2,Low Risk
0,240,0,105,6,0,3,Moderate Risk
227,120,70,5,0,0,4,Moderate Risk
224,120,0,7,0,0,2,Low Risk
9,120,8,64,0,0,2,Low Risk
16,240,18,18,0,0,2,Low Risk
205,120,0,53,0,0,2,Low Risk
242,60,0,67,0,8,4,Moderate Risk
266,60,0,0,0,0,2,Low Risk
168,120,0,96,0,0,3,Moderate Risk
0,180,0,39,0,1,0,Low Risk
188,240,40,18,0,0,2,Low Risk
250,180,0,159,0,2,3,Moderate Risk
89,60,0,27,0,0,2,Low Risk
44,120,7,56,0,0,2,Low Risk
167,180,8,82,0,1,2,Low Risk
394,240,0,41,1,0,2,Low Risk
72,60,0,0,0,0,2,Low Risk
272,180,0,0,0,0,2,Low Risk
164,240,0,136,0,4,3,Moderate Risk
185,240,0,80,0,0,0,Low Risk
144,180,0,0,0,0,0,Low Risk
178,120,73,22,0,0,4,Moderate Risk
160,240,0,57,0,8,2,Low Risk
324,180,0,0,0,0,2,Moderate Risk
110,240,14,0,0,0,2,Low Risk
331,120,0,134,2,1,3,Moderate Risk
0,240,0,84,0,0,0,Low Risk
37,180,0,20,0,0,0,Low Risk
67,60,0,74,0,0,2,Low Risk
0,60,0,45,0,3,2,Low Risk
165,180,0,39,2,1,0,Low Risk
12,180,0,46,0,0,0,Low Risk
130,120,0,15,0,2,2,Low Risk
223,60,0,29,0,4,4,Moderate Risk
321,180,74,52,0,1,4,Moderate Risk
328,120,0,0,0,5,4,Moderate Risk
129,240,0,0,0,0,0,Low Risk
217,60,0,90,3,0,4,Moderate Risk
0,180,0,51,3,1,2,Low Risk
0,240,0,0,0,1,0,Low Risk
163,240,0,24,3,0,2,Low Risk
99,120,0,0,0,0,0,Low Risk
197,180,57,7,1,0,4,High Risk
289,240,0,105,0,0,3,Moderate Risk
276,60,0,22,0,0,2,Low Risk
192,120,0,75,0,3,4,Moderate Risk
213,120,0,25,4,0,4,Moderate Risk
1,240,0,11,0,0,0,Low Risk
137,240,0,80,0,0,0,Low Risk
84,180,10,38,0,6,4,Moderate Risk
145,180,0,36,1,1,0,Low Risk
0,240,0,18,0,0,0,Low Risk
1,60,0,65,0,0,0,Low Risk
10,60,0,23,0,13,2,Low Risk
0,60,0,57,0,3,2,Low Risk
147,60,0,19,0,0,2,Low Risk
98,240,0,56,1,0,0,Low Risk
421,180,31,21,0,4,6,High Risk
121,120,4,18,0,0,4,Moderate Risk
233,180,38,40,0,0,4,Moderate Risk
197,240,0,32,0,0,0,Low Risk
227,60,0,22,2,0,2,Low Risk
249,240,0,9,2,0,2,Low Risk
120,60,5,50,0,0,4,Moderate Risk
229,180,0,75,0,0,2,Low Risk
318,60,0,129,0,0,3,Moderate Risk
193,180,0,17,0,4,4,Moderate Risk
107,180,0,31,2,0,0,Low Risk
365,180,94,59,0,1,4,Moderate Risk
89,120,0,63,0,0,0,Low Risk
67,240,0,51,0,0,0,Low Risk
9,120,8,92,0,0,3,Moderate Risk
38,120,23,44,0,0,2,Low Risk
67,180,0,31,0,0,0,Low Risk
100,60,0,47,0,0,2,Low Risk
103,180,0,58,0,0,0,Low Risk
113,60,52,52,1,0,4,Moderate Risk
249,180,0,0,4,0,4,Moderate Risk
130,180,0,72,0,0,0,Low Risk
309,180,0,10,0,0,2,Low Risk
213,180,0,0,0,0,2,Low Risk
154,180,0,10,1,0,0,Low Risk
55,60,0,45,0,3,2,Low Risk
171,120,0,83,0,0,2,Low Risk
277,240,0,50,0,0,2,Low Risk
244,60,0,47,1,0,2,Low Risk
123,120,0,46,0,1,2,Low Risk
120,120,0,40,0,0,0,Low Risk
451,120,26,0,5,0,6,High Risk
165,240,0,3,0,0,0,Low Risk
103,120,7,91,0,0,3,Moderate Risk
81,240,0,103,2,2,1,Low Risk
158,240,0,86,0,0,0,Low Risk
131,180,0,84,0,7,2,Low Risk
278,120,0,35,0,2,2,Low Risk
176,120,0,66,0,0,2,Moderate Risk
163,180,0,0,0,6,2,Low Risk
220,120,0,1,0,0,2,Low Risk
136,120,81,84,1,0,4,Moderate Risk
133,240,0,28,0,0,0,Low Risk
75,180,0,40,0,0,0,Low Risk
100,180,0,5,0,0,0,Low Risk
21,240,76,39,0,2,2,Low Risk
144,240,0,66,0,2,0,Low Risk
146,60,10,77,1,3,6,High Risk
105,180,0,94,6,7,5,High Risk
275,240,0,60,0,1,2,Low Risk
192,120,0,67,0,0,2,Low Risk
13,120,23,0,1,2,2,Low Risk
64,60,0,30,0,0,2,Low Risk
151,180,0,43,0,1,0,Low Risk
55,240,4,32,0,7,4,High Risk
234,240,0,38,0,4,2,Low Risk
54,120,27,9,0,15,4,Moderate Risk
174,120,9,10,1,0,4,Moderate Risk
81,60,7,70,0,0,4,Moderate Risk
203,240,0,20,0,0,0,Low Risk
238,240,0,170,5,0,3,Moderate Risk
122,240,0,36,0,0,0,Low Risk
135,60,0,25,0,0,2,Low Risk
169,180,0,18,0,5,2,Low Risk
134,180,0,0,0,0,0,Low Risk
93,240,0,28,1,3,2,Low Risk
44,180,0,1,1,4,2,Low Risk
118,180,13,125,0,0,3,Moderate Risk
230,240,9,17,0,0,2,Low Risk
293,60,0,12,0,6,4,Low Risk
129,60,0,131,3,3,7,High Risk
167,120,0,83,0,0,2,Low Risk
82,180,0,66,2,0,0,Low Risk
211,120,42,92,0,0,5,Moderate Risk
131,120,0,16,0,2,2,Low Risk
56,180,0,71,0,0,0,Low Risk
174,120,0,28,0,0,2,Low Risk
208,240,0,67,2,0,0,Low Risk
153,120,0,0,0,0,2,Low Risk
59,240,0,45,0,0,0,Low Risk
116,60,0,86,2,0,2,Low Risk
34,60,0,138,1,0,1,Low Risk
41,60,0,95,0,0,1,Low Risk
278,60,0,66,0,0,2,Low Risk
19,180,0,62,0,2,0,Low Risk
242,180,0,32,2,1,2,Low Risk
244,60,0,33,0,0,2,Low Risk
128,180,0,0,1,0,0,Low Risk
108,240,0,22,0,0,0,Low Risk
226,240,0,30,0,0,0,Low Risk
101,180,0,15,0,0,0,Low Risk
48,120,0,88,1,3,2,Low Risk
167,240,19,24,1,0,2,Low Risk
153,60,0,88,0,0,2,Low Risk
54,180,0,24,1,0,0,Low Risk
228,240,0,22,0,0,0,Low Risk
148,180,0,58,0,1,0,Low Risk
200,240,0,0,0,3,2,Low Risk
349,180,0,32,0,0,2,Low Risk
123,60,0,62,2,1,2,Low Risk
362,60,14,183,0,3,7,High Risk
36,120,0,77,0,3,2,Low Risk
68,60,0,58,2,1,2,Low Risk
181,180,0,118,0,3,5,Low Risk
174,240,0,0,2,7,2,Low Risk
0,60,0,37,0,0,0,Low Risk
165,120,0,0,0,2,2,Low Risk
221,60,0,58,1,1,2,Low Risk
97,240,0,119,0,0,1,Low Risk
98,180,0,50,0,1,0,Low Risk
196,120,0,60,0,0,2,Low Risk
162,180,0,74,0,0,0,Low Risk
118,180,0,41,0,2,0,Low Risk
274,60,0,127,3,1,5,Moderate Risk
199,120,0,142,0,0,3,Moderate Risk
128,180,0,27,1,0,0,Low Risk
148,180,0,34,0,0,0,Low Risk
82,240,0,0,0,0,0,Low Risk
7,120,56,18,3,0,4,Moderate Risk
115,60,0,23,0,1,2,Low Risk
252,120,0,0,0,1,2,Low Risk
145,240,6,43,1,1,2,Low Risk
118,180,0,4,0,0,0,Low Risk
129,60,56,96,0,0,5,Moderate Risk
55,240,0,176,0,4,3,Moderate Risk
185,60,13,152,0,0,5,Moderate Risk
210,120,0,0,0,3,4,Moderate Risk
87,180,0,103,3,1,3,Moderate Risk
217,180,0,82,0,6,4,Moderate Risk
181,240,0,71,0,2,0,Low Risk
93,240,0,46,1,0,0,Low Risk
171,60,0,30,0,0,2,Low Risk
178,240,0,78,1,0,0,Low Risk
291,60,0,79,1,0,2,Low Risk
0,120,0,30,2,0,0,Low Risk
208,120,0,0,0,0,2,Low Risk
0,60,0,117,0,6,3,Moderate Risk
127,120,33,22,0,0,4,Moderate Risk
204,60,0,27,1,0,2,Low Risk
228,60,0,0,0,1,2,Low Risk
263,240,14,13,1,0,4,High Risk
222,180,53,38,0,2,4,Moderate Risk
230,60,65,43,1,0,4,Moderate Risk
174,180,48,54,0,3,4,Moderate Risk
128,240,0,54,0,0,0,Low Risk
166,240,0,117,0,0,1,Low Risk
254,240,0,146,0,0,3,Moderate Risk
67,60,2,97,0,0,5,Moderate Risk
218,180,0,26,0,0,2,Low Risk
251,60,6,39,0,0,4,Moderate Risk
0,60,32,64,0,0,2,Low Risk
128,120,0,75,0,0,2,Low Risk
185,60,58,110,0,7,7,High Risk
195,60,0,30,0,1,2,Low Risk
185,180,0,37,0,0,2,Low Risk
123,60,0,86,2,0,2,Low Risk
110,180,0,16,1,0,0,Low Risk
122,60,34,146,0,0,5,Moderate Risk
212,120,22,59,0,0,4,Moderate Risk
141,240,3,0,0,0,2,Low Risk
271,240,0,94,0,0,3,Moderate Risk
46,60,22,29,0,0,2,Low Risk
106,240,0,43,1,1,0,Low Risk
122,240,0,45,0,0,0,Low Risk
110,60,0,90,0,3,4,Moderate Risk
126,180,0,54,0,10,2,Low Risk
37,120,0,38,0,0,0,Low Risk
124,120,0,88,0,0,2,Low Risk
424,240,0,45,1,0,2,Low Risk
349,120,0,65,0,0,2,Low Risk
115,180,49,97,0,0,3,Moderate Risk
18,120,126,178,0,3,5,Moderate Risk
75,60,0,9,0,0,2,Low Risk
70,60,0,12,0,7,4,High Risk
236,240,0,71,1,0,0,Low Risk
201,240,10,106,1,0,3,Moderate Risk
154,120,0,71,0,4,4,Moderate Risk
115,120,0,71,0,0,0,Low Risk
2,180,8,2,5,0,4,Moderate Risk
24,240,0,56,0,5,2,Low Risk
344,240,92,49,2,0,4,Moderate Risk
152,120,0,104,0,4,5,Moderate Risk
0,180,0,108,0,5,3,Moderate Risk
364,240,0,31,0,0,2,Low Risk
154,120,0,77,1,1,2,Low Risk
44,60,0,121,0,0,1,Low Risk
116,60,39,54,0,0,4,Moderate Risk
148,120,10,123,0,3,7,High Risk
100,180,0,175,3,2,3,Moderate Risk
93,180,0,35,0,1,0,Low Risk
212,180,7,35,0,0,4,Moderate Risk
305,120,0,21,2,6,4,Moderate Risk
260,60,0,0,0,0,2,Low Risk
37,120,0,87,0,3,2,Low Risk
146,240,0,100,0,1,1,Low Risk
162,60,0,41,0,0,2,Low Risk
294,120,0,27,1,5,4,Moderate Risk
314,180,0,0,0,1,2,Low Risk
0,60,0,53,0,0,0,Low Risk
325,240,0,64,3,0,4,Moderate Risk
57,240,38,26,1,3,4,Moderate Risk
173,120,0,48,0,0,2,Low Risk
373,180,0,13,4,0,4,Moderate Risk
84,240,0,25,0,3,2,Low Risk
239,180,0,0,0,0,2,Low Risk
66,180,0,0,1,0,0,Low Risk
198,180,0,28,0,0,2,Low Risk
0,60,0,64,4,2,2,Low Risk
0,240,0,129,1,0,1,Low Risk
317,120,0,54,0,7,4,Moderate Risk
0,120,0,68,1,3,2,Low Risk
287,120,0,0,1,0,2,Low Risk
371,120,1,82,0,0,4,Moderate Risk
260,120,0,9,0,0,2,Low Risk
374,240,0,25,4,0,4,Moderate Risk
144,60,0,42,0,3,4,Moderate Risk
282,180,0,55,0,0,2,Low Risk
0,120,0,0,1,5,2,Low Risk
0,240,0,0,0,0,0,Low Risk
184,60,1,40,0,0,4,Moderate Risk
0,60,0,30,9,0,2,Low Risk
196,60,0,57,0,0,2,Low Risk
196,240,0,34,1,7,2,Low Risk
204,60,0,0,1,4,4,Moderate Risk
178,120,0,35,0,3,4,Moderate Risk
112,180,0,10,0,1,0,Low Risk
183,240,0,63,0,0,0,Low Risk
324,180,0,86,3,0,4,Moderate Risk
158,180,108,9,0,5,4,Moderate Risk
272,120,29,19,0,0,4,Moderate Risk
0,240,0,68,0,0,0,Low Risk
43,180,0,32,1,0,0,Low Risk
231,120,20,36,0,0,4,Moderate Risk
118,120,0,43,3,0,2,Low Risk
219,120,0,27,0,1,2,Low Risk
49,240,0,92,0,2,1,Low Risk
158,120,0,0,6,0,4,Moderate Risk
318,120,15,26,0,0,4,Moderate Risk
276,120,0,41,0,2,2,Low Risk
132,120,0,18,2,0,2,Moderate Risk
175,240,0,129,0,4,3,Moderate Risk
142,240,0,57,0,0,0,Low Risk
273,240,0,60,0,1,2,Low Risk
215,240,0,56,1,2,0,Low Risk
360,240,0,36,0,0,2,Low Risk
166,240,0,116,1,0,1,Low Risk
231,180,0,0,0,0,2,Low Risk
160,180,0,0,0,0,0,Low Risk
149,60,0,96,1,2,3,Moderate Risk
253,120,0,81,0,0,2,Low Risk
242,120,21,71,6,0,6,High Risk
232,180,0,24,3,0,4,Moderate Risk
92,240,13,12,0,0,2,Low Risk
85,240,0,0,0,0,0,Low Risk
151,240,0,4,0,0,0,Low Risk
239,240,38,49,0,2,2,Low Risk
184,180,0,34,0,0,2,Low Risk
262,240,0,39,1,0,2,Low Risk
32,60,0,64,0,2,0,Low Risk
245,180,0,47,0,0,2,Low Risk
255,120,0,172,0,0,3,Moderate Risk
231,60,0,53,1,0,2,Low Risk
180,180,0,6,0,0,0,Low Risk
151,60,0,7,0,0,2,Low Risk
208,60,0,109,0,0,3,Moderate Risk
95,120,0,125,0,0,1,Low Risk
101,120,0,0,0,0,0,Low Risk
102,60,0,21,0,1,2,Low Risk
138,60,0,72,0,0,2,Low Risk
96,240,0,51,0,0,0,Low Risk
207,180,0,0,0,0,2,Low Risk
162,60,73,110,0,4,7,High Risk
368,180,0,36,5,0,4,Moderate Risk
0,120,68,131,1,0,3,Moderate Risk
214,180,0,0,1,0,2,Low Risk
0,120,0,0,2,0,0,Low Risk
166,60,23,38,0,0,4,Moderate Risk
50,60,75,0,5,1,4,Low Risk
262,120,0,24,0,0,2,Low Risk
149,120,0,43,2,0,2,Low Risk
158,120,0,71,4,0,4,Moderate Risk
65,240,0,146,0,1,1,Low Risk
217,180,0,102,4,1,5,Moderate Risk
275,120,0,63,0,6,4,Moderate Risk
291,180,0,149,2,0,3,Moderate Risk
0,180,0,38,4,0,2,Low Risk
190,60,0,156,2,0,3,Moderate Risk
142,60,0,44,0,0,2,Low Risk
110,60,0,21,0,1,2,Low Risk
0,180,10,45,0,0,2,Low Risk
226,240,0,39,0,1,0,Low Risk
208,120,0,74,0,0,2,Low Risk
123,240,0,161,0,4,3,Moderate Risk
178,60,19,42,2,0,4,Moderate Risk
339,240,0,9,0,0,2,Low Risk
292,180,0,28,0,1,2,Low Risk
43,240,0,89,0,4,2,Low Risk
148,180,0,0,0,10,2,Low Risk
275,180,0,75,0,0,2,Low Risk
237,180,0,132,0,0,3,Moderate Risk
10,240,0,65,1,1,0,Low Risk
256,120,0,36,0,0,2,Low Risk
59,240,0,159,1,0,1,Low Risk
67,120,0,13,0,2,0,Low Risk
41,120,0,84,1,0,0,Low Risk
118,60,0,0,0,1,2,Low Risk
84,240,0,0,2,0,0,Low Risk
150,180,0,160,1,0,1,Low Risk
117,180,0,54,0,0,0,Low Risk
376,240,0,81,1,0,2,Low Risk
36,240,22,53,3,0,4,Moderate Risk
239,120,0,19,0,0,2,Low Risk
87,120,0,89,2,3,2,Low Risk
201,240,0,65,2,0,0,Low Risk
207,240,0,7,0,0,0,Low Risk
221,240,0,24,0,0,0,Low Risk
109,120,0,54,0,0,0,Low Risk
11,180,0,84,0,0,0,Low Risk
226,120,0,106,0,2,3,Moderate Risk
42,120,117,0,0,0,2,Low Risk
275,60,93,106,0,1,5,Moderate Risk
179,60,0,56,0,0,2,Low Risk
374,60,0,121,0,1,3,Moderate Risk
123,240,34,40,0,0,2,Low Risk
62,240,0,42,2,0,0,Low Risk
242,60,0,29,3,0,4,Moderate Risk
146,120,0,64,0,0,2,Low Risk
133,180,0,133,0,0,1,Moderate Risk
144,120,0,43,1,0,2,Low Risk
173,60,0,0,0,0,2,Low Risk
104,120,16,36,0,1,2,Low Risk
129,120,46,7,0,0,4,Moderate Risk
277,120,4,0,5,0,6,High Risk
199,240,0,131,0,4,3,Moderate Risk
195,240,0,99,1,0,1,Low Risk
113,120,0,40,0,2,0,Low Risk
167,180,68,29,2,1,2,Low Risk
296,60,0,40,0,0,2,Low Risk
143,240,0,44,0,0,0,Low Risk
266,120,0,19,0,2,2,Low Risk
69,60,81,4,0,0,4,Moderate Risk
189,120,0,79,1,1,2,Low Risk
253,180,79,79,0,1,4,Moderate Risk
135,240,0,51,5,0,2,Low Risk
245,240,0,50,0,0,2,Low Risk
284,240,78,25,1,0,4,Moderate Risk
67,180,9,7,0,0,2,Low Risk
393,60,0,38,0,0,2,Low Risk
0,240,0,68,1,2,0,Low Risk
68,60,80,49,0,0,4,Moderate Risk
85,120,0,1,0,2,0,Low Risk
101,240,5,14,0,0,2,Low Risk
24,180,0,33,0,2,0,Low Risk
185,120,0,94,0,6,5,Low Risk
116,240,0,20,0,1,0,Low Risk
151,240,0,84,0,3,2,Low Risk
96,240,0,9,6,0,2,Low Risk
336,180,0,153,3,3,7,High Risk
214,180,0,63,4,1,4,Moderate Risk
345,240,8,34,0,0,4,Moderate Risk
169,180,71,113,0,0,3,Moderate Risk
68,180,0,59,2,1,0,Low Risk
96,180,34,94,0,0,3,Moderate Risk
303,240,0,0,1,1,2,Low Risk
43,240,0,0,0,1,0,Low Risk
5,180,0,3,4,3,4,Moderate Risk
4,180,0,57,0,0,0,Low Risk
32,120,0,115,0,0,1,Low Risk
122,240,0,19,0,0,0,Low Risk
304,60,0,66,3,0,4,Moderate Risk
266,240,0,129,0,0,3,Moderate Risk
121,60,0,54,0,1,2,Low Risk
152,120,0,213,4,0,5,Moderate Risk
266,240,0,109,0,0,3,Moderate Risk
196,120,0,54,2,0,2,Low Risk
231,60,0,0,0,0,2,Low Risk
269,180,0,109,1,1,3,Moderate Risk
225,240,0,87,0,0,0,Low Risk
140,180,0,0,0,0,0,Low Risk
109,240,9,0,0,0,2,Low Risk
67,120,0,63,1,1,0,Low Risk
80,60,0,95,1,0,3,Moderate Risk
236,60,0,9,0,0,2,Low Risk
213,60,0,11,0,0,2,Low Risk
250,180,3,0,0,0,4,Moderate Risk
255,180,0,110,1,0,3,Moderate Risk
280,180,0,41,3,0,4,Moderate Risk
208,180,20,102,0,5,7,High Risk
11,180,0,39,0,1,0,Low Risk
0,180,0,58,0,0,0,Low Risk
229,120,0,2,2,0,2,Low Risk
185,120,0,87,0,0,2,Low Risk
216,120,0,49,0,1,2,Low Risk
226,60,0,29,0,4,4,Moderate Risk
132,60,0,17,0,1,2,Low Risk
88,60,0,154,3,5,7,High Risk
184,240,0,47,0,3,2,Low Risk
201,120,0,55,1,0,2,Low Risk
161,120,61,48,0,2,4,Moderate Risk
81,240,0,47,2,1,0,Low Risk
124,60,0,34,0,0,2,Low Risk
115,240,0,2,0,0,0,Low Risk
179,180,0,172,5,1,3,Moderate Risk
200,180,0,157,1,4,5,Moderate Risk
180,120,10,0,0,0,4,Moderate Risk
0,180,0,76,1,0,0,Low Risk
2,240,0,60,0,4,2,Low Risk
333,120,0,91,0,10,5,Moderate Risk
88,240,0,0,1,0,0,Low Risk
230,240,0,24,0,0,0,Low Risk
0,120,27,57,0,0,2,Low Risk
0,60,0,0,0,0,0,Low Risk
110,240,0,11,0,4,2,Low Risk
256,180,0,121,6,5,7,High Risk
140,240,0,22,0,0,0,Low Risk
207,240,0,33,0,0,0,Low Risk
174,120,0,71,1,0,2,Moderate Risk
262,60,0,47,2,0,2,Low Risk
134,60,0,45,0,3,4,Moderate Risk
232,180,0,30,0,0,2,Low Risk
205,120,0,43,0,1,2,Low Risk
0,60,0,71,0,0,0,Low Risk
69,180,0,8,0,0,0,Low Risk
202,60,0,0,0,2,2,Low Risk
229,60,0,96,0,0,3,Moderate Risk
295,120,0,131,0,0,3,Moderate Risk
285,60,0,24,0,0,2,Low Risk
38,240,0,18,0,0,0,Low Risk
240,120,0,58,0,3,4,Moderate Risk
189,120,0,119,0,1,3,Moderate Risk
223,60,17,108,0,0,5,Moderate Risk
199,60,0,11,3,1,4,Moderate Risk
9,240,0,49,0,0,0,Low Risk
151,180,0,130,0,1,1,Low Risk
145,120,0,0,0,0,2,Low Risk
126,180,45,55,0,0,2,Low Risk
213,120,0,2,0,0,2,Low Risk
293,240,0,29,0,0,2,Low Risk
341,60,0,84,0,2,2,Low Risk
163,120,0,30,0,0,2,Low Risk
13,180,0,39,0,0,0,Low Risk
164,180,0,64,0,0,0,Low Risk
163,60,0,54,0,0,2,Low Risk
212,240,0,152,0,0,1,Low Risk
59,180,54,145,3,0,5,Moderate Risk
71,60,0,70,2,1,2,Low Risk
285,180,30,6,2,0,4,Moderate Risk
186,240,0,88,5,0,2,Low Risk
314,180,0,28,0,0,2,Low Risk
25,180,0,24,3,0,2,Low Risk
292,240,0,104,0,0,3,Moderate Risk
245,60,0,114,0,2,3,Moderate Risk
90,240,0,20,0,0,0,Low Risk
144,180,0,42,1,0,0,Low Risk
0,240,16,11,2,0,2,Low Risk
116,240,38,107,0,7,5,Moderate Risk
185,60,49,7,0,1,4,High Risk
100,120,0,39,0,0,0,Low Risk
221,60,0,29,0,0,2,Low Risk
62,120,0,30,0,1,0,Low Risk
151,60,0,38,0,0,2,Low Risk
58,120,0,71,0,5,2,Low Risk
178,60,31,69,0,0,4,Moderate Risk
320,60,0,1,0,0,2,Low Risk
103,180,0,133,2,5,3,Low Risk
144,180,0,77,0,0,0,Low Risk
151,240,0,14,0,1,0,Low Risk
241,180,8,155,2,0,5,Moderate Risk
126,120,0,53,0,1,2,Low Risk
167,60,0,165,2,0,3,Moderate Risk
140,60,0,15,0,0,2,Low Risk
68,240,0,63,2,0,0,Low Risk
287,60,0,132,0,0,3,Moderate Risk
283,180,0,32,0,0,2,Low Risk
87,120,0,85,3,1,2,Low Risk
17,180,0,101,4,2,3,Moderate Risk
49,180,0,54,0,0,0,Low Risk
166,120,5,0,0,2,4,Low Risk
143,120,0,34,0,0,2,Low Risk
136,120,0,86,0,0,2,Low Risk
222,120,0,26,1,0,2,Low Risk
0,120,0,57,0,4,2,Low Risk
237,120,0,36,0,0,2,Low Risk
188,60,90,9,0,0,4,Moderate Risk
61,120,0,31,0,0,0,Moderate Risk
61,60,0,0,0,0,2,Low Risk
347,120,0,36,0,2,2,Low Risk
363,240,0,65,0,1,2,Low Risk
155,120,0,125,0,5,5,Moderate Risk
41,240,0,86,0,3,2,Low Risk
96,180,0,34,0,0,0,Low Risk
0,240,0,28,0,0,0,Low Risk
0,180,0,36,1,2,0,Low Risk
87,180,0,42,0,11,2,Low Risk
0,60,0,71,3,0,2,Low Risk
282,120,49,122,0,3,7,High Risk
151,60,0,19,0,0,2,Low Risk
220,120,50,64,4,1,6,High Risk
172,180,0,43,0,0,0,Low Risk
140,180,0,0,0,1,0,Low Risk
228,180,18,61,0,0,4,Moderate Risk
67,240,0,23,0,2,0,Low Risk
38,240,31,23,0,1,2,Low Risk
82,120,28,27,0,0,2,Low Risk
180,60,0,59,3,5,6,High Risk
352,60,0,0,0,13,4,Low Risk
299,60,0,27,0,4,4,Moderate Risk
57,180,0,34,0,3,2,Low Risk
185,240,78,174,1,0,3,High Risk
138,60,17,113,1,0,5,Moderate Risk
159,60,0,37,0,1,2,Low Risk
70,240,0,31,3,0,2,Low Risk
305,60,0,0,0,0,2,Low Risk
159,180,2,35,0,0,2,Low Risk
223,180,0,43,0,0,2,Low Risk
78,240,0,49,0,0,0,Low Risk
146,60,0,85,0,6,4,Moderate Risk
105,120,1,96,0,0,3,Moderate Risk
164,180,0,18,0,5,2,Low Risk
283,60,0,84,0,1,2,Low Risk
203,120,0,38,2,1,2,Low Risk
40,120,10,83,6,0,4,Moderate Risk
102,180,0,96,0,3,3,Moderate Risk
39,120,46,13,0,1,2,Moderate Risk
185,180,0,14,2,0,2,Low Risk
315,180,0,30,0,0,2,Low Risk
175,60,8,24,2,0,4,Moderate Risk
84,240,2,192,1,2,3,Moderate Risk
77,180,0,9,0,0,0,Low Risk
133,240,0,75,0,1,0,Low Risk
113,240,0,66,2,3,2,Low Risk
252,120,0,19,0,0,2,Low Risk
30,60,0,71,0,0,0,Low Risk
253,240,0,169,0,1,3,Moderate Risk
94,60,0,44,1,0,2,Low Risk
152,120,34,15,1,0,4,Moderate Risk
290,240,0,53,0,0,2,Low Risk
99,120,10,107,0,0,3,Moderate Risk
133,180,0,80,0,4,2,Low Risk
57,60,0,23,0,0,0,Low Risk
0,180,0,1,0,1,0,Low Risk
112,60,0,59,0,0,2,Low Risk
137,60,0,56,0,0,2,Low Risk
342,120,0,53,0,0,2,Low Risk
55,240,0,0,0,0,0,Low Risk
193,240,0,168,0,0,1,Low Risk
174,240,0,111,0,0,1,Low Risk
26,60,0,77,2,0,0,Low Risk
284,180,0,63,4,2,4,Moderate Risk
262,180,0,10,0,3,4,Moderate Risk
116,240,0,52,0,0,0,Low Risk
267,60,0,20,0,4,4,Low Risk
96,180,20,23,0,2,2,Low Risk
180,60,0,80,0,3,4,Moderate Risk
144,180,0,26,8,0,2,Low Risk
253,120,0,0,0,0,2,Low Risk
276,240,0,117,0,0,3,Moderate Risk
0,120,0,121,0,2,1,Low Risk
69,180,0,2,0,1,0,Low Risk
155,60,0,23,1,0,2,Low Risk
198,60,0,45,0,0,2,Low Risk
150,240,5,38,0,0,2,Low Risk
1,240,0,64,0,18,2,Low Risk
123,60,0,154,0,0,3,Moderate Risk
94,240,46,7,0,1,2,Low Risk
377,240,0,123,3,0,5,Moderate Risk
105,60,41,104,3,0,7,High Risk
0,180,34,65,3,4,6,High Risk
145,240,0,113,2,3,3,Moderate Risk
229,240,0,36,0,0,0,Low Risk
5,60,0,50,6,1,2,Low Risk
178,60,0,99,0,0,3,Moderate Risk
102,180,0,69,1,0,0,Low Risk
407,240,102,82,0,1,4,Moderate Risk
219,240,0,67,1,1,0,Low Risk
114,120,0,21,0,0,0,Low Risk
228,180,30,0,3,4,8,High Risk
169,180,0,14,0,0,0,Low Risk
274,60,10,42,1,0,4,Moderate Risk
49,180,0,46,4,0,2,Low Risk
101,60,0,67,2,2,2,Low Risk
151,180,0,49,0,0,0,Low Risk
0,60,0,73,0,3,2,Low Risk
75,60,0,0,0,0,2,Low Risk
115,60,0,37,0,1,2,Low Risk
215,60,0,64,0,3,4,Moderate Risk
93,240,0,31,1,2,0,Low Risk
134,180,0,108,0,0,1,Low Risk
232,240,4,0,0,2,2,Low Risk
325,120,0,60,0,0,2,Low Risk
0,180,0,0,1,5,2,Low Risk
17,180,0,66,1,0,0,Low Risk
169,60,0,67,1,0,2,Low Risk
138,240,0,58,0,0,0,Low Risk
284,120,0,44,0,0,2,Low Risk
132,240,0,134,4,0,3,Moderate Risk
62,180,0,41,1,0,0,Low Risk
170,180,11,33,1,0,2,Low Risk
0,180,6,8,0,0,2,Low Risk
80,180,0,0,0,1,0,Low Risk
188,60,0,2,0,0,2,Low Risk
288,180,0,29,0,0,2,Low Risk
164,120,0,35,0,1,2,Low Risk
216,60,0,65,0,0,2,Low Risk
320,180,0,80,0,1,2,Low Risk
199,60,0,7,0,0,2,Low Risk
48,240,0,59,0,1,0,Low Risk
131,60,9,29,0,0,4,Moderate Risk
187,60,0,0,0,0,2,Low Risk
260,120,0,126,0,1,3,Moderate Risk
219,240,0,44,0,1,0,Low Risk
40,180,3,78,2,1,2,Low Risk
94,240,0,10,3,0,2,Low Risk
147,120,0,0,0,0,2,Low Risk
147,120,0,152,0,8,5,Moderate Risk
241,240,0,57,0,4,4,Moderate Risk
0,240,0,30,0,0,0,Low Risk
291,60,0,0,0,4,4,Moderate Risk
246,60,0,69,0,3,4,Moderate Risk
36,180,0,98,0,0,1,Low Risk
44,180,0,0,0,2,0,Low Risk
96,120,0,41,0,1,0,Low Risk
130,120,0,142,1,0,3,Moderate Risk
147,60,0,106,0,0,3,Moderate Risk
46,60,0,95,0,0,1,Low Risk
157,180,6,87,0,0,2,Low Risk
0,240,0,13,1,0,0,Low Risk
33,60,0,57,4,7,4,Moderate Risk
224,240,0,16,4,0,2,Low Risk
15,180,0,29,2,0,0,Low Risk
153,180,85,106,0,4,5,Moderate Risk
246,60,0,36,0,0,2,Low Risk
249,180,0,60,0,0,2,Low Risk
0,120,0,0,0,1,0,Low Risk
217,240,0,66,0,2,0,Low Risk
43,240,0,37,0,0,0,Low Risk
163,120,0,47,0,3,4,Moderate Risk
282,60,16,36,1,0,4,Moderate Risk
304,240,114,7,4,1,6,High Risk
186,180,0,118,0,1,3,Moderate Risk
124,60,0,50,0,0,2,Low Risk
281,60,0,117,0,0,3,Moderate Risk
55,240,0,89,0,6,2,Low Risk
144,180,0,3,1,0,0,Low Risk
120,60,0,93,0,0,3,Moderate Risk
136,180,0,0,2,0,0,Low Risk
67,60,4,16,0,1,4,Moderate Risk
146,180,24,56,1,0,2,Low Risk
177,60,0,152,0,0,3,Moderate Risk
236,120,0,84,0,0,2,Low Risk
113,120,38,44,4,0,4,Moderate Risk
24,120,0,140,0,4,3,Moderate Risk
75,240,0,119,0,0,1,Low Risk
102,180,25,223,0,0,3,Moderate Risk
165,60,0,81,0,0,2,Low Risk
187,60,0,136,0,2,3,Moderate Risk
34,240,0,43,0,0,0,Low Risk
15,240,0,86,0,1,0,Low Risk
0,240,0,60,0,0,0,Low Risk
212,120,0,0,0,0,2,Low Risk
198,60,76,76,1,1,4,Moderate Risk
90,60,0,84,0,0,2,Low Risk
219,60,0,78,0,0,2,Low Risk
113,180,0,27,0,0,0,Low Risk
122,180,20,8,3,0,4,Moderate Risk
133,180,0,42,1,0,0,Low Risk
329,240,19,57,1,2,4,Moderate Risk
77,120,0,34,0,5,2,Low Risk
258,240,0,0,0,1,2,Low Risk
159,60,0,37,0,0,2,Low Risk
164,180,0,20,4,1,2,Low Risk
266,240,5,19,6,0,6,High Risk
101,180,0,58,0,0,0,Low Risk
298,60,0,60,0,0,2,Low Risk
149,240,0,42,0,0,0,Low Risk
61,240,0,0,0,0,0,Low Risk
201,120,0,60,0,0,2,Low Risk
64,180,0,101,0,13,3,Moderate Risk
123,240,0,23,0,0,0,Low Risk
115,60,0,77,5,0,4,Moderate Risk
161,120,0,35,0,0,2,Low Risk
161,60,20,52,0,0,4,Moderate Risk
271,180,0,30,0,0,2,Low Risk
19,180,13,30,1,0,2,Low Risk
211,240,25,97,0,0,3,Low Risk
211,120,0,11,0,0,2,Low Risk
0,120,0,20,0,0,0,Low Risk
0,240,0,183,1,0,1,Low Risk
128,60,0,131,0,0,3,Moderate Risk
8,240,0,20,0,0,0,Low Risk
97,60,0,49,0,2,2,Low Risk
49,180,0,25,0,4,2,Low Risk
4,240,0,154,0,0,1,Low Risk
171,60,27,26,1,1,4,Moderate Risk
230,120,1,35,1,0,4,Moderate Risk
197,180,0,65,3,0,4,Moderate Risk
215,180,0,54,1,0,2,Low Risk
141,60,61,24,0,3,6,Moderate Risk
222,240,0,52,0,0,0,Low Risk
14,60,0,47,1,1,0,Low Risk
294,60,0,15,0,0,2,Low Risk
139,120,0,0,0,0,2,Low Risk
0,60,0,36,0,0,0,Moderate Risk
73,240,0,104,0,2,1,Low Risk
178,240,31,79,0,0,2,Low Risk
153,60,0,46,0,1,2,Low Risk
211,60,0,55,0,0,2,Low Risk
196,120,20,21,0,5,6,High Risk
309,180,0,12,0,0,2,Low Risk
307,240,0,95,0,1,3,Moderate Risk
250,60,0,103,0,1,3,Moderate Risk
180,180,0,65,0,0,0,Low Risk
144,240,0,11,0,0,0,Low Risk
268,60,0,0,2,0,2,Low Risk
217,120,0,0,0,0,2,Low Risk
210,120,56,0,0,1,4,Moderate Risk
211,180,0,40,1,0,2,Low Risk
299,120,0,106,1,3,5,Moderate Risk
67,60,0,25,0,0,2,Low Risk
251,180,0,41,0,5,4,Moderate Risk
45,60,7,54,0,3,4,Moderate Risk
142,60,0,13,1,0,2,Low Risk
50,240,0,53,0,0,0,Low Risk
159,180,0,0,0,0,0,Low Risk
134,180,0,87,0,0,0,Low Risk
84,240,0,54,2,3,2,Low Risk
152,120,4,31,0,0,4,Moderate Risk
103,60,0,64,0,1,2,Low Risk
102,60,0,38,1,1,2,Low Risk
0,120,0,39,0,0,0,Low Risk
116,180,0,111,0,2,1,Low Risk
234,60,39,4,1,3,6,High Risk
0,180,0,91,1,0,1,Low Risk
289,120,0,102,0,0,3,Moderate Risk
194,240,0,36,1,2,0,Moderate Risk
267,240,0,0,0,0,2,Low Risk
507,60,0,69,0,0,2,Low Risk
267,180,0,53,0,1,2,Low Risk
295,120,0,54,1,1,2,Low Risk
265,120,1,72,0,1,4,Moderate Risk
14,180,0,9,0,0,0,Low Risk
142,120,6,42,2,0,4,Moderate Risk
199,240,0,67,2,0,0,Low Risk
302,180,0,61,0,0,2,Low Risk
94,180,0,77,0,9,2,Low Risk
186,120,0,106,0,0,3,Moderate Risk
134,180,0,25,0,0,0,Moderate Risk
369,240,0,31,0,3,4,Moderate Risk
127,120,0,116,1,0,3,Moderate Risk
81,240,3,26,2,6,4,Moderate Risk
384,120,6,43,2,2,4,Moderate Risk
0,240,0,88,4,0,2,Low Risk
188,60,0,45,0,6,4,Moderate Risk
160,180,0,0,0,0,0,Low Risk
241,60,0,0,0,1,2,Low Risk
86,120,0,65,0,1,0,Low Risk
98,120,0,0,0,0,0,Low Risk
101,240,30,72,0,0,2,Low Risk
82,60,0,108,0,0,3,Moderate Risk
198,240,0,25,2,0,0,Low Risk
66,60,0,41,0,7,4,Moderate Risk
190,180,42,63,0,0,4,Moderate Risk
195,240,0,116,0,0,1,Low Risk
326,180,18,80,0,0,4,Moderate Risk
0,180,1,137,0,0,3,Moderate Risk
144,60,0,198,0,0,3,Moderate Risk
87,60,0,169,0,0,3,Moderate Risk
350,240,0,84,0,0,2,Low Risk
174,180,0,50,0,0,0,Low Risk
0,180,19,34,0,0,2,Low Risk
228,60,0,37,1,0,2,Low Risk
511,120,106,74,3,0,6,High Risk
190,180,0,50,0,3,4,Moderate Risk
328,120,0,83,0,0,2,Low Risk
236,180,19,113,0,2,5,Moderate Risk
272,180,137,72,1,0,4,Moderate Risk
36,120,24,0,0,0,2,Low Risk
57,180,56,49,0,3,4,Moderate Risk
75,180,0,8,1,0,0,Low Risk
151,240,0,99,5,0,3,Moderate Risk
226,240,0,147,0,0,1,Low Risk
11,60,0,34,1,0,0,Low Risk
67,60,0,94,1,3,5,Moderate Risk
332,60,0,59,0,2,2,Low Risk
347,60,0,46,0,0,2,Low Risk
129,240,23,52,0,0,2,Low Risk
9,60,4,78,0,0,2,Low Risk
190,120,0,26,1,2,2,Low Risk
220,60,66,0,0,1,4,Moderate Risk
225,60,54,32,0,1,4,Moderate Risk
87,120,53,0,0,3,4,Moderate Risk
0,240,0,0,0,3,2,Low Risk
338,180,0,61,0,0,2,Low Risk
235,60,0,5,0,0,2,Low Risk
31,120,8,71,0,3,4,Moderate Risk
189,60,0,89,1,2,2,Low Risk
29,60,10,67,0,3,4,Moderate Risk
137,120,45,68,0,0,4,Moderate Risk
328,180,0,65,0,0,2,Low Risk
62,60,0,82,0,0,2,Low Risk
159,120,104,89,1,1,4,Moderate Risk
268,120,0,160,0,0,3,Moderate Risk
85,120,0,34,0,0,0,Low Risk
296,60,0,75,0,0,2,Low Risk
140,180,0,48,1,1,0,Low Risk
285,120,0,153,0,0,3,Moderate Risk
234,120,0,185,0,2,3,Moderate Risk
266,120,0,29,1,0,2,Low Risk
155,120,0,48,0,0,2,Low Risk
199,240,29,113,0,0,3,Moderate Risk
113,180,0,61,0,0,0,Low Risk
164,60,21,80,2,0,4,Low Risk
304,120,0,0,0,1,2,Low Risk
201,120,0,91,0,5,5,Moderate Risk
183,60,0,102,0,5,5,Moderate Risk
85,240,0,45,4,0,2,Low Risk
165,240,0,14,0,0,0,Low Risk
34,60,0,41,0,0,0,Low Risk
0,180,0,0,0,0,0,Low Risk
247,60,0,12,0,6,4,Moderate Risk
177,60,0,109,0,0,3,Moderate Risk
42,120,45,1,0,6,4,Low Risk
7,180,0,102,0,3,3,Low Risk
246,180,0,34,6,5,6,High Risk
255,240,0,9,0,8,4,Moderate Risk
258,180,18,25,1,0,4,Moderate Risk
358,240,118,0,0,2,4,Moderate Risk
120,60,0,23,2,0,2,Low Risk
191,60,0,104,0,0,3,Moderate Risk
299,180,19,26,0,0,4,Moderate Risk
391,120,0,103,0,4,5,Moderate Risk
62,60,15,22,2,0,4,Moderate Risk
115,240,0,97,0,1,1,Low Risk
234,120,3,108,1,7,7,High Risk
175,180,0,0,0,0,0,Low Risk
134,60,0,13,0,0,2,Low Risk
73,60,0,26,0,0,2,Low Risk
99,120,0,17,0,7,2,Low Risk
36,240,0,70,2,0,0,Low Risk
115,60,4,100,2,0,5,Moderate Risk
137,240,0,82,0,0,0,Low Risk
248,180,30,97,1,0,5,Moderate Risk
58,60,0,33,0,2,0,Low Risk
196,120,0,0,0,1,2,Low Risk
36,240,0,190,0,0,1,Low Risk
188,120,0,98,0,0,3,Moderate Risk
145,180,62,4,0,2,2,Low Risk
53,120,0,66,1,3,2,Low Risk
125,240,61,20,0,18,4,Moderate Risk
178,120,92,0,0,0,4,Moderate Risk
81,240,0,59,2,0,0,Low Risk
136,120,0,0,4,0,4,Moderate Risk
168,120,0,3,4,0,4,Moderate Risk
181,180,23,71,0,0,4,Moderate Risk
227,240,0,78,8,0,2,Low Risk
155,240,0,105,2,1,1,Low Risk
175,180,0,27,1,0,0,Low Risk
155,120,66,181,3,1,7,High Risk
154,120,0,11,1,0,2,Low Risk
263,60,0,76,0,1,2,Low Risk
0,120,0,3,0,0,0,Low Risk
136,60,9,33,0,2,4,Moderate Risk
88,240,0,0,0,1,0,Low Risk
25,240,0,94,0,0,1,Low Risk
37,120,0,46,0,1,0,Low Risk
229,120,55,11,0,0,4,Moderate Risk
333,180,0,59,0,0,2,Low Risk
79,180,0,0,0,0,0,Low Risk
87,240,0,26,0,2,0,Low Risk
38,240,0,54,0,0,0,Low Risk
247,180,0,43,0,0,2,Low Risk
76,240,0,101,0,2,1,Low Risk
189,180,0,41,1,0,2,Low Risk
167,120,91,14,0,0,4,Moderate Risk
166,240,30,72,0,0,2,Low Risk
54,180,0,37,0,0,0,Low Risk
124,60,0,0,1,0,2,Low Risk
321,240,0,178,0,0,3,Moderate Risk
95,120,0,44,0,5,2,Moderate Risk
284,120,0,95,0,0,3,Moderate Risk
233,180,1,77,0,0,4,Moderate Risk
206,60,36,98,0,0,5,Moderate Risk
0,240,62,37,0,1,2,Low Risk
125,120,0,28,0,0,2,Low Risk
24,240,116,0,0,0,2,Low Risk
165,240,0,11,2,0,0,Low Risk
85,180,0,67,0,1,0,Low Risk
154,180,0,81,0,0,0,Low Risk
145,60,0,158,0,1,3,Moderate Risk
235,60,0,0,0,0,2,Low Risk
88,240,0,0,1,6,2,Low Risk
91,180,0,0,0,0,0,Low Risk
0,60,0,47,2,0,0,Low Risk
120,120,0,39,1,3,2,Low Risk
288,60,0,96,0,0,3,Moderate Risk
0,60,26,60,0,0,2,Low Risk
109,240,0,35,1,1,0,Low Risk
0,240,40,62,0,0,2,Moderate Risk
82,240,0,52,0,3,2,Low Risk
223,240,0,2,0,4,2,Low Risk
196,120,0,96,0,0,3,Moderate Risk
90,120,0,46,1,0,0,Low Risk
157,180,0,28,3,2,2,Low Risk
96,180,0,0,0,0,0,Low Risk
226,60,0,94,2,0,3,Moderate Risk
219,60,0,72,0,0,2,Low Risk
140,60,0,194,0,0,3,Moderate Risk
17,180,20,29,2,0,2,Low Risk
177,240,0,39,1,0,0,Low Risk
51,240,5,58,1,0,2,Low Risk
171,60,0,34,0,0,2,Low Risk
286,240,0,57,0,0,2,Low Risk
36,60,0,11,5,0,2,Low Risk
184,120,0,87,0,3,4,Moderate Risk
224,240,0,17,1,0,0,Low Risk
355,240,0,0,0,0,2,Low Risk
265,240,0,144,0,0,3,Low Risk
64,180,0,60,0,0,0,Low Risk
95,240,0,75,1,0,0,Low Risk
0,120,0,39,1,0,0,Low Risk
322,180,0,105,3,0,5,Moderate Risk
217,180,15,58,2,2,4,Moderate Risk
343,60,0,45,0,0,2,Low Risk
162,60,0,36,0,0,2,Low Risk
53,120,0,33,0,0,0,Low Risk
96,240,0,131,0,0,1,Low Risk
72,120,18,19,1,4,4,Moderate Risk
203,240,0,104,1,0,1,Low Risk
425,120,0,49,2,0,2,Low Risk
251,180,0,0,0,0,2,Low Risk
230,180,0,45,0,0,2,Low Risk
294,240,0,179,1,0,3,Moderate Risk
106,120,0,116,1,0,1,Low Risk
146,240,1,44,0,0,2,Low Risk
76,180,0,59,0,0,0,Low Risk
15,240,0,52,0,0,0,Low Risk
263,120,75,131,0,0,5,Moderate Risk
8,240,0,105,2,0,1,Low Risk
56,240,0,4,2,2,0,Low Risk
219,240,16,66,0,0,2,Low Risk
82,120,0,93,2,0,1,Low Risk
196,60,0,48,1,0,2,Low Risk
1,240,0,129,1,0,1,Moderate Risk
144,180,0,83,0,0,0,Low Risk
186,120,0,73,0,0,2,Low Risk
101,120,38,54,2,0,2,Low Risk
88,60,0,85,0,1,2,Low Risk
187,60,0,19,0,6,4,Moderate Risk
263,60,0,80,8,4,6,High Risk
165,60,2,96,0,2,5,Moderate Risk
133,120,0,86,3,0,4,Moderate Risk
177,240,0,102,0,0,1,Moderate Risk
244,60,0,22,1,2,2,Low Risk
236,240,0,76,0,0,0,Low Risk
271,180,0,10,0,0,2,Low Risk
119,120,0,111,1,1,1,Low Risk
39,60,0,68,0,0,0,Low Risk
286,120,0,61,0,0,2,Low Risk
0,180,0,3,0,0,0,Low Risk
149,180,0,120,0,3,3,Moderate Risk
215,180,0,0,0,2,2,Low Risk
212,60,0,69,0,4,4,Moderate Risk
0,60,31,11,0,0,2,Low Risk
103,180,0,188,0,0,1,Low Risk
268,240,0,72,0,0,2,Low Risk
39,120,0,19,0,0,0,Low Risk
34,240,0,45,0,0,0,Low Risk
195,60,20,3,0,0,4,Moderate Risk
41,60,85,120,1,2,3,Moderate Risk
155,180,0,106,0,2,1,Low Risk
231,180,24,51,0,13,6,High Risk
217,180,0,102,0,3,5,Moderate Risk
264,240,0,110,0,4,5,Moderate Risk
2,120,0,106,0,0,1,Low Risk
211,120,0,0,0,4,4,Moderate Risk
154,180,0,4,0,0,0,Low Risk
178,60,0,64,2,0,2,Low Risk
61,240,70,37,2,2,2,Low Risk
30,60,31,12,0,2,2,Low Risk
179,180,4,62,0,0,2,Low Risk
216,120,0,38,0,0,2,Low Risk
146,180,0,25,0,0,0,Low Risk
66,120,0,64,0,4,2,Low Risk
110,120,46,0,0,0,2,Low Risk
75,180,0,0,0,0,0,Low Risk
37,120,3,71,2,1,2,Low Risk
193,120,0,14,0,1,2,Low Risk
66,60,0,71,0,1,2,Low Risk
109,120,14,90,0,2,2,Low Risk
356,120,0,76,6,2,4,Moderate Risk
96,120,0,61,1,0,0,Low Risk
0,120,0,72,0,0,0,Low Risk
93,120,0,76,2,0,0,Low Risk
161,180,0,60,0,0,0,Low Risk
0,120,8,77,3,1,4,Moderate Risk
133,240,0,92,0,0,1,Low Risk
208,60,0,0,0,3,4,Moderate Risk
159,240,4,41,0,0,2,Low Risk
198,240,80,85,0,0,2,Low Risk
136,120,0,1,4,0,4,Moderate Risk
159,240,0,18,0,1,0,Low Risk
67,120,23,0,1,0,2,Low Risk
204,180,0,17,0,3,4,Moderate Risk
89,180,0,88,0,1,0,Low Risk
280,180,0,41,0,0,2,Low Risk
0,180,0,64,0,0,0,Low Risk
196,60,83,27,0,2,4,Moderate Risk
19,60,0,46,0,0,0,Low Risk
205,240,0,0,0,0,0,Low Risk
181,180,0,152,0,0,3,Moderate Risk
283,180,0,2,0,0,2,Low Risk
16,120,0,135,1,0,1,Low Risk
151,120,0,51,0,0,2,Low Risk
19,240,0,0,0,5,2,Low Risk
241,120,0,0,0,2,2,Low Risk
25,60,7,0,0,0,2,Low Risk
0,60,17,49,1,0,2,Low Risk
143,60,0,57,0,0,2,Low Risk
253,120,0,67,0,0,2,Low Risk
136,240,5,76,0,2,2,Low Risk
124,180,0,2,0,1,0,Low Risk
313,240,0,35,7,0,4,Moderate Risk
323,120,43,99,0,0,5,Low Risk
253,120,0,75,0,0,2,Low Risk
129,60,0,82,3,3,6,High Risk
80,60,0,10,0,0,2,Low Risk
98,120,0,11,0,0,0,Low Risk
288,60,3,0,0,0,4,Moderate Risk
362,60,0,52,0,1,2,Low Risk
85,60,0,81,2,0,2,Low Risk
40,60,0,3,0,2,0,Low Risk
31,60,0,0,0,1,0,Low Risk
218,240,49,14,0,8,4,Moderate Risk
400,240,0,68,0,0,2,Low Risk
145,60,0,90,0,2,2,Low Risk
184,60,2,42,0,1,4,Moderate Risk
175,240,0,58,0,0,0,Low Risk
47,60,0,10,0,1,0,Low Risk
196,60,0,49,5,0,4,Moderate Risk
250,240,0,104,0,0,3,Moderate Risk
225,180,0,35,0,2,2,Low Risk
303,180,0,21,6,0,4,Moderate Risk
236,180,0,49,1,0,2,Low Risk
79,240,0,0,6,1,2,Low Risk
199,120,8,6,0,2,4,Moderate Risk
283,240,8,76,0,0,4,Moderate Risk
162,60,0,25,1,0,2,Low Risk
263,240,46,0,0,0,4,High Risk
127,120,0,13,1,1,2,Low Risk
241,120,0,42,0,0,2,Low Risk
0,60,16,69,3,0,4,Moderate Risk
35,180,0,0,0,0,0,Low Risk
228,240,23,43,0,1,2,Low Risk
257,180,0,72,0,0,2,Low Risk
364,120,0,63,0,0,2,Low Risk
77,240,0,0,1,0,0,Low Risk
266,120,117,6,0,0,4,Moderate Risk
3,120,0,26,1,0,0,Low Risk
58,60,0,0,0,1,0,Low Risk
205,120,0,51,0,0,2,Low Risk
194,60,0,56,0,1,2,Low Risk
259,120,0,9,0,0,2,Low Risk
253,60,0,142,0,0,3,Moderate Risk
44,60,0,0,0,0,0,Low Risk
156,60,31,38,0,0,4,High Risk
59,60,0,38,3,4,4,Moderate Risk
183,60,0,21,0,0,2,Low Risk
156,120,0,26,0,0,2,Low Risk
140,180,0,29,0,4,2,Low Risk
206,180,0,79,2,0,2,Low Risk
21,120,0,7,6,0,2,Low Risk
96,180,8,100,0,1,3,Moderate Risk
153,120,0,166,1,0,3,Low Risk
180,60,0,26,1,0,2,Low Risk
86,60,0,132,0,0,3,Moderate Risk
127,60,0,54,0,3,4,Moderate Risk
104,120,29,95,0,5,5,Moderate Risk
119,240,0,30,1,2,0,Moderate Risk
300,180,0,112,0,0,3,Moderate Risk
0,120,0,28,1,0,0,Moderate Risk
187,240,0,30,0,0,0,Low Risk
152,60,37,74,0,0,4,Moderate Risk
168,120,0,70,2,0,2,Low Risk
150,120,0,99,0,0,3,Moderate Risk
204,180,32,77,3,2,6,High Risk
121,240,0,51,0,1,0,Low Risk
161,60,0,66,0,0,2,Low Risk
23,180,0,77,0,1,0,Moderate Risk
147,180,25,43,0,2,2,Low Risk
145,240,0,112,3,0,3,Moderate Risk
345,60,0,68,2,0,2,Low Risk
205,120,0,25,0,0,2,Low Risk
68,240,0,139,0,0,1,Low Risk
294,60,0,0,2,0,2,Low Risk
185,180,0,0,4,0,4,Moderate Risk
190,180,0,108,2,1,3,Moderate Risk
308,60,0,33,0,0,2,Low Risk
207,120,0,0,0,4,4,Low Risk
85,180,43,85,0,1,2,Moderate Risk
0,60,6,43,0,0,2,Low Risk
212,60,0,93,1,0,3,Moderate Risk
71,60,17,41,0,4,6,High Risk
47,120,0,27,0,0,0,Low Risk
370,60,0,52,2,0,2,Low Risk
201,240,64,34,0,0,2,Low Risk
70,240,0,67,0,1,0,Low Risk
0,60,0,0,0,0,0,Low Risk
21,120,0,96,1,2,1,Low Risk
149,60,0,82,0,1,2,Low Risk
82,240,0,78,0,0,0,Low Risk
161,60,0,17,0,0,2,Low Risk
240,180,0,127,0,0,3,Moderate Risk
36,120,46,23,0,0,2,Low Risk
24,60,0,15,0,0,0,Low Risk
0,60,0,0,0,0,0,Low Risk
0,240,12,0,0,0,2,Low Risk
154,180,0,100,0,0,1,Low Risk
59,180,16,17,2,8,4,Moderate Risk
152,240,0,17,0,0,0,Low Risk
164,240,0,0,2,1,0,Low Risk
226,120,0,77,0,3,4,Moderate Risk
202,180,0,0,2,1,2,Low Risk
149,240,0,91,6,0,3,Moderate Risk
231,180,0,54,0,0,2,Low Risk
300,60,0,62,0,1,2,Low Risk
275,240,0,1,5,0,4,Moderate Risk
225,240,0,12,0,0,0,Low Risk
64,180,0,20,2,0,0,Low Risk
160,180,27,62,0,0,2,Low Risk
161,180,0,77,0,0,0,Low Risk
0,120,0,100,0,1,1,Low Risk
91,240,98,16,0,2,2,Low Risk
130,60,84,43,0,1,4,Moderate Risk
17,60,0,1,0,0,0,Low Risk
12,240,0,0,0,0,0,Low Risk
71,120,0,99,0,0,1,Low Risk
61,60,0,28,2,0,2,Low Risk
185,60,0,78,1,0,2,Low Risk
102,240,0,51,1,0,0,Low Risk
304,60,0,104,0,0,3,Moderate Risk
154,120,0,0,0,0,2,Low Risk
95,120,0,56,0,2,0,Low Risk
0,180,0,47,6,2,2,Low Risk
17,240,39,6,0,0,2,Low Risk
301,60,0,152,0,0,3,Low Risk
138,180,76,114,0,0,3,Low Risk
195,240,27,28,0,0,2,Low Risk
233,240,0,15,0,0,0,Low Risk
159,240,0,67,0,0,0,Low Risk
339,60,0,44,0,1,2,Low Risk
67,240,0,41,0,0,0,Low Risk
225,180,0,18,0,0,2,Low Risk
241,180,0,3,0,0,2,Low Risk
146,120,0,12,2,0,2,Low Risk
339,180,0,72,0,1,2,Low Risk
152,120,0,51,1,1,2,Low Risk
20,240,6,33,0,0,2,Low Risk
218,240,0,13,0,3,2,Low Risk
74,60,18,69,0,2,4,Moderate Risk
39,120,0,135,0,2,1,Low Risk
239,180,98,108,0,1,5,Moderate Risk
0,120,0,8,0,0,0,Low Risk
345,240,0,66,0,0,2,Low Risk
247,180,1,70,0,5,6,High Risk
114,60,16,108,0,0,5,Moderate Risk
71,60,0,33,0,0,2,Low Risk
219,240,0,9,0,0,0,Low Risk
304,120,0,22,2,0,2,Low Risk
202,240,0,31,0,0,0,Low Risk
172,240,0,118,0,9,3,Moderate Risk
147,240,0,56,0,0,0,Low Risk
189,60,0,24,0,0,2,Low Risk
201,180,0,161,0,2,3,Moderate Risk
450,60,0,8,0,0,2,Low Risk
164,120,35,70,0,0,4,Moderate Risk
116,180,54,34,0,0,2,Low Risk
221,180,0,12,0,5,4,Moderate Risk
30,120,0,6,0,0,0,Low Risk
89,60,0,149,2,0,3,Moderate Risk
215,180,0,116,0,0,3,Moderate Risk
158,60,0,74,0,0,2,Low Risk
139,240,0,37,4,0,2,Low Risk
137,120,0,48,0,0,2,Low Risk
87,180,5,44,0,2,2,Low Risk
147,180,22,105,0,0,3,Moderate Risk
0,120,0,96,0,0,1,Low Risk
169,240,0,0,2,0,0,Low Risk
61,240,44,29,0,4,4,Moderate Risk
186,180,0,103,0,0,3,Moderate Risk
89,240,0,123,1,0,1,Low Risk
305,240,81,56,0,1,4,Moderate Risk
0,240,40,92,1,0,3,Moderate Risk
0,240,0,57,0,0,0,Low Risk
137,180,0,58,2,1,0,Low Risk
328,120,1,109,1,0,5,High Risk
97,240,0,83,1,1,0,Low Risk
155,120,0,34,0,0,2,Low Risk
131,180,0,21,0,0,0,Low Risk
213,240,0,0,1,1,0,Low Risk
166,180,0,36,0,0,0,Low Risk
257,240,0,0,0,0,2,Low Risk
140,60,2,11,0,0,4,Moderate Risk
80,120,0,114,0,0,1,Low Risk
526,240,0,162,0,0,3,Moderate Risk
90,240,0,46,2,0,0,Low Risk
116,120,0,0,0,0,0,Low Risk
252,180,0,4,0,0,2,Low Risk
199,240,0,0,3,0,2,Low Risk
258,180,0,117,2,0,3,Moderate Risk
73,180,41,0,1,0,2,Low Risk
91,240,0,50,0,0,0,Low Risk
166,180,0,0,1,2,0,Low Risk
190,120,0,18,0,0,2,Low Risk
106,180,0,138,0,2,1,Low Risk
263,60,0,15,0,1,2,Moderate Risk
122,120,0,39,1,0,2,Low Risk
91,180,0,81,0,0,0,Low Risk
138,180,0,2,0,0,0,Low Risk
156,180,0,73,0,0,0,Low Risk
120,120,0,0,0,0,0,Low Risk
113,120,0,34,0,0,0,Low Risk
148,180,0,60,0,5,2,Low Risk
107,180,0,9,0,0,0,Low Risk
81,240,0,70,0,1,0,Low Risk
247,120,0,50,0,0,2,Low Risk
24,60,0,0,0,1,0,Low Risk
228,180,22,0,0,2,4,Moderate Risk
195,60,0,55,0,3,4,Moderate Risk
46,240,0,6,2,0,0,Low Risk
144,240,41,52,1,0,2,Low Risk
104,60,0,35,0,1,2,Low Risk
69,60,14,7,0,7,6,High Risk
262,240,0,1,0,1,2,Low Risk
245,120,66,63,0,1,4,Moderate Risk
245,240,0,50,4,0,4,Moderate Risk
195,120,2,47,0,0,4,Moderate Risk
128,60,0,0,0,3,4,Moderate Risk
56,180,0,31,1,0,0,Low Risk
210,240,0,17,2,0,0,Low Risk
220,60,0,0,0,0,2,Low Risk
0,180,0,22,1,1,0,Low Risk
285,120,0,110,1,0,3,Moderate Risk
155,180,0,56,0,0,0,Low Risk
300,240,5,74,0,0,4,Moderate Risk
204,180,0,93,0,1,3,Low Risk
246,180,0,103,4,0,5,Moderate Risk
119,60,51,10,1,4,6,High Risk
148,240,3,0,2,10,4,Moderate Risk
202,240,0,116,1,0,1,Low Risk
0,240,1,47,0,0,2,Low Risk
0,180,22,46,0,0,2,Low Risk
353,240,0,48,0,0,2,Low Risk
206,240,0,49,0,0,0,Low Risk
84,60,0,67,0,0,2,Low Risk
275,60,0,166,0,0,3,Moderate Risk
0,60,0,0,1,0,0,Low Risk
242,240,0,85,0,0,2,Low Risk
95,180,0,0,0,2,0,Low Risk
34,60,0,107,0,0,1,Low Risk
0,120,93,111,0,1,3,Moderate Risk
76,120,0,56,0,0,0,Low Risk
138,120,0,59,0,0,2,Low Risk
147,240,0,13,0,0,0,Low Risk
0,240,0,109,0,2,1,Low Risk
10,60,0,15,1,1,0,Low Risk
249,180,0,80,0,0,2,Low Risk
275,180,55,0,7,0,6,High Risk
0,120,0,59,0,2,0,Low Risk
66,180,3,4,1,0,2,Low Risk
255,180,1,52,0,0,4,Moderate Risk
48,240,0,11,0,2,0,Low Risk
171,120,32,0,1,4,6,High Risk
114,60,0,62,1,0,2,Low Risk
156,180,0,45,0,3,2,Low Risk
107,240,0,0,0,0,0,Low Risk
88,120,0,29,0,1,0,Low Risk
219,60,20,23,0,0,4,Moderate Risk
153,60,0,71,0,0,2,Low Risk
212,120,56,71,2,0,4,Moderate Risk
63,60,0,42,2,2,2,Low Risk
61,240,0,0,0,5,2,Low Risk
61,120,0,121,0,5,3,Moderate Risk
225,60,91,41,6,0,6,High Risk
182,120,0,120,0,5,5,Moderate Risk
85,240,0,50,0,0,0,Low Risk
202,120,10,209,0,0,5,Moderate Risk
98,120,0,45,0,4,2,Low Risk
175,240,0,82,4,2,2,Low Risk
101,240,0,18,1,0,0,Low Risk
26,120,0,92,0,0,1,Low Risk
93,180,0,54,0,3,2,Low Risk
137,240,0,45,2,0,0,Low Risk
253,180,0,55,0,2,2,Low Risk
119,60,0,209,0,0,3,Moderate Risk
256,180,0,0,0,1,2,Low Risk
137,240,84,4,0,0,2,Low Risk
139,120,0,61,0,0,2,Low Risk
37,240,0,54,0,1,0,Low Risk
314,120,0,115,0,0,3,High Risk
142,240,0,39,0,4,2,Low Risk
144,120,0,58,1,1,2,Low Risk
278,60,0,112,2,0,3,Moderate Risk
202,180,0,0,1,2,2,Low Risk
169,60,0,112,0,3,5,Moderate Risk
299,60,0,52,0,0,2,Low Risk
239,60,39,0,3,0,6,High Risk
151,240,0,140,0,0,1,Low Risk
0,240,0,100,2,0,1,Low Risk
397,180,0,53,0,0,2,Low Risk
51,240,0,127,1,0,1,Low Risk
109,180,0,62,0,0,0,Low Risk
147,180,0,43,0,3,2,Low Risk
45,120,0,44,0,0,0,Low Risk
196,60,0,87,0,1,2,Low Risk
111,60,0,17,2,0,2,Low Risk
141,240,3,25,0,0,2,Low Risk
13,120,0,85,0,0,0,Low Risk
212,240,0,55,1,0,0,Low Risk
165,180,0,5,2,3,2,Low Risk
183,240,0,7,0,0,0,Low Risk
110,240,41,24,0,0,2,Moderate Risk
122,120,0,23,0,0,2,Low Risk
274,180,0,18,0,0,2,Low Risk
84,60,1,11,0,4,6,High Risk
19,120,46,103,0,3,5,Moderate Risk
138,180,0,28,0,0,0,Low Risk
332,240,0,37,0,0,2,Low Risk
47,120,42,36,1,0,2,Low Risk
157,60,0,39,1,1,2,Low Risk
0,120,0,0,2,0,0,Low Risk
63,240,0,4,1,1,0,Low Risk
132,60,0,89,0,1,2,Low Risk
234,240,0,24,0,0,0,Low Risk
38,60,0,0,0,0,0,Low Risk
141,120,0,113,0,0,3,Moderate Risk
351,240,0,0,1,0,2,Low Risk
56,240,1,77,0,0,2,Low Risk
168,120,0,72,0,0,2,Low Risk
0,120,0,14,3,0,2,Low Risk
125,180,0,0,0,0,0,Low Risk
146,240,0,119,0,4,3,High Risk
357,240,0,19,0,2,2,Low Risk
270,240,0,0,1,1,2,Low Risk
153,60,0,23,0,0,2,Low Risk
28,60,0,41,2,0,0,Low Risk
318,120,0,60,1,2,2,Low Risk
141,60,0,36,0,1,2,Low Risk
98,120,0,124,0,1,1,Low Risk
6,120,0,25,2,0,0,Low Risk
63,120,0,90,5,0,2,Low Risk
271,180,0,6,0,6,4,Moderate Risk
0,240,2,61,0,2,2,Low Risk
155,240,0,203,0,2,1,Low Risk
80,240,47,59,1,0,2,Low Risk
115,240,0,55,1,0,0,Low Risk
100,180,0,22,0,0,0,Low Risk
116,60,97,14,0,1,4,Moderate Risk
292,180,0,44,1,1,2,Low Risk
123,120,0,75,0,0,2,Low Risk
300,120,0,50,1,8,4,Moderate Risk
351,120,0,23,0,0,2,Low Risk
162,120,25,0,0,0,4,Moderate Risk
137,60,0,43,0,0,2,Low Risk
18,60,0,72,1,0,0,Low Risk
144,60,0,90,0,0,2,Low Risk
63,180,0,63,0,0,0,Low Risk
134,120,0,0,0,0,2,Low Risk
0,120,0,154,0,0,1,Low Risk
313,180,0,53,0,0,2,Low Risk
179,240,12,73,0,0,2,Moderate Risk
195,60,0,105,3,1,5,Moderate Risk
207,120,0,37,0,9,4,Moderate Risk
233,180,38,37,0,0,4,Moderate Risk
263,180,0,94,1,0,3,Moderate Risk
135,120,0,32,6,10,6,High Risk
252,180,0,99,2,2,3,Moderate Risk
134,240,0,60,1,0,0,Low Risk
131,60,12,0,3,0,6,High Risk
194,180,0,34,0,0,2,Moderate Risk
217,60,0,132,3,2,5,Moderate Risk
207,180,0,54,1,1,2,Low Risk
302,180,0,42,0,1,2,Low Risk
173,240,0,75,0,0,0,Low Risk
175,180,25,32,0,3,4,Moderate Risk
181,240,5,26,1,6,4,Moderate Risk
210,240,0,37,1,5,2,Low Risk
316,60,0,108,0,5,5,Low Risk
91,240,0,124,0,0,1,Low Risk
214,180,0,56,2,0,2,Low Risk
132,120,0,130,0,0,3,Moderate Risk
187,120,0,130,0,2,3,Moderate Risk
0,60,44,52,0,3,4,Moderate Risk
41,120,0,36,0,0,0,Low Risk
174,120,43,13,1,0,4,Moderate Risk
11,240,0,0,0,0,0,Low Risk
1,120,0,17,0,3,2,Low Risk
96,240,0,22,2,0,0,Low Risk
264,180,0,29,2,0,2,Low Risk
259,60,28,38,0,0,4,Moderate Risk
138,240,0,35,3,1,2,Low Risk
291,240,0,58,0,0,2,Low Risk
144,60,0,66,0,0,2,Low Risk
89,240,18,45,3,0,4,Moderate Risk
47,60,0,25,2,0,0,Low Risk
12,60,0,0,1,0,0,Low Risk
340,180,43,44,0,0,4,Moderate Risk
0,180,0,80,1,1,0,Low Risk
211,60,0,0,0,0,2,Low Risk
55,60,0,0,0,0,0,Low Risk
145,180,0,196,0,0,1,Low Risk
318,60,0,30,2,0,2,Low Risk
191,120,0,11,3,0,4,Moderate Risk
259,120,27,9,0,0,4,Moderate Risk
177,60,0,79,0,0,2,Low Risk
162,120,13,9,0,0,4,Moderate Risk
29,120,21,124,0,1,3,Low Risk
129,60,0,94,0,3,5,High Risk
29,180,0,42,0,0,0,Low Risk
206,240,0,21,3,3,4,Moderate Risk
128,240,0,141,0,0,1,Low Risk
247,60,0,51,1,0,2,Low Risk
0,180,0,0,0,0,0,Low Risk
233,240,0,67,0,0,0,Low Risk
0,240,0,0,0,2,0,Low Risk
313,240,35,31,2,0,4,Moderate Risk
217,60,0,63,3,0,4,Moderate Risk
51,120,43,27,1,0,2,Low Risk
98,180,7,177,6,0,5,Moderate Risk
0,240,0,42,0,2,0,Low Risk
10,180,0,38,0,0,0,Low Risk
0,180,59,21,0,3,4,Moderate Risk
222,180,0,42,0,0,2,Low Risk
451,240,0,142,0,0,3,Moderate Risk
202,240,0,62,0,0,0,Low Risk
145,120,1,88,1,0,4,Moderate Risk
187,240,43,35,5,0,4,Moderate Risk
273,180,168,60,0,0,4,Moderate Risk
173,120,36,0,0,1,4,Moderate Risk
183,180,7,106,0,0,5,Moderate Risk
41,240,0,37,1,0,0,Low Risk
116,240,0,0,1,8,2,Low Risk
319,60,19,38,0,0,4,Moderate Risk
0,180,0,36,0,0,0,Low Risk
259,180,0,59,0,0,2,Low Risk
333,240,0,87,0,6,4,Moderate Risk
0,120,0,12,0,0,0,Low Risk
0,240,0,14,0,0,0,Low Risk
175,180,8,103,0,0,3,Moderate Risk
172,60,0,0,0,0,2,Low Risk
179,180,0,62,0,0,0,Low Risk
114,180,0,15,0,0,0,Low Risk
75,120,0,19,0,0,0,Low Risk
198,60,10,18,0,0,4,Moderate Risk
0,120,0,0,2,0,0,Low Risk
168,120,0,29,0,0,2,Low Risk
338,240,0,67,6,0,4,Moderate Risk
211,120,0,0,1,5,4,Moderate Risk
268,60,0,101,0,3,5,Moderate Risk
88,240,0,0,0,3,2,Low Risk
207,180,20,31,1,0,4,Moderate Risk
94,60,0,70,2,0,2,Low Risk
161,60,0,176,1,0,3,Moderate Risk
167,240,0,42,0,0,0,Low Risk
99,240,0,59,0,2,0,Low Risk
121,120,23,0,0,0,4,Moderate Risk
0,240,0,63,0,0,0,Low Risk
193,180,0,50,0,0,2,Low Risk
231,180,0,46,9,0,4,Moderate Risk
256,60,0,22,0,0,2,Low Risk
221,180,3,38,0,0,4,Moderate Risk
146,120,0,51,0,1,2,Low Risk
180,240,0,149,1,6,3,Moderate Risk
167,120,14,26,0,5,6,High Risk
248,180,0,0,2,0,2,Low Risk
104,120,80,56,1,0,2,Low Risk
195,120,0,0,0,0,2,Low Risk
163,240,0,89,0,2,0,Low Risk
28,60,4,0,0,1,2,Low Risk
347,180,0,124,0,0,3,Moderate Risk
141,120,50,67,2,0,4,Moderate Risk
4,60,0,136,2,0,1,Low Risk
187,120,0,60,1,3,4,Moderate Risk
28,180,0,77,0,0,0,Low Risk
107,240,0,49,0,8,2,Low Risk
141,180,0,25,3,0,2,Low Risk
144,120,0,75,4,10,6,High Risk
91,180,0,62,2,0,0,Low Risk
322,240,0,0,0,2,2,Low Risk
86,240,83,89,0,3,4,Moderate Risk
396,60,0,0,0,0,2,Low Risk
0,60,0,123,0,0,1,Low Risk
23,180,10,90,1,0,2,Low Risk
87,60,0,62,0,0,2,Low Risk
311,180,0,27,0,0,2,Low Risk
205,60,0,76,0,9,4,Moderate Risk
216,240,0,181,0,0,1,Low Risk
328,180,0,85,0,0,2,Low Risk
86,60,0,0,4,0,4,Moderate Risk
63,180,0,0,2,1,0,Low Risk
270,60,0,39,3,0,4,Moderate Risk
0,180,0,46,0,1,0,Low Risk
150,120,0,19,0,0,2,Low Risk
159,180,0,51,0,0,0,Low Risk
134,60,0,8,1,1,2,Low Risk
333,240,120,72,0,0,4,Moderate Risk
88,120,0,157,0,1,1,Low Risk
56,240,64,133,5,0,5,Moderate Risk
354,240,7,93,3,1,7,High Risk
265,120,48,74,0,0,4,Moderate Risk
174,60,17,67,0,0,4,Moderate Risk
0,60,2,33,1,0,2,Low Risk
81,180,0,9,2,0,0,Low Risk
221,240,0,61,0,2,0,Low Risk
193,180,0,21,0,0,2,Low Risk
82,60,0,36,0,0,2,Low Risk
142,60,0,42,0,3,4,Moderate Risk
207,240,0,117,0,7,3,Moderate Risk
36,240,0,0,1,1,0,Low Risk
76,180,19,154,0,1,3,Moderate Risk
283,240,0,164,0,0,3,Moderate Risk
329,120,0,47,1,0,2,Low Risk
6,60,0,41,0,2,0,Low Risk
232,60,0,134,1,1,3,Moderate Risk
127,60,0,78,0,0,2,Low Risk
135,120,0,97,0,0,3,Moderate Risk
60,240,0,36,1,0,0,Low Risk
29,180,8,77,2,0,2,Low Risk
160,240,29,0,0,0,2,Low Risk
140,180,104,140,4,0,5,Moderate Risk
143,60,0,20,0,3,4,Moderate Risk
153,120,0,25,0,0,2,Low Risk
140,240,0,0,0,0,0,Low Risk
101,60,0,41,0,0,2,Low Risk
64,60,0,72,1,3,4,Moderate Risk
251,240,18,42,0,2,4,Moderate Risk
110,180,0,0,0,0,0,Low Risk
229,180,36,8,4,0,6,High Risk
95,180,46,19,0,0,2,Low Risk
249,180,0,25,0,1,2,Low Risk
242,240,2,69,0,0,4,Moderate Risk
20,240,0,50,2,0,0,Low Risk
60,120,0,1,0,2,0,Low Risk
200,180,0,56,0,0,2,Low Risk
133,240,0,33,4,0,2,Low Risk
114,180,0,143,1,1,1,Low Risk
313,120,0,7,1,3,4,Moderate Risk
117,180,0,71,0,6,2,Low Risk
218,120,0,39,0,1,2,Low Risk
80,60,0,69,1,3,4,Moderate Risk
151,60,0,3,0,1,2,Low Risk
141,120,0,36,0,1,2,Low Risk
58,60,0,19,0,3,2,Low Risk
232,180,0,25,0,6,4,Low Risk
206,120,29,0,0,0,4,Moderate Risk
158,120,15,18,0,0,4,Moderate Risk
0,240,25,31,0,1,2,Low Risk
182,180,54,77,1,0,4,Moderate Risk
180,180,0,0,2,0,0,Low Risk
84,240,0,25,0,2,0,Low Risk
44,60,2,53,0,1,2,Low Risk
290,120,21,25,0,0,4,Moderate Risk
218,120,0,0,0,1,2,Low Risk
107,120,0,0,0,0,0,Low Risk
250,240,4,80,0,0,4,Moderate Risk
53,180,117,45,0,0,2,Low Risk
113,180,55,84,0,3,4,Moderate Risk
117,60,0,60,5,0,4,Moderate Risk
86,180,0,56,0,4,2,Low Risk
265,60,0,63,0,5,4,Moderate Risk
16,240,23,3,2,2,2,Low Risk
81,60,5,56,0,0,4,Moderate Risk
247,180,0,56,0,2,2,Low Risk
191,120,0,62,0,0,2,Low Risk
134,120,0,42,0,2,2,Low Risk
80,120,0,146,0,0,1,Low Risk
36,60,0,86,1,1,0,Low Risk
168,60,0,65,0,1,2,Low Risk
175,240,0,13,0,0,0,Low Risk
25,120,0,16,0,0,0,Low Risk
142,180,0,81,0,0,0,Low Risk
125,240,0,98,4,11,5,Moderate Risk
290,60,0,0,3,0,4,Low Risk
0,180,8,135,1,0,3,Moderate Risk
106,180,0,28,0,0,0,Low Risk
186,120,0,30,1,3,4,Moderate Risk
0,120,0,108,0,0,1,Low Risk
53,240,17,44,0,1,2,Low Risk
67,60,0,102,2,0,3,Moderate Risk
92,240,39,15,0,0,2,Low Risk
144,60,0,63,0,0,2,Low Risk
190,120,0,16,0,2,2,Low Risk
0,240,0,8,0,0,0,Low Risk
256,240,0,156,0,0,3,Moderate Risk
74,180,0,0,0,3,2,Low Risk
0,180,7,0,0,6,4,Moderate Risk
202,120,0,53,2,0,2,Low Risk
49,60,0,124,1,1,1,Low Risk
257,120,0,20,1,1,2,Low Risk
255,60,0,24,0,1,2,Low Risk
246,60,0,128,0,0,3,Moderate Risk
91,180,0,2,0,7,2,Low Risk
37,120,0,89,0,0,0,Low Risk
262,240,0,96,0,2,3,Moderate Risk
329,180,0,72,0,2,2,Low Risk
236,60,0,77,4,3,6,High Risk
362,120,25,0,0,0,4,Moderate Risk
221,60,0,67,0,0,2,Low Risk
155,120,0,76,2,0,2,Low Risk
205,120,0,57,0,1,2,Low Risk
247,240,31,127,1,0,5,Moderate Risk
21,60,0,0,0,0,0,Low Risk
107,240,0,2,0,0,0,Low Risk
35,180,0,99,0,5,3,Moderate Risk
115,180,0,0,2,0,0,Low Risk
102,240,0,67,1,1,0,Low Risk
75,60,0,16,1,2,2,Low Risk
201,120,0,55,0,4,4,Moderate Risk
2,180,0,28,0,0,0,Low Risk
151,240,0,73,0,1,0,Low Risk
172,180,18,93,1,4,5,Moderate Risk
239,120,0,33,1,0,2,Low Risk
3,180,0,39,3,0,2,Low Risk
62,120,0,65,0,1,0,Low Risk
74,60,0,67,0,0,2,Low Risk
100,240,0,86,0,0,0,Low Risk
325,180,38,0,0,1,4,Moderate Risk
164,240,0,47,0,0,0,Low Risk
80,240,0,118,0,0,1,Low Risk
91,60,0,20,0,4,4,Moderate Risk
128,60,1,94,1,1,5,Moderate Risk
143,120,0,37,2,1,2,Low Risk
208,240,0,80,0,2,0,Low Risk
146,60,0,128,0,6,5,Moderate Risk
182,120,100,17,0,0,4,Moderate Risk
78,240,43,78,0,0,2,Low Risk
251,120,37,49,0,0,4,Moderate Risk
192,60,0,87,5,0,4,Moderate Risk
195,120,0,93,0,4,5,Moderate Risk
272,240,130,75,0,2,4,High Risk
0,120,92,2,0,0,2,Low Risk
0,60,90,16,0,2,2,Low Risk
294,240,64,7,0,0,4,Moderate Risk
79,180,2,52,1,0,2,Low Risk
151,240,0,137,0,0,1,Low Risk
204,180,0,36,0,1,2,Low Risk
71,60,0,0,0,0,2,Low Risk
172,180,0,125,1,0,1,Low Risk
205,120,0,29,0,0,2,Low Risk
247,60,0,0,0,0,2,Low Risk
0,180,0,210,0,0,1,Low Risk
152,180,0,30,0,2,0,Low Risk
231,60,0,59,1,1,2,Low Risk
37,240,0,25,0,0,0,Low Risk
115,120,0,140,0,1,1,Low Risk
197,120,0,134,0,0,3,Moderate Risk
271,240,0,0,1,4,4,Moderate Risk
356,120,1,53,0,0,4,Moderate Risk
233,120,6,35,1,0,4,Moderate Risk
207,120,0,124,0,7,5,Moderate Risk
66,180,0,112,0,1,1,Low Risk
193,120,0,19,0,0,2,Low Risk
179,180,0,95,0,2,1,Low Risk
82,180,0,21,0,0,0,Low Risk
254,60,0,0,1,2,2,Low Risk
49,180,0,10,5,0,2,Low Risk
173,60,0,29,0,0,2,Low Risk
245,120,0,68,0,5,4,Moderate Risk
166,120,33,49,0,1,4,Moderate Risk
206,180,0,81,2,7,4,Moderate Risk
0,180,0,34,0,3,2,Low Risk
345,180,0,56,0,3,4,Moderate Risk
23,180,0,15,0,0,0,Low Risk
39,240,0,45,0,0,0,Low Risk
241,240,0,138,0,1,3,Moderate Risk
150,240,78,52,3,0,4,Moderate Risk
180,60,0,34,0,4,4,Moderate Risk
69,60,0,13,2,0,2,Low Risk
139,120,0,92,1,0,3,Moderate Risk
229,180,34,0,0,0,4,Moderate Risk
191,240,0,67,0,0,0,Low Risk
0,120,0,57,0,0,0,Low Risk
136,240,0,32,0,0,0,Low Risk
162,120,27,0,0,0,4,Moderate Risk
68,180,0,22,0,0,0,Low Risk
228,120,0,83,0,1,2,Low Risk
241,120,0,43,0,1,2,Low Risk
160,180,0,0,0,0,0,Low Risk
60,180,0,72,0,2,0,Low Risk
62,180,0,88,0,0,0,Low Risk
232,60,0,91,0,3,5,Moderate Risk
242,240,0,98,1,3,5,Moderate Risk
0,240,0,41,0,0,0,Low Risk
94,240,0,32,2,3,2,Low Risk
130,120,1,34,1,0,4,Moderate Risk
231,60,0,157,0,0,3,Moderate Risk
283,180,53,37,0,1,4,Moderate Risk
116,60,0,0,0,0,2,Low Risk
0,120,1,41,0,0,2,Low Risk
69,240,0,125,0,2,1,Low Risk
224,120,34,29,0,0,4,Moderate Risk
200,180,0,70,0,0,2,Low Risk
198,120,0,52,0,0,2,Low Risk
79,180,0,44,2,0,0,Low Risk
205,60,11,70,0,0,4,Moderate Risk
105,60,0,46,5,0,4,Moderate Risk
112,180,0,34,1,0,0,Low Risk
70,60,0,39,0,0,2,Low Risk
339,120,0,0,0,0,2,Low Risk
26,180,0,52,0,0,0,Low Risk
40,120,0,0,0,0,0,Low Risk
141,120,0,39,0,1,2,Low Risk
431,120,0,25,1,2,2,Low Risk
17,120,0,97,1,1,1,Low Risk
146,60,0,71,1,1,2,Low Risk
29,240,0,129,0,2,1,Low Risk
195,60,0,19,0,0,2,Low Risk
213,240,0,30,0,0,0,Low Risk
258,120,0,32,0,0,2,Low Risk
173,120,0,52,0,0,2,Low Risk
63,60,0,28,0,0,2,Low Risk
302,60,0,7,0,0,2,Low Risk
111,120,10,99,0,0,3,Moderate Risk
52,180,11,94,0,0,3,Moderate Risk
126,60,0,105,1,1,3,Moderate Risk
241,60,47,4,1,1,4,Moderate Risk
155,240,0,18,0,0,0,Low Risk
183,60,0,31,0,0,2,Low Risk
230,60,158,49,0,0,4,Moderate Risk
114,180,1,87,0,0,2,Low Risk
350,120,0,81,0,2,2,Low Risk
336,60,16,9,1,0,4,Moderate Risk
167,120,0,74,7,2,4,Moderate Risk
64,180,0,45,0,0,0,Low Risk
331,240,41,28,0,0,4,Moderate Risk
296,120,31,142,0,0,5,Moderate Risk
235,60,31,31,0,0,4,Moderate Risk
146,240,20,17,2,1,2,Low Risk
224,120,0,8,0,0,2,Low Risk
322,180,0,42,1,0,2,Low Risk
189,120,0,60,0,6,4,Moderate Risk
518,180,0,7,4,0,4,Moderate Risk
179,180,0,15,0,0,0,Low Risk
107,180,0,44,0,0,0,Low Risk
176,180,0,6,3,0,2,Low Risk
130,60,0,65,0,0,2,Low Risk
330,60,0,64,0,0,2,Low Risk
218,60,47,33,1,3,6,High Risk
0,240,0,53,0,0,0,Low Risk
0,180,0,39,0,0,0,Low Risk
0,180,0,8,0,0,0,Low Risk
113,180,46,83,3,2,4,Moderate Risk
83,240,0,0,0,4,2,Low Risk
137,240,0,16,0,0,0,Low Risk
67,60,0,109,0,0,3,Moderate Risk
157,180,0,107,4,1,3,Moderate Risk
305,120,0,157,0,0,3,Moderate Risk
246,180,2,3,0,0,4,Moderate Risk
161,120,0,30,2,1,2,Low Risk
67,60,0,12,0,1,2,Low Risk
133,180,0,38,2,0,0,Low Risk
396,180,0,62,0,0,2,Low Risk
259,240,0,46,0,2,2,Low Risk
0,120,18,54,1,1,2,Low Risk
404,60,0,64,0,0,2,Low Risk
262,240,34,54,0,0,4,Moderate Risk
144,60,0,41,0,2,2,Low Risk
206,60,45,40,0,0,4,Moderate Risk
69,60,89,101,0,0,5,Moderate Risk
0,240,0,138,0,0,1,Low Risk
0,60,138,153,0,0,3,Moderate Risk
0,120,0,19,1,0,0,Low Risk
51,180,0,195,3,0,3,Moderate Risk
228,180,0,100,1,0,3,Moderate Risk
232,60,0,0,0,2,2,Low Risk
281,240,0,144,0,0,3,Moderate Risk
92,120,0,22,0,2,0,Low Risk
200,120,5,0,0,1,4,Moderate Risk
239,240,0,32,0,2,0,Low Risk
0,60,0,44,0,0,0,Low Risk
183,240,0,79,0,1,0,Low Risk
25,240,0,170,0,4,3,Moderate Risk
46,240,0,156,0,2,1,Low Risk
227,180,0,22,3,0,4,Moderate Risk
146,120,0,79,0,0,2,Low Risk
256,120,22,88,0,3,6,High Risk
64,120,0,40,0,0,0,Low Risk
111,180,0,21,1,2,0,Low Risk
9,180,0,100,0,9,3,Moderate Risk
138,180,0,15,1,0,0,Low Risk
219,240,0,0,0,1,0,Low Risk
224,120,7,0,0,0,4,Moderate Risk
270,60,0,190,1,0,3,Moderate Risk
45,240,0,47,1,0,0,Low Risk
240,240,0,28,0,0,0,Low Risk
133,180,0,60,4,0,2,Low Risk
26,60,30,148,0,4,5,Moderate Risk
84,180,0,57,1,0,0,Low Risk
335,120,0,11,2,1,2,Low Risk
44,240,0,98,0,0,1,Low Risk
302,180,0,0,1,0,2,Low Risk
124,180,0,0,0,0,0,Low Risk
77,60,0,55,0,0,2,Low Risk
99,60,0,62,0,5,4,Moderate Risk
168,240,0,20,0,0,0,Low Risk
218,120,0,97,2,1,3,High Risk
274,240,0,80,0,1,2,Low Risk
130,60,0,2,0,0,2,Low Risk
190,120,0,20,0,0,2,Low Risk
132,180,0,0,2,0,0,Low Risk
115,240,15,18,0,0,2,Low Risk
158,60,0,92,0,0,3,Moderate Risk
243,120,0,70,1,1,2,Low Risk
359,240,0,74,0,5,4,Moderate Risk
339,60,0,0,0,0,2,Low Risk
268,240,19,104,0,1,5,Moderate Risk
285,120,27,40,0,0,4,Moderate Risk
93,120,0,5,0,0,0,Low Risk
256,240,0,0,0,0,2,Low Risk
275,120,0,39,0,0,2,Low Risk
0,60,0,134,0,0,1,Low Risk
126,180,0,178,0,0,1,Low Risk
114,60,0,0,0,0,2,Low Risk
240,120,0,80,2,2,2,Low Risk
281,240,0,64,0,5,4,High Risk
187,180,0,0,0,0,2,Low Risk
299,180,0,1,0,0,2,Low Risk
168,120,0,60,0,2,2,Moderate Risk
34,180,0,49,0,4,2,Low Risk
0,60,0,76,0,0,0,Low Risk
243,120,0,74,0,0,2,Low Risk
116,120,0,80,0,1,0,Low Risk
133,180,20,25,0,0,2,Low Risk
338,120,25,78,0,0,4,Moderate Risk
237,120,0,1,3,3,6,High Risk
101,120,14,148,0,0,3,Moderate Risk
0,60,0,33,0,0,0,Low Risk
89,120,0,97,0,1,1,Low Risk
213,240,0,17,0,1,0,Low Risk
255,240,13,13,0,0,4,Moderate Risk
169,120,0,8,0,0,2,Low Risk
78,120,0,92,1,1,1,Low Risk
148,180,0,93,0,0,1,Low Risk
158,60,11,71,0,0,4,Moderate Risk
201,180,0,22,0,1,2,Low Risk
83,240,137,104,0,2,3,Moderate Risk
144,240,0,124,3,0,3,Moderate Risk
59,240,0,0,0,0,0,Low Risk
213,180,0,121,0,4,5,Moderate Risk
133,120,16,105,0,0,5,Moderate Risk
63,240,0,56,0,2,0,Low Risk
291,60,0,0,0,0,2,Low Risk
164,180,0,32,0,2,0,Low Risk
0,60,1,27,0,3,4,Moderate Risk
0,120,0,47,0,0,0,Low Risk
185,60,0,90,0,0,2,Low Risk
0,180,0,49,0,0,0,Low Risk
80,180,0,73,0,0,0,Low Risk
221,240,0,54,0,0,0,Low Risk
271,60,0,20,2,0,2,Low Risk
310,120,0,21,0,0,2,Low Risk
162,180,17,45,1,1,2,Low Risk
287,60,20,73,0,0,4,Moderate Risk
206,180,0,80,2,0,2,Low Risk
274,60,0,38,0,3,4,Moderate Risk
159,180,0,16,0,4,2,Low Risk
114,240,0,52,0,0,0,Low Risk
309,60,0,114,0,0,3,Moderate Risk
0,180,0,63,0,6,2,Low Risk
37,60,50,114,0,0,3,Moderate Risk
249,240,0,47,0,0,2,Low Risk
107,120,0,87,0,2,0,Low Risk
170,240,0,51,0,0,0,Low Risk
114,180,0,0,1,5,2,Low Risk
229,120,22,55,5,0,6,High Risk
162,60,70,67,0,0,4,Moderate Risk
65,240,0,0,0,0,0,Low Risk
249,240,0,51,0,0,2,Low Risk
59,120,0,52,0,0,0,Low Risk
34,60,41,19,0,0,2,Low Risk
349,240,0,40,1,0,2,Low Risk
142,120,24,10,0,8,6,High Risk
0,240,0,39,4,2,2,Low Risk
43,60,0,0,0,3,2,Low Risk
97,180,8,26,2,0,2,Low Risk
109,60,0,20,0,0,2,Low Risk
76,180,0,88,2,7,2,Low Risk
191,60,6,30,0,1,4,Moderate Risk
152,180,0,0,0,0,0,Low Risk
159,240,0,68,0,4,2,Low Risk
89,240,0,50,0,8,2,Low Risk
146,120,0,82,0,3,4,Moderate Risk
0,120,0,1,0,0,0,Low Risk
155,120,24,0,0,0,4,Moderate Risk
0,120,0,20,2,0,0,Low Risk
195,240,0,36,0,1,0,Low Risk
0,120,0,51,2,0,0,Low Risk
269,180,7,18,2,0,4,Moderate Risk
243,180,44,52,0,1,4,Moderate Risk
0,240,0,61,0,0,0,Low Risk
115,120,0,90,0,2,0,Low Risk
90,120,15,29,1,0,2,Low Risk
74,120,0,31,1,0,0,Low Risk
275,60,0,66,1,0,2,Low Risk
196,240,0,75,0,0,0,Low Risk
259,180,0,48,1,0,2,Low Risk
287,60,0,48,0,0,2,Low Risk
208,120,0,0,0,1,2,Low Risk
87,60,0,94,0,0,3,Moderate Risk
234,180,0,30,0,0,2,Low Risk
0,240,0,40,1,0,0,Low Risk
144,240,0,25,1,1,0,Low Risk
140,180,0,0,0,0,0,Low Risk
124,240,0,107,2,0,1,Low Risk
219,60,0,0,0,1,2,Low Risk
129,240,0,64,0,0,0,Low Risk
291,120,5,0,0,0,4,Moderate Risk
168,120,0,54,0,1,2,Low Risk
27,180,0,0,1,0,0,Low Risk
125,180,46,34,0,0,2,Low Risk
179,240,0,18,1,0,0,Low Risk
322,60,0,65,0,0,2,Low Risk
228,120,0,52,0,0,2,Low Risk
236,240,0,88,1,0,0,Low Risk
51,240,0,110,2,3,3,Moderate Risk
86,240,0,82,5,0,2,Low Risk
98,240,51,63,0,0,2,Low Risk
147,180,0,101,3,0,3,Moderate Risk
184,240,0,0,0,1,0,Low Risk
0,120,0,73,0,0,0,Low Risk
182,180,15,81,0,0,4,Moderate Risk
165,120,0,0,2,0,2,Low Risk
173,120,0,45,0,4,4,Moderate Risk
125,240,0,122,0,0,1,Low Risk
207,180,0,170,1,0,3,Moderate Risk
213,120,0,57,0,0,2,Low Risk
282,60,0,65,0,2,2,Low Risk
141,60,17,57,0,0,4,Moderate Risk
0,240,0,114,0,3,3,Moderate Risk
101,60,43,78,0,0,4,Moderate Risk
78,180,0,0,0,3,2,Low Risk
301,180,0,79,0,0,2,Low Risk
238,180,0,37,0,0,2,Low Risk
103,180,0,94,0,2,1,Low Risk
0,180,0,30,0,0,0,Low Risk
157,240,0,7,0,4,2,Low Risk
128,240,93,2,0,0,2,Low Risk
152,120,0,95,0,2,3,Moderate Risk
66,240,0,9,0,0,0,Low Risk
144,120,0,42,0,0,2,Low Risk
219,120,15,30,0,1,4,Moderate Risk
120,60,24,10,0,0,4,Moderate Risk
163,120,0,70,0,3,4,Moderate Risk
217,120,0,18,0,0,2,Low Risk
253,120,0,74,0,2,2,Low Risk
257,180,0,46,0,2,2,Low Risk
20,240,0,44,0,1,0,Low Risk
173,60,0,45,4,0,4,Moderate Risk
255,180,0,20,1,0,2,Low Risk
330,240,0,59,0,1,2,Low Risk
115,240,3,9,0,7,4,Moderate Risk
242,180,0,38,0,0,2,Low Risk
161,60,0,86,0,0,2,Low Risk
71,180,0,151,0,0,1,Low Risk
0,120,0,137,0,0,1,Low Risk
105,60,0,42,0,0,2,Low Risk
271,240,0,112,0,6,5,Moderate Risk
135,240,0,71,0,1,0,Low Risk
0,60,0,35,2,0,0,Low Risk
189,120,53,3,0,0,4,Moderate Risk
237,120,0,80,1,0,2,Low Risk
236,120,0,90,0,4,4,Moderate Risk
274,120,0,29,0,3,4,Moderate Risk
120,240,0,75,0,0,0,Low Risk
192,240,13,62,0,5,4,Moderate Risk
0,60,0,0,0,0,0,Low Risk
77,120,0,0,1,0,0,Low Risk
210,120,66,76,0,0,4,Moderate Risk
4,180,0,96,1,0,1,Low Risk
70,180,0,12,3,0,2,Low Risk
217,180,23,39,0,1,4,Low Risk
97,120,0,21,0,0,0,Low Risk
186,180,0,66,0,4,4,Moderate Risk
121,240,0,80,0,0,0,Low Risk
87,120,0,178,0,0,1,Low Risk
0,60,0,0,0,0,0,Moderate Risk
159,120,0,39,0,0,2,Low Risk
196,60,0,95,4,0,5,Moderate Risk
233,180,0,52,0,1,2,Low Risk
177,180,130,73,3,0,4,Moderate Risk
109,180,0,53,1,0,0,Low Risk
124,240,0,31,1,0,0,Low Risk
149,120,26,69,0,4,6,High Risk
350,60,44,59,4,1,6,High Risk
34,120,27,148,0,0,3,Moderate Risk
111,240,0,24,0,1,0,Low Risk
287,120,0,44,0,3,4,High Risk
434,240,0,0,2,2,2,Low Risk
0,180,0,15,1,0,0,Low Risk
230,60,0,140,0,0,3,Moderate Risk
77,240,8,159,0,0,3,Moderate Risk
0,240,0,39,0,0,0,Low Risk
0,60,38,91,0,0,3,Moderate Risk
187,180,0,20,0,0,2,Low Risk
242,60,0,43,0,0,2,Low Risk
23,120,88,51,0,2,2,Low Risk
350,120,0,34,1,0,2,Low Risk
146,120,0,18,0,1,2,Low Risk
158,60,1,0,0,0,4,Moderate Risk
76,60,0,190,0,1,3,Moderate Risk
152,180,0,37,0,2,0,Low Risk
208,120,18,10,2,0,4,Moderate Risk
175,120,0,39,2,1,2,Low Risk
133,120,0,43,0,0,2,Low Risk
279,180,0,64,0,0,2,Low Risk
313,60,12,114,1,0,5,High Risk
222,60,0,80,1,5,4,Moderate Risk
121,180,0,30,1,0,0,Low Risk
159,120,17,87,0,0,4,Moderate Risk
90,180,0,33,0,1,0,Low Risk
215,120,0,43,0,0,2,Low Risk
168,240,90,0,0,0,2,Low Risk
0,120,0,0,1,0,0,Low Risk
164,180,0,35,0,0,0,Low Risk
132,180,60,23,3,0,4,Moderate Risk
65,120,0,61,4,1,2,Low Risk
198,120,0,110,0,1,3,Moderate Risk
159,240,0,0,0,0,0,Low Risk
220,120,38,39,0,0,4,High Risk
206,180,0,52,0,1,2,Low Risk
137,240,0,39,1,3,2,Low Risk
81,180,0,28,5,0,2,Low Risk
205,240,0,31,4,0,2,Low Risk
212,180,0,31,0,0,2,Low Risk
96,240,0,10,0,0,0,Low Risk
183,60,0,30,0,0,2,Low Risk
221,120,35,0,0,2,4,Moderate Risk
8,180,0,0,0,0,0,Low Risk
137,240,0,0,0,0,0,Low Risk
86,240,24,37,0,4,4,Moderate Risk
39,240,0,75,0,1,0,Low Risk
250,60,0,96,0,0,3,Moderate Risk
122,240,0,76,1,0,0,Low Risk
0,120,0,0,0,0,0,Low Risk
0,120,0,88,1,2,0,Low Risk
353,120,0,104,0,0,3,Moderate Risk
159,240,0,0,0,0,0,Low Risk
67,240,0,63,0,0,0,Low Risk
267,120,0,83,0,1,2,Low Risk
107,240,18,63,0,3,4,Moderate Risk
200,180,24,0,3,0,6,High Risk
156,60,0,0,0,0,2,Low Risk
151,60,0,26,0,0,2,Moderate Risk
317,60,0,39,1,5,4,Moderate Risk
0,120,0,11,0,0,0,Low Risk
115,240,16,52,3,0,4,Moderate Risk
297,180,0,95,1,2,3,Moderate Risk
288,180,0,32,0,2,2,Low Risk
115,180,13,0,0,2,2,Low Risk
307,60,0,60,0,0,2,Low Risk
205,240,7,20,1,3,4,Moderate Risk
22,180,0,83,0,0,0,Low Risk
0,60,0,45,1,0,0,Low Risk
120,180,0,10,0,1,0,Low Risk
94,60,0,28,2,0,2,Low Risk
65,240,28,58,0,0,2,Low Risk
261,240,0,0,0,2,2,Low Risk
94,60,0,82,0,0,2,Low Risk
226,60,25,62,0,0,4,Moderate Risk
124,60,0,31,1,0,2,Low Risk
219,180,13,14,0,0,4,Moderate Risk
194,240,0,31,0,1,0,Low Risk
15,60,1,99,1,0,3,Moderate Risk
178,240,0,36,0,0,0,Low Risk
252,60,0,21,0,0,2,Low Risk
142,60,0,0,4,2,4,Moderate Risk
88,180,0,25,0,0,0,Low Risk
160,240,42,8,0,0,2,Low Risk
99,60,0,43,0,1,2,Low Risk
272,240,0,36,2,0,2,Low Risk
215,120,0,4,0,4,4,Moderate Risk
135,180,0,25,0,0,0,Low Risk
235,180,0,61,1,0,2,Low Risk
174,60,0,62,0,0,2,Low Risk
129,120,0,3,5,0,4,Moderate Risk
100,180,21,47,0,0,2,Low Risk
161,180,0,59,0,0,0,Low Risk
62,120,0,49,2,0,0,Low Risk
88,180,61,162,4,0,5,Moderate Risk
75,60,23,28,0,0,4,Moderate Risk
216,60,0,58,0,1,2,Low Risk
63,60,0,0,0,6,4,Moderate Risk
141,60,0,76,3,0,4,Moderate Risk
76,180,0,6,0,0,0,Low Risk
125,120,0,0,0,0,2,Low Risk
238,240,0,17,0,0,0,Low Risk
7,180,0,26,0,0,0,Low Risk
13,180,5,30,0,1,2,Low Risk
202,240,0,23,3,3,4,Moderate Risk
225,240,0,93,4,2,3,Moderate Risk
111,60,0,30,1,3,4,Moderate Risk
305,180,146,39,4,2,6,High Risk
24,240,0,50,0,3,2,Low Risk
238,120,0,0,0,2,2,Low Risk
148,120,0,45,0,0,2,Low Risk
182,180,0,12,0,0,2,Low Risk
217,240,0,88,0,0,0,Low Risk
152,180,0,5,0,1,0,Low Risk
204,180,0,70,1,0,2,Low Risk
133,60,1,0,0,0,4,Low Risk
213,180,0,73,0,0,2,Low Risk
197,180,0,72,0,0,2,Low Risk
78,120,13,0,0,1,2,Low Risk
72,240,0,37,0,4,2,Low Risk
126,180,0,72,0,0,0,Low Risk
50,180,0,59,0,0,0,Low Risk
105,120,0,130,0,0,1,Low Risk
232,60,0,15,3,0,4,Moderate Risk
54,240,0,111,2,2,1,Low Risk
90,180,14,57,1,0,2,Low Risk
260,240,0,53,0,0,2,Low Risk
148,240,0,47,6,1,2,Low Risk
19,120,0,99,0,0,1,Low Risk
0,240,0,33,0,3,2,Low Risk
70,180,0,111,1,0,1,Low Risk
257,240,0,197,0,2,3,Moderate Risk
232,240,0,0,0,1,0,Low Risk
112,240,0,61,3,1,2,Low Risk
316,60,0,86,0,1,2,Low Risk
400,180,0,37,0,0,2,Low Risk
0,240,0,5,0,0,0,Low Risk
208,60,0,31,1,1,2,Low Risk
123,180,0,33,6,5,4,Moderate Risk
153,240,28,93,0,12,5,Moderate Risk
0,60,0,19,0,0,0,Low Risk
74,120,11,72,0,0,2,Low Risk
243,240,0,13,0,0,2,Low Risk
95,60,0,20,0,2,2,Low Risk
71,60,0,105,0,0,3,Moderate Risk
266,240,0,34,0,0,2,Low Risk
61,180,0,16,2,0,0,Low Risk
357,60,0,53,0,2,2,Low Risk
225,120,7,83,2,0,4,Moderate Risk
231,180,17,45,0,0,4,High Risk
110,240,1,42,0,0,2,Low Risk
157,180,0,0,0,0,0,Low Risk
0,180,52,95,0,10,5,Moderate Risk
177,180,0,15,0,1,0,Low Risk
242,120,0,57,0,0,2,Low Risk
144,120,38,55,0,0,4,Moderate Risk
370,120,0,83,3,1,4,Moderate Risk
166,60,0,66,0,0,2,Low Risk
14,180,0,32,0,3,2,Low Risk
60,60,0,88,0,0,0,Low Risk
266,60,0,53,0,0,2,Low Risk
192,120,0,33,0,0,2,Low Risk
253,60,14,22,0,0,4,Moderate Risk
43,240,0,80,1,1,0,Low Risk
240,240,0,0,1,0,0,Low Risk
44,180,0,22,0,0,0,Low Risk
54,240,0,0,0,1,0,Low Risk
248,60,0,104,0,0,3,Moderate Risk
346,60,155,57,1,0,4,Moderate Risk
23,180,0,79,1,0,0,Low Risk
204,60,0,18,0,0,2,Low Risk
175,60,1,0,0,0,4,Moderate Risk
47,180,21,48,1,0,2,Low Risk
69,120,0,0,0,3,2,Low Risk
290,60,0,18,1,0,2,Low Risk
174,180,0,0,0,0,0,Low Risk
0,180,6,76,1,0,2,Low Risk
166,120,0,0,2,2,2,Low Risk
173,120,0,60,0,0,2,Low Risk
0,240,45,66,1,1,2,Low Risk
54,240,0,41,0,3,2,Low Risk
252,60,0,139,0,0,3,Moderate Risk
114,120,0,48,1,0,0,Low Risk
231,240,0,51,0,0,0,Low Risk
124,60,0,6,0,3,4,Moderate Risk
147,120,0,0,0,0,2,Low Risk
74,240,0,35,0,2,0,Low Risk
136,180,0,11,1,1,0,Low Risk
123,240,0,126,0,0,1,Low Risk
85,240,0,13,0,0,0,Low Risk
203,120,1,59,0,5,6,High Risk
232,60,0,57,0,8,4,Moderate Risk
156,60,46,102,1,0,5,Moderate Risk
174,180,0,84,0,0,0,Low Risk
209,120,0,57,0,0,2,Low Risk
48,60,0,36,0,0,0,Low Risk
53,180,0,0,0,1,0,Low Risk
101,120,0,144,0,0,1,Low Risk
329,240,0,0,1,0,2,Moderate Risk
0,120,0,0,0,0,0,Low Risk
105,240,0,59,0,0,0,Low Risk
244,60,0,65,0,0,2,Low Risk
29,60,0,0,0,1,0,Low Risk
185,60,0,121,0,0,3,Moderate Risk
14,60,0,47,3,1,2,Low Risk
163,120,0,106,3,0,5,Moderate Risk
291,60,0,67,0,0,2,Low Risk
51,60,0,106,0,0,1,Low Risk
289,60,0,103,0,0,3,Moderate Risk
50,120,17,12,0,0,2,Low Risk
298,60,0,151,2,0,3,Moderate Risk
170,120,47,81,1,0,4,Moderate Risk
113,240,0,36,0,3,2,Low Risk
113,120,0,0,0,0,0,Low Risk
12,240,0,102,0,0,1,Low Risk
104,240,0,13,0,3,2,Low Risk
258,60,59,49,2,0,4,Moderate Risk
75,120,0,28,0,0,0,Low Risk
193,240,0,5,0,0,0,Low Risk
314,240,0,41,1,3,4,Moderate Risk
201,240,0,0,0,0,0,Low Risk
60,120,0,52,0,0,0,Low Risk
67,60,0,0,0,0,2,Low Risk
122,60,0,174,0,1,3,Moderate Risk
77,240,27,103,0,0,3,Moderate Risk
151,240,0,19,0,0,0,Low Risk
26,240,0,106,0,0,1,Low Risk
118,240,0,42,2,5,2,Low Risk
163,60,0,86,0,0,2,Low Risk
138,60,0,40,0,0,2,Low Risk
110,60,0,42,0,0,2,Low Risk
165,60,0,149,0,1,3,Moderate Risk
67,60,0,44,0,0,2,Low Risk
91,180,0,63,1,0,0,Low Risk
0,60,0,92,0,0,1,Low Risk
96,120,0,57,0,2,0,Low Risk
52,120,0,106,2,0,1,Low Risk
0,180,0,55,0,0,0,Low Risk
104,240,0,39,0,1,0,Low Risk
129,240,0,85,0,1,0,Low Risk
146,180,0,191,0,0,1,Low Risk
0,240,0,44,1,0,0,Low Risk
83,120,0,112,0,0,1,Low Risk
87,240,0,35,1,3,2,Low Risk
22,120,0,2,0,0,0,Low Risk
0,120,28,170,0,0,3,Moderate Risk
313,180,51,32,4,0,6,High Risk
0,60,0,34,1,0,0,Low Risk
27,240,0,107,0,0,1,Low Risk
121,120,0,91,1,6,5,Moderate Risk
98,240,49,75,0,0,2,Low Risk
26,180,0,93,3,0,3,Moderate Risk
147,240,0,0,0,1,0,Low Risk
122,60,0,158,0,0,3,Moderate Risk
189,240,0,26,1,2,0,Low Risk
20,120,10,76,0,0,2,Low Risk
14,180,0,46,0,0,0,Low Risk
149,180,0,42,0,0,0,Low Risk
177,180,0,85,0,0,0,Low Risk
142,180,0,22,0,0,0,Low Risk
0,240,0,100,0,0,1,Low Risk
136,240,54,94,1,0,3,Moderate Risk
150,60,0,69,1,0,2,Low Risk
55,180,25,43,0,0,2,Low Risk
0,60,0,29,0,0,0,Low Risk
138,120,1,55,2,0,4,Moderate Risk
66,120,0,78,1,0,0,Low Risk
171,60,39,52,0,0,4,Moderate Risk
218,180,0,1,0,4,4,Moderate Risk
204,180,0,30,0,2,2,Low Risk
124,240,0,41,1,5,2,Low Risk
145,120,0,45,0,0,2,Low Risk
101,60,0,35,3,0,4,Moderate Risk
279,60,0,46,0,0,2,Low Risk
158,60,0,23,1,0,2,Low Risk
0,120,0,49,0,0,0,Low Risk
28,240,49,38,0,0,2,Low Risk
122,240,0,30,0,4,2,Low Risk
44,180,0,0,0,2,0,Low Risk
256,240,58,52,0,0,4,Moderate Risk
185,120,0,103,5,1,5,Moderate Risk
63,60,0,70,0,0,2,Low Risk
293,60,0,34,1,1,2,Low Risk
313,60,0,88,0,0,2,Low Risk
35,60,0,0,0,0,0,Low Risk
38,240,0,140,3,1,3,Moderate Risk
0,60,0,75,3,2,2,Low Risk
153,180,25,10,0,0,2,Low Risk
66,180,20,61,0,0,2,Low Risk
203,120,0,18,6,1,4,Moderate Risk
103,60,1,9,0,0,4,Moderate Risk
97,120,22,60,3,0,4,Moderate Risk
134,60,0,85,5,2,4,Moderate Risk
152,240,29,133,0,0,3,Moderate Risk
63,60,0,32,2,0,2,Low Risk
231,120,0,56,0,5,4,Moderate Risk
367,180,5,0,0,0,4,Moderate Risk
25,240,0,0,0,0,0,Low Risk
275,120,59,86,0,0,4,Moderate Risk
62,120,0,95,0,0,1,Low Risk
141,120,15,256,0,1,5,Moderate Risk
213,60,71,99,0,0,5,Moderate Risk
86,120,0,30,0,0,0,Low Risk
238,180,17,38,0,4,6,High Risk
346,60,0,33,0,2,2,Low Risk
139,180,4,14,0,0,2,Low Risk
252,120,0,101,0,0,3,Moderate Risk
123,240,0,55,3,9,4,Moderate Risk
212,240,88,161,1,2,3,Moderate Risk
154,240,0,50,0,0,0,Low Risk
0,120,0,54,0,0,0,Low Risk
154,120,0,39,0,0,2,Low Risk
185,60,0,19,2,1,2,Low Risk
406,60,0,91,2,0,3,Moderate Risk
233,60,0,49,9,0,4,Moderate Risk
259,180,0,44,0,0,2,Low Risk
105,60,0,64,0,0,2,Low Risk
68,240,0,85,0,0,0,Low Risk
105,180,42,33,0,0,2,Low Risk
102,60,0,55,1,4,4,Moderate Risk
106,60,175,43,0,0,4,Moderate Risk
135,240,0,103,0,0,1,Low Risk
87,60,0,33,2,0,2,Low Risk
134,180,0,93,0,0,1,Low Risk
189,240,0,59,1,0,0,Low Risk
165,180,136,7,0,0,2,Low Risk
183,60,4,34,0,11,6,High Risk
210,120,0,62,0,3,4,Moderate Risk
317,120,0,67,0,0,2,Low Risk
185,120,0,5,2,0,2,Low Risk
203,60,0,43,1,0,2,Low Risk
0,180,0,69,2,0,0,Low Risk
176,240,0,59,0,0,0,Low Risk
185,120,0,28,0,0,2,Moderate Risk
31,120,10,98,0,0,3,Moderate Risk
79,240,0,71,0,0,0,Low Risk
147,60,72,65,0,2,4,Moderate Risk
246,60,0,28,0,0,2,Low Risk
192,120,0,59,0,0,2,Low Risk
31,180,0,30,0,0,0,Low Risk
218,180,16,119,2,0,5,Moderate Risk
105,60,0,55,1,0,2,Low Risk
119,180,0,0,1,0,0,Low Risk
318,120,0,42,0,0,2,Low Risk
137,60,0,109,0,0,3,Moderate Risk
94,240,0,32,0,1,0,Low Risk
94,120,0,33,3,6,4,Moderate Risk
160,240,0,81,0,0,0,Low Risk
64,60,0,155,0,0,3,Moderate Risk
132,240,0,30,0,0,0,Low Risk
53,60,0,15,0,0,0,Low Risk
340,180,0,127,1,2,3,Moderate Risk
145,180,5,74,0,0,2,Low Risk
47,60,4,71,2,0,2,Low Risk
181,120,0,61,0,1,2,Low Risk
294,240,0,31,0,0,2,Low Risk
133,120,0,14,0,1,2,Low Risk
221,240,0,7,0,0,0,Low Risk
322,180,0,37,0,1,2,Low Risk
95,180,0,57,0,0,0,Low Risk
303,180,0,37,1,3,4,Moderate Risk
170,180,0,73,0,0,0,Low Risk
296,120,0,77,0,0,2,Low Risk
217,180,17,17,1,0,4,Moderate Risk
145,120,147,28,0,0,4,Moderate Risk
200,120,0,0,0,0,2,Low Risk
232,60,0,60,0,0,2,Low Risk
306,180,6,24,0,1,4,Moderate Risk
0,60,0,65,2,0,0,Low Risk
174,120,0,33,0,1,2,Low Risk
231,60,0,15,0,0,2,Low Risk
224,60,0,88,0,0,2,Low Risk
260,180,0,130,1,0,3,Moderate Risk
19,240,0,43,0,0,0,Low Risk
182,120,0,52,0,1,2,Low Risk
110,180,0,13,1,0,0,Low Risk
9,180,3,49,0,0,2,Low Risk
282,180,0,95,0,2,3,Moderate Risk
130,240,0,75,0,0,0,Low Risk
217,240,0,57,0,2,0,Low Risk
204,180,23,38,0,0,4,Moderate Risk
98,240,0,18,1,1,0,Low Risk
89,120,0,0,1,1,0,Low Risk
192,240,0,102,0,0,1,Low Risk
254,180,0,55,1,0,2,Low Risk
259,180,0,35,0,1,2,Low Risk
151,180,0,36,0,1,0,Low Risk
47,120,0,75,0,0,0,Low Risk
52,120,0,100,0,4,3,Moderate Risk
151,60,0,113,0,0,3,Moderate Risk
152,180,0,11,0,0,0,Low Risk
55,60,0,0,0,0,0,Low Risk
74,120,0,30,0,0,0,Low Risk
0,240,0,15,2,0,0,Low Risk
86,240,0,124,0,0,1,Low Risk
265,240,27,45,5,3,8,High Risk
99,240,0,4,1,1,0,Low Risk
204,120,6,70,3,2,6,High Risk
240,120,0,139,0,1,3,Moderate Risk
220,240,0,5,0,2,0,Low Risk
6,180,0,26,0,1,0,Low Risk
0,180,0,71,0,2,0,Low Risk
227,240,0,117,5,0,3,Moderate Risk
217,120,0,53,1,0,2,Low Risk
368,180,0,35,0,0,2,Low Risk
272,120,0,12,1,5,4,Moderate Risk
0,60,0,30,2,0,0,Low Risk
142,60,0,41,5,0,4,Moderate Risk
55,240,0,43,0,0,0,Low Risk
78,180,0,45,0,0,0,Low Risk
199,60,0,79,0,3,4,Moderate Risk
102,180,0,5,5,0,2,Low Risk
12,60,27,51,0,0,2,Low Risk
152,120,20,8,0,1,4,Moderate Risk
250,60,0,54,0,0,2,Low Risk
129,120,0,47,0,3,4,Moderate Risk
175,60,17,0,0,0,4,Moderate Risk
167,60,0,103,0,3,5,Moderate Risk
83,60,26,30,1,3,6,High Risk
101,120,0,24,0,0,0,Low Risk
144,180,0,56,1,0,0,Low Risk
172,60,0,13,0,0,2,Low Risk
111,240,0,0,1,0,0,Low Risk
12,240,25,32,0,0,2,Low Risk
181,120,6,28,0,0,4,Moderate Risk
293,120,0,7,0,0,2,Low Risk
38,240,0,45,0,0,0,Low Risk
138,180,27,144,3,1,5,Moderate Risk
198,60,0,97,2,1,3,Moderate Risk
141,240,0,59,0,3,2,Low Risk
121,120,0,130,1,1,3,Moderate Risk
83,240,0,68,0,0,0,Low Risk
55,120,0,0,1,6,2,Low Risk
180,180,0,0,0,0,0,Low Risk
227,240,0,6,6,0,2,Low Risk
84,60,0,17,0,0,2,Low Risk
158,60,1,106,4,0,7,High Risk
188,120,0,174,0,0,3,Moderate Risk
163,120,0,50,2,8,4,Moderate Risk
205,180,0,20,1,0,2,Low Risk
101,240,0,0,0,0,0,Low Risk
128,60,0,42,0,0,2,Low Risk
251,120,0,0,0,0,2,Low Risk
109,120,0,44,0,0,0,Low Risk
256,120,0,16,0,0,2,Low Risk
168,60,18,52,0,0,4,Moderate Risk
113,180,81,45,0,0,2,Low Risk
187,120,0,74,0,2,2,Low Risk
237,120,78,12,0,0,4,Moderate Risk
150,180,0,50,0,0,0,Low Risk
236,240,0,21,0,0,0,Low Risk
230,240,32,90,0,2,2,Low Risk
66,180,0,34,0,0,0,Low Risk
0,60,5,17,0,0,2,Low Risk
150,180,29,165,0,4,5,Moderate Risk
101,120,0,147,0,0,1,Low Risk
252,240,0,100,0,0,3,Moderate Risk
110,120,0,157,0,1,1,Low Risk
291,180,0,98,0,0,3,Moderate Risk
44,240,0,47,0,0,0,Low Risk
132,240,1,52,0,0,2,Low Risk
48,60,0,136,5,2,3,Moderate Risk
304,120,0,28,2,1,2,Low Risk
294,180,0,105,1,0,3,Moderate Risk
172,120,0,0,1,0,2,Low Risk
105,180,0,75,0,0,0,Low Risk
206,240,0,90,5,0,2,Low Risk
76,180,0,32,1,0,0,Low Risk
108,60,0,53,0,0,2,Low Risk
70,240,6,18,0,0,2,Low Risk
255,180,22,7,0,3,6,High Risk
82,60,0,32,0,0,2,Low Risk
191,180,0,47,0,0,2,Low Risk
209,180,0,102,0,0,3,Moderate Risk
11,180,0,0,0,0,0,Low Risk
111,120,0,73,0,4,2,Low Risk
25,120,0,53,0,0,0,Low Risk
163,240,0,9,0,10,2,Low Risk
62,60,13,0,0,3,6,High Risk
260,240,0,15,0,1,2,Low Risk
199,120,0,58,2,0,2,Low Risk
321,180,0,88,0,0,2,Low Risk
86,240,0,28,0,0,0,Low Risk
219,60,26,48,1,0,4,Moderate Risk
164,60,0,4,0,0,2,Low Risk
142,60,0,125,0,1,3,Moderate Risk
109,180,0,132,4,7,5,Moderate Risk
87,240,0,81,2,0,0,Low Risk
91,60,0,60,1,0,2,Low Risk
172,240,0,32,0,1,0,Low Risk
145,240,0,57,4,0,2,Low Risk
91,180,0,47,2,1,0,Low Risk
283,120,0,53,0,0,2,Low Risk
178,120,0,60,0,0,2,Low Risk
297,240,58,27,0,1,4,Moderate Risk
285,60,2,0,2,0,4,Moderate Risk
43,180,80,106,0,0,3,Moderate Risk
315,240,0,62,2,0,2,Low Risk
288,180,1,104,0,0,5,High Risk
153,60,0,97,0,7,5,Moderate Risk
249,60,0,47,1,1,2,Low Risk
218,180,0,86,0,0,2,Low Risk
0,120,0,0,1,1,0,Low Risk
185,240,0,95,0,0,1,Low Risk
136,60,0,41,0,1,2,Low Risk
283,120,0,23,0,5,4,Moderate Risk
111,60,25,77,0,0,4,Moderate Risk
218,120,6,16,0,0,4,Moderate Risk
154,240,2,19,2,0,2,Low Risk
207,120,10,24,1,0,4,Moderate Risk
0,120,0,28,0,1,0,Low Risk
109,120,81,31,3,1,4,Moderate Risk
204,60,0,0,2,0,2,Moderate Risk
1,240,0,38,0,1,0,Low Risk
78,240,0,60,0,0,0,Low Risk
48,120,0,137,1,0,1,Low Risk
324,120,0,41,5,0,4,Moderate Risk
88,60,0,10,1,0,2,Low Risk
80,180,0,120,1,2,1,Low Risk
193,240,23,60,2,1,2,Low Risk
108,240,0,20,0,0,0,Low Risk
0,120,0,57,0,0,0,Low Risk
69,60,0,81,0,0,2,Low Risk
381,180,0,39,0,0,2,Low Risk
264,120,0,25,0,1,2,Low Risk
113,180,0,49,0,0,0,Low Risk
198,180,25,0,0,0,4,Moderate Risk
21,180,2,23,0,0,2,Low Risk
123,60,0,0,0,0,2,Low Risk
188,180,0,72,1,0,2,Low Risk
79,240,0,19,0,0,0,Low Risk
0,60,0,113,0,3,3,High Risk
0,120,104,176,3,0,5,Moderate Risk
21,180,0,94,0,0,1,Low Risk
190,240,101,35,0,4,4,Moderate Risk
6,240,0,31,0,0,0,Low Risk
0,120,0,27,0,1,0,Low Risk
72,120,0,42,0,4,2,Low Risk
145,60,0,39,0,0,2,Low Risk
161,240,0,20,0,1,0,Low Risk
92,120,0,30,0,0,0,Low Risk
292,240,0,73,0,2,2,Low Risk
19,120,44,112,0,4,5,Moderate Risk
94,120,45,72,1,0,2,Low Risk
53,60,0,159,0,2,1,Low Risk
0,180,45,82,1,0,2,Low Risk
241,180,9,71,0,0,4,Moderate Risk
140,240,0,105,0,0,1,Low Risk
109,180,0,99,0,6,3,Moderate Risk
142,240,0,36,0,2,0,Moderate Risk
142,240,3,20,0,3,4,Moderate Risk
206,180,0,41,0,0,2,Low Risk
69,240,0,5,3,0,2,Low Risk
96,180,0,9,0,4,2,Low Risk
0,180,0,37,0,0,0,Low Risk
179,180,36,26,0,0,2,Low Risk
53,120,67,16,0,1,2,Low Risk
339,240,0,94,3,0,5,Moderate Risk
63,60,0,88,0,0,2,Moderate Risk
125,180,0,25,1,0,0,Low Risk
250,180,7,37,0,0,4,Moderate Risk
358,180,0,28,0,1,2,Low Risk
216,240,0,78,0,0,0,Low Risk
288,120,1,111,1,2,5,Moderate Risk
98,180,29,7,3,1,4,Moderate Risk
7,240,30,11,2,0,2,Low Risk
372,120,0,0,0,0,2,Low Risk
290,120,0,68,0,0,2,Low Risk
169,180,0,2,0,1,0,Low Risk
250,60,0,34,0,0,2,Low Risk
289,240,0,21,0,0,2,Low Risk
129,240,0,104,0,0,1,Low Risk
118,180,0,0,0,0,0,Low Risk
169,180,78,52,1,1,2,Low Risk
135,120,47,33,0,1,4,Moderate Risk
234,60,0,46,1,0,2,Low Risk
59,120,0,31,0,0,0,Low Risk
0,120,14,81,1,0,2,Low Risk
142,120,0,7,0,3,4,Moderate Risk
128,240,0,97,0,0,1,Low Risk
37,240,44,69,0,0,2,Low Risk
205,180,11,49,0,0,4,Moderate Risk
246,240,0,49,1,0,2,Low Risk
298,60,0,83,0,1,2,Low Risk
223,240,0,81,0,0,0,Low Risk
80,60,16,28,0,0,4,Moderate Risk
125,180,0,45,0,0,0,Low Risk
61,240,0,34,0,1,0,Low Risk
3,120,0,0,1,4,2,Low Risk
290,240,0,35,0,1,2,Low Risk
231,120,0,7,0,0,2,Low Risk
59,240,11,104,1,2,3,Moderate Risk
109,240,0,71,1,0,0,Low Risk
185,60,0,87,0,1,2,Low Risk
209,120,0,54,0,0,2,Low Risk
82,180,0,10,0,4,2,Low Risk
94,120,0,72,0,0,0,Low Risk
116,180,0,31,0,1,0,Low Risk
0,120,0,59,1,0,0,Low Risk
112,240,121,0,0,0,2,Low Risk
4,240,0,12,1,1,0,Low Risk
269,120,0,23,0,0,2,Low Risk
245,120,0,27,2,1,2,Low Risk
277,240,0,132,0,0,3,Moderate Risk
175,120,0,76,3,0,4,Moderate Risk
68,180,0,0,1,0,0,Low Risk
131,60,0,14,4,0,4,Moderate Risk
158,240,0,37,4,1,2,Low Risk
29,120,0,64,0,3,2,Low Risk
122,240,0,2,2,0,0,Low Risk
115,60,2,27,2,0,4,Moderate Risk
164,120,0,154,0,0,3,Moderate Risk
168,180,0,48,4,0,2,Low Risk
142,180,0,52,0,0,0,Low Risk
245,240,0,60,0,0,2,Low Risk
95,60,0,96,0,7,5,Moderate Risk
