domain,category
0-24bpautomentes.hu,drugs
0-casino.info,gambling
000-online-casino.biz,gambling
000-online-casino.com,gambling
00000onlinecasino.com,gambling
000333onlinecasino.com,gambling
000777triplewin.com,gambling
0009casino.com,gambling
00168fxxx1.com,gambling
00168fxxx2.com,gambling
001casino.com,gambling
003.com,gambling
007onlinecasino.club,gambling
007onlinecasino.com,gambling
007onlinecasino.net,gambling
007sportsbetting.com,gambling
009casino.bz,gambling
009casino.co,gambling
009casino.com,gambling
009casino.cyou,gambling
009casino.group,gambling
009casino.guide,gambling
009casino.help,gambling
009casino.io,gambling
009casino.la,gambling
009casino.online,gambling
009casino.pro,gambling
009casino.zone,gambling
00casino.com,gambling
00o.134mcp.com,gambling
01-casino.com,gambling
01-online-casino.com,gambling
01casinos.com,gambling
01poker.fr,gambling
01turf.com,gambling
020jkjk.com,gambling
0459js.com,gambling
05231997.tumblr.com,drugs
0571jjw.com,gambling
069.cc,gambling
0casino-online.com,gambling
0casinoonline.com,gambling
0dp.net,gambling
0internet-casino.com,gambling
0onlinecasinos.com,gambling
0virtual-casino.com,gambling
0xbetcasino.net,gambling
1-app-api-server.com,gambling
1-blackjack.com,gambling
1-casino-gambling-online.com,gambling
1-casino-webcam.com,gambling
1-casinogambling.com,gambling
1-online-casino-deutschland.com,gambling
1-online-casinos-guide.com,gambling
1-onlinecasino-canada.com,gambling
1-poker-games-online.com,gambling
1-win-casino.com,gambling
1-win-casino.in,gambling
1-win-casino.kz,gambling
1-x-bet.com,gambling
1-x-mirror.com,gambling
1-xbet-casino.ru,gambling
1-xslots.com,gambling
10-top-online-casinos.com,gambling
1000.members0703.kci.org,drugs
1001-bestes-online-casino.com,gambling
1001-casino-online.com,gambling
1001-onlinecasino.co.uk,gambling
1001-slots.com,gambling
1001casino.de,gambling
1001merkuronlinecasino.com,gambling
100bestcasinos.net,gambling
100bestcasinosites.com,gambling
100blackrhino.com,gambling
100casino.net,gambling
100fun.net,gambling
100krgratiscasino.com,gambling
100onlinecasinos.com,gambling
100onlinecasinos.de,gambling
100pour100-gratuit.com,gambling
100shorething.com,gambling
100topcasinos.net,gambling
100zencasino.com,gambling
1010casino.com,gambling
101casino.ru,gambling
101gamblingideas.com,gambling
101ggbet.com,gambling
101u-casino-slots.pro,gambling
101ucasino-slots-crash-aviator.pro,gambling
101ucasino-slots.pro,gambling
101win.ru,gambling
102casino.com,gambling
1065bets10.com,gambling
1066bets10.com,gambling
1067bets10.com,gambling
1068bets10.com,gambling
1069bets10.com,gambling
1070bets10.com,gambling
1071bets10.com,gambling
1072bets10.com,gambling
1073bets10.com,gambling
1074bets10.com,gambling
1075bets10.com,gambling
1076bets10.com,gambling
1077bets10.com,gambling
1078bets10.com,gambling
1079bets10.com,gambling
1080bets10.com,gambling
1081bets10.com,gambling
1082bets10.com,gambling
1083bets10.com,gambling
1084bets10.com,gambling
1085bets10.com,gambling
1086bets10.com,gambling
1087bets10.com,gambling
1088bets10.com,gambling
1089bets10.com,gambling
1090bets10.com,gambling
1091bets10.com,gambling
1092bets10.com,gambling
1093bets10.com,gambling
1094bets10.com,gambling
1095bets10.com,gambling
1096bets10.com,gambling
1097bets10.com,gambling
1098bets10.com,gambling
1099bets10.com,gambling
10bestsweepstakescasinos.com,gambling
10bet.co.uk,gambling
10bet.com,gambling
10casinoenligne.net,gambling
10casinohoteleschile.com,gambling
10casinohotelsargentina.com,gambling
10casinos.com,gambling
10cric.com.in,gambling
10depositcasino.com,gambling
10eurobonus.casino,gambling
10eurocasinobonus.com,gambling
10mobilecasinos.com,gambling
10newcasinositesuk.co.uk,gambling
10playfortuna.ru,gambling
10tippscasinos.com,gambling
10zencasino.com,gambling
1101bets10.com,gambling
1102bets10.com,gambling
1103bets10.com,gambling
1104bets10.com,gambling
1105bets10.com,gambling
1106bets10.com,gambling
1107bets10.com,gambling
1108bets10.com,gambling
1109bets10.com,gambling
1110bets10.com,gambling
1111bets10.com,gambling
1112bets10.com,gambling
1113bets10.com,gambling
1114bets10.com,gambling
1115bets10.com,gambling
1116bets10.com,gambling
1117bets10.com,gambling
1118bets10.com,gambling
1119bets10.com,gambling
111casinos.com,gambling
111casinos.net,gambling
111gambling.com,gambling
111slots.com,gambling
1120bets10.com,gambling
1121bets10.com,gambling
1121shib.org,gambling
1122bets10.com,gambling
1123bets10.com,gambling
1124bets10.com,gambling
1125bets10.com,gambling
1126bets10.com,gambling
1127bets10.com,gambling
1128bets10.com,gambling
1129bets10.com,gambling
1130bets10.com,gambling
1131bets10.com,gambling
1132bets10.com,gambling
1133bets10.com,gambling
1134bets10.com,gambling
1135bets10.com,gambling
1136bets10.com,gambling
1138bets10.com,gambling
1139bets10.com,gambling
1140bets10.com,gambling
1142bets10.com,gambling
1149bets10.com,gambling
1150bets10.com,gambling
1152bets10.com,gambling
1153bets10.com,gambling
1154bets10.com,gambling
1155bets10.com,gambling
1156bets10.com,gambling
1157bets10.com,gambling
1158bets10.com,gambling
1159bets10.com,gambling
1160bets10.com,gambling
1161bets10.com,gambling
1162bets10.com,gambling
1163bets10.com,gambling
117joycasino.ru,gambling
1180bets10.com,gambling
1181bets10.com,gambling
1182bets10.com,gambling
1183bets10.com,gambling
1184bets10.com,gambling
1185bets10.com,gambling
1186bets10.com,gambling
1187bets10.com,gambling
1188bets10.com,gambling
1189bets10.com,gambling
1190bets10.com,gambling
1191bets10.com,gambling
1192bets10.com,gambling
1193bets10.com,gambling
1194bets10.com,gambling
1195bets10.com,gambling
1196bets10.com,gambling
1197bets10.com,gambling
1198bets10.com,gambling
1199bets10.com,gambling
11bets10.com,gambling
11grand-casino.com,gambling
11lvcasino.top,gambling
11wickets.com,gambling
120freecasinogames.com,gambling
120kolaybet.com,gambling
1219bets10.com,gambling
121kolaybet.com,gambling
123-onlinecasino.com,gambling
123gambling.com,gambling
123jili-casino.me,gambling
123jilicasino.ph,gambling
123onlinecasino.com,gambling
123onlinecasinobonuses.com,gambling
123vegaswincasino.com,gambling
123zip.com,drugs
124kolaybet.com,gambling
12bets10.com,gambling
12icecasino2.com,gambling
138alienslot.net,gambling
13betitall7.com,gambling
13xcasino.com,gambling
1413joycasino.com,gambling
1414joycasino.com,gambling
1415joycasino.com,gambling
1417joycasino.com,gambling
1418-sol-casino.club,gambling
1418-sol-casino.com,gambling
1418joycasino.com,gambling
1419joycasino.com,gambling
1420joycasino.com,gambling
1421joycasino.com,gambling
1422joycasino.com,gambling
1423joycasino.com,gambling
1424joycasino.com,gambling
1425joycasino.com,gambling
1426joycasino.com,gambling
1427joycasino.com,gambling
1428joycasino.com,gambling
1429joycasino.com,gambling
1430joycasino.com,gambling
1431joycasino.com,gambling
1432joycasino.com,gambling
1433joycasino.com,gambling
1434joycasino.com,gambling
1434joycasino.ru,gambling
1435joycasino.com,gambling
1436joycasino.com,gambling
1437joycasino.com,gambling
1438joycasino.com,gambling
1439joycasino.com,gambling
1440joycasino.com,gambling
1441joycasino.com,gambling
1442joycasino.com,gambling
1443joycasino.com,gambling
1444joycasino.com,gambling
1445joycasino.com,gambling
1446joycasino.com,gambling
1447joycasino.com,gambling
1448joycasino.com,gambling
1449joycasino.com,gambling
1450joycasino.com,gambling
1451joycasino.com,gambling
1452joycasino.com,gambling
1453joycasino.com,gambling
145bets10.com,gambling
14bets10.com,gambling
16-casino-x.com,gambling
160joycasino.ru,gambling
1677joycasino.xyz,gambling
1688-sexy-game.com,gambling
1688sexygame.net,gambling
1788casino.com,gambling
17bets10.com,gambling
17verdecasino.com,gambling
18004harrah.com,gambling
18004harrahs.com,gambling
1800eharrah.com,gambling
1800eharrahs.com,gambling
1800harrah.com,gambling
1800harrahs.com,gambling
184bets10.com,gambling
186bets10.com,gambling
188-jili-casino.me,gambling
188bet.com,gambling
188jili-casino.me,gambling
188jilicasino.net,gambling
188jilicasinos.net,gambling
18bets10.com,gambling
18supercatcasino.club,gambling
19-casino-x-com.ru,gambling
19-casino-xclub1.ru,gambling
190casino-x1.ru,gambling
190casino-x2.ru,gambling
192bets10.com,gambling
1934joycasino.ru,gambling
1980-games.com,gambling
1acasinos.com,gambling
1bet.com,gambling
1bet2bet.com,gambling
1betcasino-hu.click,gambling
1betflixcasino.com,gambling
1bets10.com,gambling
1casino.media,gambling
1casino188.lol,gambling
1casino188.tech,gambling
1casino288.bio,gambling
1casino288.dev,gambling
1casinoclub.com,gambling
1casinoenlignequebec.org,gambling
1casinogroup.co.uk,gambling
1casinoreiting.ru,gambling
1catcasino.ru,gambling
1clubcasino.com,gambling
1daddycasino.com,gambling
1daddycasino.ru,gambling
1daycasino777.org,gambling
1depositcasinocanada.com,gambling
1depositcasinonz.com,gambling
1depositcasinouk.com,gambling
1dkicasino.com,gambling
1dollar-casinos.com,gambling
1dollarcasinos.com,gambling
1exbet.com,gambling
1freeslotscasino.com,gambling
1g1casino.life,gambling
1gamacasino.ru,gambling
1gamble247.club,gambling
1gamble247.org,gambling
1gamblegacor.xyz,gambling
1gamblewin.biz,gambling
1gamblewin.us,gambling
1gamblewin.xyz,gambling
1ggbett.net,gambling
1go-casino-off.buzz,gambling
1go-casino-off.top,gambling
1go-casino-on.buzz,gambling
1go-casino-vhod.site,gambling
1gocasino-band.ru,gambling
1gocasino-vhod1.ru,gambling
1gocasino.ink,gambling
1gocasinoo.kz,gambling
1iksslots-1play.pw,gambling
1iksslots-games.pw,gambling
1iksslots-play-win.pw,gambling
1iksslots-top1play.pw,gambling
1iksslots-topplay1.pw,gambling
1iksslots-win1.pw,gambling
1iksslots-winplay.pw,gambling
1iksslots-winplay1.pw,gambling
1iksslots-winplayx1.pw,gambling
1iksslots-winplayz1.pw,gambling
1iksslots-zerkalo.pw,gambling
1jour1pari.com,gambling
1kareasbetcasino.com,gambling
1luckygamblercasino.com,gambling
1malinacasino.com,gambling
1mastercasino88.com,gambling
1mastercasino88.net,gambling
1mastercasino88.org,gambling
1milionbets.com,gambling
1mperator-casino.biz,gambling
1onlinecasinonz.co.nz,gambling
1parimatchwin.com,gambling
1reiting-casino.ru,gambling
1slotios-casino.me,gambling
1slotsgo.com,gambling
1st-casinoaffiliateprograms.com,gambling
1st-onlinecasino.com,gambling
1st.com,gambling
1stnflpicks.com,gambling
1stplacecasino.com,gambling
1vice.ag,gambling
1win-1076.ru,gambling
1win-111.ru,gambling
1win-1vin.top,gambling
1win-2234.ru,gambling
1win-2391.ru,gambling
1win-24.ru,gambling
1win-2720.ru,gambling
1win-317.ru,gambling
1win-4395.ru,gambling
1win-4488.ru,gambling
1win-574.ru,gambling
1win-591.ru,gambling
1win-6296.ru,gambling
1win-6425.ru,gambling
1win-6754.ru,gambling
1win-696.ru,gambling
1win-81.top,gambling
1win-8899.ru,gambling
1win-avtomaty.ru,gambling
1win-awesome.ru,gambling
1win-best.ru,gambling
1win-best1.top,gambling
1win-bet.com,gambling
1win-betcasino.com,gambling
1win-bett1.top,gambling
1win-bk-kontora.ru,gambling
1win-book.ru,gambling
1win-brn3.fun,gambling
1win-bukmekers.top,gambling
1win-casino-apk.in,gambling
1win-casino-app.in,gambling
1win-casino-az.com,gambling
1win-casino-bonus.cfd,gambling
1win-casino-bonus.fun,gambling
1win-casino-bonus.pw,gambling
1win-casino-in.com,gambling
1win-casino-info.ru,gambling
1win-casino-kr.com,gambling
1win-casino-kz.ru,gambling
1win-casino-official5.ru,gambling
1win-casino-official8.top,gambling
1win-casino-oficial9.top,gambling
1win-casino-online.top,gambling
1win-casino-registration.xyz,gambling
1win-casino-site.cyou,gambling
1win-casino-site.space,gambling
1win-casino-turkey.com,gambling
1win-casino.best,gambling
1win-casino.email,gambling
1win-casino.run,gambling
1win-casino.vip,gambling
1win-casino1.top,gambling
1win-casino4fg.buzz,gambling
1win-casino52s.xyz,gambling
1win-casino6jv.xyz,gambling
1win-casino777.com,gambling
1win-casinoo2.top,gambling
1win-casinos-bonus.xyz,gambling
1win-casinos.fun,gambling
1win-casinos.live,gambling
1win-casinos.today,gambling
1win-casinos.top,gambling
1win-casinos10.top,gambling
1win-casinoz-club.fun,gambling
1win-casinoz.pw,gambling
1win-casinoz.xyz,gambling
1win-cdn.com,gambling
1win-game6.fun,gambling
1win-kazino-online.ru,gambling
1win-kazino1.top,gambling
1win-kz-casino.kz,gambling
1win-legal1.top,gambling
1win-luj2.fun,gambling
1win-lux1.top,gambling
1win-obzor3.top,gambling
1win-official-bet.ru,gambling
1win-official-bk.ru,gambling
1win-official24.top,gambling
1win-officialsite-casino.online,gambling
1win-officialsite-casino.shop,gambling
1win-oficialnyj-sajt.ru,gambling
1win-onlinecasino7772.ru,gambling
1win-onlinecasinos.pw,gambling
1win-ons3.fun,gambling
1win-phone.ru,gambling
1win-play.ru,gambling
1win-pre1.top,gambling
1win-queen.ru,gambling
1win-rus.ru,gambling
1win-sha1.top,gambling
1win-slots.com,gambling
1win-slots6.fun,gambling
1win-sports.top,gambling
1win-vip.ru,gambling
1win-zerkalo12.fun,gambling
1win.global,gambling
1win100.ru,gambling
1win1541-register.ru,gambling
1win175.ru,gambling
1win2019.ru,gambling
1win205.top,gambling
1win24.ru,gambling
1win2431-monkey.ru,gambling
1win24h.top,gambling
1win4344.ru,gambling
1win6181-app.ru,gambling
1win722.ru,gambling
1win777.ru,gambling
1winbk-official-site.top,gambling
1winbk-official.ru,gambling
1wincasino-bezdepbonus.fun,gambling
1wincasino-bezdepbonus.xyz,gambling
1wincasino-mobile.cfd,gambling
1wincasino-mobile.shop,gambling
1wincasino-official.top,gambling
1wincasino-official.xyz,gambling
1wincasino-officialsite.online,gambling
1wincasino-slots.xyz,gambling
1wincasino-vhod.gives,gambling
1wincasino-vhod.site,gambling
1wincasino-vhod.xyz,gambling
1wincasino.store,gambling
1wincasino.top,gambling
1wincasino.website,gambling
1wincasino2.top,gambling
1wincasinoapk.com,gambling
1wincasinoapp.com,gambling
1wincasinoofficial25.top,gambling
1wincasinoofficial85.top,gambling
1wincasinoofficialsite.top,gambling
1wincasinoofficialsiteslots.top,gambling
1wincasinoq.ru,gambling
1wincasinos-officialsite.icu,gambling
1wincasinos.click,gambling
1wincasinos.club,gambling
1wincasinoslots221.top,gambling
1windownload.ru,gambling
1winhit.ru,gambling
1winjoy.ru,gambling
1winkz-casino.kz,gambling
1winkz-casinos.kz,gambling
1winkzcasino.kz,gambling
1winonlinecasino.ru,gambling
1winregister.ru,gambling
1winscasinos-brazil.com.br,gambling
1winxgame.ru,gambling
1x-bet-uz.com,gambling
1x001.com,gambling
1xbet--com.ru,gambling
1xbet-8527.ru,gambling
1xbet-az-casino.com,gambling
1xbet-bets.ru,gambling
1xbet-bk-russia.ru,gambling
1xbet-bukm.xyz,gambling
1xbet-casino-ar.com,gambling
1xbet-casino-az24.com,gambling
1xbet-casino-bd.com,gambling
1xbet-casino-bonus.com,gambling
1xbet-casino-fr.com,gambling
1xbet-casino-giris.com,gambling
1xbet-casino-giris.net,gambling
1xbet-casino-kz.ru,gambling
1xbet-casino-news.com,gambling
1xbet-casino-news.ru,gambling
1xbet-casino-online.top,gambling
1xbet-casino-tr.icu,gambling
1xbet-casino.art,gambling
1xbet-casino.biz,gambling
1xbet-casino.live,gambling
1xbet-casino.ltd,gambling
1xbet-casino.work,gambling
1xbet-ddd.top,gambling
1xbet-delux.ru,gambling
1xbet-forus.ru,gambling
1xbet-gamble.ru,gambling
1xbet-registratsiya.ru,gambling
1xbet-rf.ru,gambling
1xbet-rossiya.ru,gambling
1xbet-s.ru,gambling
1xbet-stavkinasport1.ru,gambling
1xbet-stavkinasport10.ru,gambling
1xbet-stavkinasport15.ru,gambling
1xbet-stavkinasport4.ru,gambling
1xbet-vt.ru,gambling
1xbet.com,gambling
1xbet.ec,gambling
1xbet.lk,gambling
1xbet189-x.ru,gambling
1xbet2214.ru,gambling
1xbet54.com,gambling
1xbet84.com,gambling
1xbet86.com,gambling
1xbetam.ru,gambling
1xbetbk6.com,gambling
1xbetbk7.com,gambling
1xbetbk8.com,gambling
1xbetbk9.com,gambling
1xbetcasino.click,gambling
1xbetcasino.fr,gambling
1xbetcasino.top,gambling
1xbetcasino1.ru,gambling
1xbetcasinoz.com,gambling
1xbetcm.mobi,gambling
1xbetcom.mobi,gambling
1xbeto.ru,gambling
1xbetr-zerkalo.ru,gambling
1xbetr.ru,gambling
1xcasino-49610.top,gambling
1xcasino-x.ru,gambling
1xcasino.top,gambling
1xgamble.com,gambling
1xlite-204291.top,gambling
1xlite-567488.top,gambling
1xmirror.com,gambling
1xslot.com,gambling
1xslots-11.xyz,gambling
1xslots-1am.xyz,gambling
1xslots-7234.ru,gambling
1xslots-9ao.top,gambling
1xslots-bma.top,gambling
1xslots-casino.com.br,gambling
1xslots-casino1.xyz,gambling
1xslots-casino14.top,gambling
1xslots-casinoo4.top,gambling
1xslots-dom.xyz,gambling
1xslots-elite.ru,gambling
1xslots-online-casino.com,gambling
1xslots-online.ru,gambling
1xslots-online1.top,gambling
1xslots-play-win.pw,gambling
1xslots-pro-win.pw,gambling
1xslots-ros.xyz,gambling
1xslots-tu1.xyz,gambling
1xslots-uec.buzz,gambling
1xslots-zerkalo-officialsite.top,gambling
1xslots-zerkalo.one,gambling
1xslots.charity,gambling
1xslots36.ru,gambling
1xslots4373.top,gambling
1xslots4374.ru,gambling
1xslots4938.ru,gambling
1xslots5632-register1.ru,gambling
1xslots664.ru,gambling
1xslots888.ru,gambling
1xslots9.ru,gambling
1xslots9207.ru,gambling
1xslots960.ru,gambling
1xslotscasino.online,gambling
1xslotscasino10.ru,gambling
1xslotscasino1x.xyz,gambling
1xslotscasino777.ru,gambling
1xslotscasinotop.ru,gambling
1xslotsgozerkalo.pw,gambling
1xslotszerkala.ru,gambling
1zencasino.com,gambling
2-onlinecasino.co.uk,gambling
2004wsop.com,gambling
2005worldseriesofpoker.com,gambling
2005wsop.com,gambling
200pour100.fr,gambling
200pourcent.fr,gambling
2023-fresh-casino.top,gambling
2023-freshcasino.top,gambling
2023-volna-casino.top,gambling
2023-volnacasino.top,gambling
2023pin-up-casino7.ru,gambling
2026-joycasino.xyz,gambling
209.8.180.34.com,gambling
20bet-casino.click,gambling
20bet.com,gambling
20beta.com,gambling
20betcasino.click,gambling
20betcasino.top,gambling
20betcasino.world,gambling
20dollars2surf.com,gambling
20dollarspass.com,gambling
20icecasino.com,gambling
20ultrabet.com,gambling
21-casino.net,gambling
21betitall2.com,gambling
21bit-casino-australia.com,gambling
21bitcasino1.com,gambling
21blackjack.club,gambling
21casino-x.ru,gambling
21casino.com,gambling
21casino.top,gambling
21casinoapp.online,gambling
21grandcasino.co,gambling
21grandcasino.com,gambling
21grandcasino.net,gambling
21onlinecasino.com,gambling
21st-century-casino.com,gambling
225joycasino.ru,gambling
22audcasino.com,gambling
22bet-casino.click,gambling
22bet-casino.cz,gambling
22bet-casino.net,gambling
22bet-casino.online,gambling
22bet-casino.space,gambling
22bet-casino.top,gambling
22bet.com,gambling
22betcasino-hu.click,gambling
22betcasino-pl.pl,gambling
22betcasino.click,gambling
22betcasino.cz,gambling
22bets.me,gambling
22chaos.tumblr.com,drugs
22phcash-casino.me,gambling
22wincasino.net,gambling
23verdecasino.com,gambling
24-casino.co.uk,gambling
247aaacasinolive.com,gambling
247aaacasinolive.net,gambling
247blackjack.com,gambling
247casino-comps.com,gambling
247gamble.club,gambling
247gamble.us,gambling
247gamblingworld.com,gambling
247igamble.cc,gambling
24bet-casino.com,gambling
24betting.io,gambling
24casino.cz,gambling
24casino.ie,gambling
24casino.net,gambling
24casino.sk,gambling
24hoursportsbook.com,gambling
24kbetcasinogames.com,gambling
24kbets.com,gambling
24kcasino.com,gambling
24kplayersclub.com,gambling
24ktgold.com,gambling
24ktgoldcasino.com,gambling
24nomadcasino.kz,gambling
24online-casino-affiliate-programs.com,gambling
24onlinecasinos.com,gambling
24open-casino.online,gambling
24opencasino.com,gambling
24opencasino.su,gambling
24opencasino5.com,gambling
24slotsapp.online,gambling
24vipcasino.com,gambling
24vulkan-casino.one,gambling
24wulcan-casino.com,gambling
250bets10.com,gambling
26-jet-casino.ru,gambling
26-jet-casino.top,gambling
26-jetcasino.top,gambling
2725joycasino.top,gambling
2727joycasino.top,gambling
2728joycasino.top,gambling
2729joycasino.top,gambling
2730joycasino.top,gambling
2731joycasino.top,gambling
2733joycasino.top,gambling
277bets10.com,gambling
285casino.top,gambling
290joycasino.xyz,gambling
291-bet-casino.me,gambling
291-casino.me,gambling
291betcasino.me,gambling
291jili-casino.me,gambling
2bets10.com,gambling
2casinoallright.com,gambling
2championcasino.com,gambling
2daddycasino.com,gambling
2gamacasino.ru,gambling
2giriscasinoslot.com,gambling
2joycasino.ru,gambling
2malinacasino.com,gambling
2mastercasino88.com,gambling
2online18casino.com,gambling
2onlinecasinos.com,gambling
2theonlinecasino.com,gambling
30betcasino.com,gambling
30top-casinos-france.net,gambling
316stone.tumblr.com,drugs
31betcasino.live,gambling
321cryptocasino.com,gambling
327bets10.com,gambling
32pledoo8.com,gambling
32red-casino-uk.com,gambling
32red.com,gambling
32redpoker.com,gambling
32redslots.com,gambling
32vegas.com,gambling
333bets10.com,gambling
333casinos.com,gambling
3343icecasino.com,gambling
337bets10.com,gambling
340bets10.com,gambling
343kingbetting.com,gambling
344bets10.com,gambling
344kingbetting.com,gambling
345kingbetting.com,gambling
347casino.com,gambling
349joycasino.top,gambling
350joycasino.top,gambling
351bets10.com,gambling
351joycasino.top,gambling
353joycasino.top,gambling
354joycasino.top,gambling
358casinoapk.com,gambling
358casinoapp.com,gambling
359casino.com,gambling
365-bet-casino.me,gambling
365-taya-casino.me,gambling
365casino-affiliate-programs.com,gambling
365g.mobi,gambling
367bets10.com,gambling
367joycasino.top,gambling
368joycasino.top,gambling
369joycasino.top,gambling
371joycasino.top,gambling
374joycasino.top,gambling
375joycasino.top,gambling
376joycasino.top,gambling
37steak.com,gambling
38-special-casino.com,gambling
381kingbetting.com,gambling
382kingbetting.com,gambling
383kingbetting.com,gambling
384kingbetting.com,gambling
385kingbetting.com,gambling
386kingbetting.com,gambling
387kingbetting.com,gambling
388kingbetting.com,gambling
389kingbetting.com,gambling
389poker.lol,gambling
390kingbetting.com,gambling
391kingbetting.com,gambling
392kingbetting.com,gambling
393kingbetting.com,gambling
394kingbetting.com,gambling
395kingbetting.com,gambling
396kingbetting.com,gambling
397kingbetting.com,gambling
3best-casino.co.uk,gambling
3bvideostar.fr,gambling
3casino-list.co.uk,gambling
3dgamers.com,gambling
3dicecasino.top,gambling
3gamacasino.ru,gambling
3gamers.com,gambling
3goldfishka.com,gambling
3malinacasino.com,gambling
3reyes-casino.top,gambling
3reyescasino-mx.top,gambling
3reyescasino.com,gambling
3snet.co,gambling
3thymecoffee.com,gambling
4-jet-casino.ru,gambling
4-jet-casino.top,gambling
4-jetcasino.top,gambling
401bets10.com,gambling
40casino.com,gambling
411-casinos.net,gambling
412bets10.com,gambling
413bets10.com,gambling
420.org,drugs
420girls.com,drugs
420marijuanalist.com,drugs
420times.com,drugs
420tours.com,drugs
422bets10.com,gambling
42icecasino.com,gambling
450joycasino.xyz,gambling
47erabet88.com,gambling
485joycasino.top,gambling
486kulisbet.com,gambling
488joycasino.top,gambling
490joycasino.top,gambling
491joycasino.top,gambling
492joycasino.top,gambling
493joycasino.top,gambling
494timebet.com,gambling
496timebet.com,gambling
497timebet.com,gambling
498timebet.com,gambling
499timebet.com,gambling
49bets10.com,gambling
49ercasino.com,gambling
49jili-casino.me,gambling
49jilicasino.com.ph,gambling
4acescasinos.com,gambling
4betitall1.com,gambling
4bets10.com,gambling
4bracasino.com,gambling
4cherrycasino.com,gambling
4crownscasino.com,gambling
4ebooi-casino.com,gambling
4jokerscasino.com,gambling
4mkokoh.com,gambling
4online-gambling.com,gambling
4onlineinternetcasinos.com,gambling
4scasino.com,gambling
4starscasino.io,gambling
5-stars-gambling.ru,gambling
500-casino.top,gambling
500.casino,gambling
500casino.com,gambling
500casino.io,gambling
500casino.live,gambling
500hilbet.com,gambling
500timebet.com,gambling
501hilbet.com,gambling
501timebet.com,gambling
502timebet.com,gambling
503timebet.com,gambling
504hilbet.com,gambling
504timebet.com,gambling
505timebet.com,gambling
506timebet.com,gambling
507timebet.com,gambling
508timebet.com,gambling
509timebet.com,gambling
50joycasino.co,gambling
50starscasino.com,gambling
510timebet.com,gambling
511timebet.com,gambling
512timebet.com,gambling
513timebet.com,gambling
514timebet.com,gambling
515timebet.com,gambling
516timebet.com,gambling
517timebet.com,gambling
520joycasino.ru,gambling
521betticket.com,gambling
522betticket.com,gambling
523betticket.com,gambling
527betticket.com,gambling
530bets10.com,gambling
530betticket.com,gambling
531bets10.com,gambling
532bets10.com,gambling
533betticket.com,gambling
534betticket.com,gambling
538betticket.com,gambling
540betticket.com,gambling
543betticket.com,gambling
544betticket.com,gambling
545betticket.com,gambling
547bets10.com,gambling
549bets10.com,gambling
551bets10.com,gambling
555bets10.com,gambling
555casinos.net,gambling
555gambling.com,gambling
556bets10.com,gambling
55bmwcasino.lol,gambling
55bmwcasino.pro,gambling
55bmwonlinecasino.com,gambling
55bmwonlinecasino.site,gambling
56-fresh-casino.ru,gambling
56-freshcasino.ru,gambling
562bets10.com,gambling
564bets10.com,gambling
56scoobybet.com,gambling
575bets10.com,gambling
576.hu,gambling
588bets10.com,gambling
592bets10.com,gambling
593bets10.com,gambling
5baocasino.com,gambling
5bestcasinosites.co.uk,gambling
5bets10.com,gambling
5casino-list.co.uk,gambling
5casinos.co.uk,gambling
5dimes.com,gambling
5dimes.eu,gambling
5goldfishka.com,gambling
5gringo-casino.top,gambling
5gringocasino.top,gambling
5gringocasinohu.click,gambling
5gringoscasino.co.com,gambling
5list-casino.co.uk,gambling
5win1casino.net,gambling
5xcasino.com,gambling
604bets10.com,gambling
609bets10.com,gambling
63jilislots.com,gambling
63luckybirdcasino.com,gambling
645lotto.net,gambling
64luckybirdcasino.com,gambling
650joycasino.ru,gambling
659queenbet.com,gambling
65luckybirdcasino.com,gambling
660queenbet.com,gambling
663queenbet.com,gambling
664queenbet.com,gambling
665queenbet.com,gambling
666-casino-uk.com,gambling
666casino.com,gambling
666queenbet.com,gambling
667queenbet.com,gambling
668bets10.com,gambling
668queenbet.com,gambling
669queenbet.com,gambling
66casinoonline.com,gambling
66win-casino.site,gambling
670queenbet.com,gambling
671queenbet.com,gambling
672queenbet.com,gambling
673bets10.com,gambling
674queenbet.com,gambling
675queenbet.com,gambling
676bets10.com,gambling
676queenbet.com,gambling
677queenbet.com,gambling
678queenbet.com,gambling
679queenbet.com,gambling
680queenbet.com,gambling
681queenbet.com,gambling
682queenbet.com,gambling
683queenbet.com,gambling
684queenbet.com,gambling
685queenbet.com,gambling
686queenbet.com,gambling
687queenbet.com,gambling
69casino.top,gambling
6casino-fr.com,gambling
6clubcasino.com,gambling
6dcasino.me,gambling
6goldfishka.com,gambling
6ofthebestcasinos.com,gambling
6sixsix.com,gambling
7-bitcasinonz.com,gambling
7-k-casino.company,gambling
7-k-casino.fun,gambling
7-k-casino.space,gambling
7-k-casino.store,gambling
7-k-casino.tech,gambling
7-k-casino.top,gambling
7-k-casino7.fun,gambling
7-kcasino.online,gambling
7-kcasino.ru,gambling
7-slots-casino.info,gambling
7000-casino.fun,gambling
711casino.net,gambling
711casino.top,gambling
71allrightcasino.com,gambling
72luckybirdcasino.com,gambling
73luckybirdcasino.com,gambling
743grandbetting.com,gambling
744grandbetting.com,gambling
745grandbetting.com,gambling
747-bet-casino.me,gambling
747-livecasino.com,gambling
747casino.online,gambling
747casino.top,gambling
747live-casino.com,gambling
747live-casino.com.ph,gambling
747livecasino.me,gambling
748grandbetting.com,gambling
74luckybirdcasino.com,gambling
750grandbetting.com,gambling
751grandbetting.com,gambling
7612-boomerang-casino.com,gambling
763jili-casino.me,gambling
76allrightcasino.com,gambling
76supercatcasino.com,gambling
77-best-online-casinos.com,gambling
770.com,gambling
777-azino-casino.ru,gambling
777-casino-uk.com,gambling
777-casino.click,gambling
777-casino.world,gambling
777-joycasino90.ru,gambling
777-pub-casino.me,gambling
777-taya-casino.me,gambling
77777slots.com,gambling
777admiral-casino.com,gambling
777admiral-casino.net,gambling
777azinocasino-24.com,gambling
777azinocasino-24.ru,gambling
777azinocasino-24.top,gambling
777azinocasino.org,gambling
777bracasino.com,gambling
777casino-es.click,gambling
777casino-spain.click,gambling
777casino.click,gambling
777casinobonus.net,gambling
777casinoluck.com,gambling
777casinox-39.ru,gambling
777color-casino.me,gambling
777gambling.net,gambling
777jackpots.org,gambling
777joycasino.xyz,gambling
777mostbet-4529.ru,gambling
777onlinecasino.net,gambling
777pesocasino.ph,gambling
777pubcasino.net,gambling
777pubcasino.org,gambling
777slot-casino.me,gambling
777slots.one,gambling
777tech.me,gambling
777vulkan777casino.site,gambling
777vulkan777casino.store,gambling
777vulkancasino.org,gambling
777winningslots.com,gambling
777wwcasino.top,gambling
77betitall7.com,gambling
77k-casino.com,gambling
77malinacasino.com,gambling
77ph-bet-casino.me,gambling
77slots-online.biz,gambling
789casinogame.vip,gambling
78casinos.com,gambling
791bets10.com,gambling
7bet-casino.com,gambling
7bets10.com,gambling
7bit-casino-au.com,gambling
7bit-casino.top,gambling
7bit-casino.world,gambling
7bit-casino0.ru,gambling
7bit-casino1.ru,gambling
7bit-casino2.ru,gambling
7bit-casino3.ru,gambling
7bit-casino4.ru,gambling
7bit-casino5.ru,gambling
7bit-casino6.ru,gambling
7bit-casino7.ru,gambling
7bit-casino8.ru,gambling
7bit-casino9.ru,gambling
7bitcasino-online.com,gambling
7bitcasino-wins.com,gambling
7bitcasino.click,gambling
7bitcasino.com,gambling
7bitcasino.top,gambling
7bitcasino101.com,gambling
7bitcasino13.com,gambling
7bitcasino14.com,gambling
7bitcasino77.com,gambling
7bitcasino89.com,gambling
7bitcasinopokies.com,gambling
7bitcoincasino.com,gambling
7casino.team,gambling
7casinoonline.com,gambling
7goldfishka.com,gambling
7jlcasino.ph,gambling
7k-casino-006.ru,gambling
7k-casino-020.ru,gambling
7k-casino-bonus.buzz,gambling
7k-casino-bonus.site,gambling
7k-casino-gma.buzz,gambling
7k-casino-go.pw,gambling
7k-casino-igry.tech,gambling
7k-casino-official.site,gambling
7k-casino-online.club,gambling
7k-casino-play.info,gambling
7k-casino-play.top,gambling
7k-casino-pro.pw,gambling
7k-casino-rto.xyz,gambling
7k-casino-site.ru,gambling
7k-casino-tor.xyz,gambling
7k-casino-vhod.ru,gambling
7k-casino-win.pw,gambling
7k-casino-win.top,gambling
7k-casino.best,gambling
7k-casino.click,gambling
7k-casino.com,gambling
7k-casino.fun,gambling
7k-casino.info,gambling
7k-casino.ink,gambling
7k-casino.life,gambling
7k-casino.monster,gambling
7k-casino.net,gambling
7k-casino.org,gambling
7k-casino.space,gambling
7k-casino.tech,gambling
7k-casino.world,gambling
7k-casino.xyz,gambling
7k-casino07.xyz,gambling
7k-casino1-com.online,gambling
7k-casino1.com,gambling
7k-casino1044.xyz,gambling
7k-casino1062.xyz,gambling
7k-casino1064.xyz,gambling
7k-casino1072.xyz,gambling
7k-casino1081.xyz,gambling
7k-casino11.com,gambling
7k-casino1107.xyz,gambling
7k-casino1108.xyz,gambling
7k-casino1119.xyz,gambling
7k-casino1128.xyz,gambling
7k-casino1138.xyz,gambling
7k-casino12.xyz,gambling
7k-casino17.com,gambling
7k-casino17.xyz,gambling
7k-casino19.shop,gambling
7k-casino2.com,gambling
7k-casino200.top,gambling
7k-casino2018.xyz,gambling
7k-casino2024.xyz,gambling
7k-casino208.xyz,gambling
7k-casino21.xyz,gambling
7k-casino223.xyz,gambling
7k-casino224.xyz,gambling
7k-casino25.com,gambling
7k-casino25.xyz,gambling
7k-casino28.xyz,gambling
7k-casino29.xyz,gambling
7k-casino3.com,gambling
7k-casino404.xyz,gambling
7k-casino407.xyz,gambling
7k-casino408.xyz,gambling
7k-casino42.xyz,gambling
7k-casino428.xyz,gambling
7k-casino44.xyz,gambling
7k-casino47.xyz,gambling
7k-casino478.xyz,gambling
7k-casino602.xyz,gambling
7k-casino603.xyz,gambling
7k-casino666.xyz,gambling
7k-casino7.space,gambling
7k-casino708.xyz,gambling
7k-casino717.xyz,gambling
7k-casino77.xyz,gambling
7k-casino78.xyz,gambling
7k-casino79.xyz,gambling
7k-casino80.xyz,gambling
7k-casino808.xyz,gambling
7k-casino82.xyz,gambling
7k-casino83.xyz,gambling
7k-casino84.xyz,gambling
7k-casino85.xyz,gambling
7k-casino907.xyz,gambling
7k-casinos.com,gambling
7k-slots.club,gambling
7kcasino-bonus.online,gambling
7kcasino-online.ru,gambling
7kcasino-zerkalo-7k.ru,gambling
7kcasino-zkl.top,gambling
7kcasino.games,gambling
7kcasino.kz,gambling
7kcasino.team,gambling
7kcasino10.com,gambling
7kcasino11.com,gambling
7kcasino9.com,gambling
7kcasinog.online,gambling
7kcasinog.ru,gambling
7kcasinogame.site,gambling
7kcasinomobile.ru,gambling
7kcasinoonline.com,gambling
7kcasinor.site,gambling
7kcasinoreg.online,gambling
7kcasinow.online,gambling
7kcasinow.ru,gambling
7kcasinoy.online,gambling
7kcasinoy.ru,gambling
7kcasinoz.online,gambling
7kcasinoz.ru,gambling
7kslots.online,gambling
7luckcasinos.com,gambling
7m.hk,gambling
7malinacasino.com,gambling
7mastercasino88.com,gambling
7newcasino.space,gambling
7premio365.com,gambling
7signs-casinos.com,gambling
7signs1.com,gambling
7signscasino.de,gambling
7slot-casino.games,gambling
7slot-casino.info,gambling
7slots-casino-giris.info,gambling
7slots-casino.games,gambling
7slots-casino.live,gambling
7slots-en.org,gambling
7slots-login.com,gambling
7slots-turkey.info,gambling
7slots.casino,gambling
7slots.link,gambling
7slotscasino-giris-tr.com,gambling
7slotscasino-tr2.com,gambling
7slotskazino.best,gambling
7slotskazino.info,gambling
7slotskazino.top,gambling
7slotsms.com,gambling
7slotsonline.best,gambling
7slotsonline.biz,gambling
7slotsonline.pro,gambling
7slotsplay.com,gambling
7slotswin.pro,gambling
7slotswin.xyz,gambling
7starcasino.com,gambling
7sultanscasino.com,gambling
8010bets10.com,gambling
8016bets10.com,gambling
8017bets10.com,gambling
8018bets10.com,gambling
8019bets10.com,gambling
8020bets10.com,gambling
80supercatcasino.com,gambling
810joycasino.xyz,gambling
82allrightcasino.com,gambling
82lotterycasino.com,gambling
82supercatcasino.com,gambling
82verdecasino.com,gambling
838jili-casino.me,gambling
838jilicasino.com,gambling
838joycasino.top,gambling
839joycasino.top,gambling
83supercatcasino.com,gambling
84-winph-casino.me,gambling
840joycasino.top,gambling
842joycasino.top,gambling
843joycasino.top,gambling
844joycasino.top,gambling
846joycasino.top,gambling
855casino.org,gambling
85supercatcasino.com,gambling
87supercatcasino.com,gambling
888-casino.pro,gambling
888-casino.uk,gambling
888-casino.world,gambling
888-inetbetonlinecasino.com,gambling
888-online-casino.com,gambling
888-tiger-casino.com,gambling
888.com,gambling
888.fr,gambling
888.it,gambling
8888-casino.com,gambling
8888casino.top,gambling
888bcasino.top,gambling
888betsoff.org,gambling
888bingo.com,gambling
888casino-bonus.com,gambling
888casino-bonus.org,gambling
888casino-gambling.com,gambling
888casino-gcc.com,gambling
888casino-promociones.es,gambling
888casino.com,gambling
888casino.es,gambling
888casino.info,gambling
888casino.it,gambling
888casino.net,gambling
888casino.ro,gambling
888casinogames.com,gambling
888casinokuwait.com,gambling
888casinome.com,gambling
888casinomx.top,gambling
888casinoo.cc,gambling
888casinoo.net,gambling
888casinophilippines.com.ph,gambling
888casinos.in,gambling
888casinos.org,gambling
888casinoza.com,gambling
888gamescasino.com,gambling
888joycasino.xyz,gambling
888poker.com,gambling
888slots.net,gambling
888sport.com,gambling
888sport.de,gambling
888sport.es,gambling
888sport.it,gambling
8899casino.org,gambling
88casinoroyale.com,gambling
88dewacasino.xyz,gambling
88gasia.cc,gambling
88k8casino.com,gambling
88livecasinohouse.com,gambling
88onlinecasinos.com,gambling
88supercatcasino.com,gambling
88togel.com,gambling
89betitall1.com,gambling
8bets10.com,gambling
8casino8.com,gambling
8casinos.com,gambling
8goldfishka.com,gambling
8k8-casino.net,gambling
8k8-casino.online,gambling
8k8-jili-casino.me,gambling
8k8-slot-casino63.com,gambling
8k88casino.com,gambling
8k8casino.me,gambling
8live.com,gambling
8mastercasino88.com,gambling
8xbet.casino,gambling
904bets10.com,gambling
905bets10.com,gambling
906bets10.com,gambling
907bets10.com,gambling
908bets10.com,gambling
909ucasino.info,gambling
909ucasino.net,gambling
909ucasino.online,gambling
909ucasino.pro,gambling
90agencycasinos.com,gambling
90agencylotteries.com,gambling
90jilicasino.net,gambling
915bets10.com,gambling
917bets10.com,gambling
91bets10.com,gambling
91dapai.cn,gambling
920bets10.com,gambling
923bets10.com,gambling
924bets10.com,gambling
926bets10.com,gambling
927bets10.com,gambling
930bets10.com,gambling
931bets10.com,gambling
932bets10.com,gambling
933bets10.com,gambling
935bets10.com,gambling
936bets10.com,gambling
937bets10.com,gambling
941bets10.com,gambling
942bets10.com,gambling
943bets10.com,gambling
944bets10.com,gambling
946bets10.com,gambling
947bets10.com,gambling
950bets10.com,gambling
95betitall1.com,gambling
96mcasinos.com,gambling
96supercatcasino.com,gambling
972bets10.com,gambling
973bets10.com,gambling
976bets10.com,gambling
977bets10.com,gambling
97lottery.com,gambling
987bets10.com,gambling
9898.com,gambling
996bets10.com,gambling
996casino.club,gambling
999casino.top,gambling
999casinos.net,gambling
99casoo.com,gambling
99gambling.com,gambling
99slots.vip,gambling
9bets10.com,gambling
9fine.com,gambling
9lineslotscasino.com,gambling
9mastercasino88.com,gambling
9s-app-casino.com,gambling
9to5casino.com,gambling
9winz-casino.com,gambling
a-b-seeds.com,drugs
a-baccarat-casino.com,gambling
a-joycasino.ru,gambling
a-play-casino.net,gambling
a1casinos.net,gambling
a1casinosearch.com,gambling
a1gamblingjournal.com,gambling
a1slots.net,gambling
a1vegas.com,gambling
a1xbet.ru,gambling
a23.com,gambling
a88casino.com,gambling
a88casino.net,gambling
aaacasino.net,gambling
aaacasinos.net,gambling
aaagambling.net,gambling
aaaonlinecasino.com,gambling
aachendutchshepherds.com,gambling
aamscasinoit.com,gambling
abc-online-casino.net,gambling
abcasino.net,gambling
abccasinos.net,gambling
abcgambling.com,gambling
abcjili-casino.me,gambling
abcslots2024.online,gambling
aberdeenfuncasinos.com,gambling
abetawaycasino.com,gambling
abigcandycasino1.com,gambling
abjilicasino.site,gambling
abocasino.com,gambling
abocasino.ink,gambling
aboutbingoonline.com,gambling
aboutcasino.co.uk,gambling
aboutcasinoslots.com,gambling
aboutcasinostreamers.com,gambling
aboutslots.org,gambling
abrupttopcasinohotel.com,gambling
absinthe.msjekyll.com,drugs
absintheoriginals.com,drugs
absolu-casino.com,gambling
absolucasino.com,gambling
absoluflash.com,gambling
absolut-casino.com,gambling
absolutecasino.info,gambling
absolutepoker.com,gambling
absolutist.com,gambling
abuseru.com,gambling
abutogel.com,gambling
abutogelbrand.com,gambling
abysscasino.com,gambling
ac-fresh-casino.com,gambling
acasino1.vip,gambling
accasino.net,gambling
accreditedcasinos.com,gambling
ace3mod.casino,gambling
ace4wincasino.com,gambling
acecasino-1004.com,gambling
acecasino.io,gambling
acecasinos.ca,gambling
acechipcasino.com,gambling
acejackcasino.com,gambling
acenova.fr,gambling
acephcasino.site,gambling
acerollcasino.com,gambling
acesandeightscasinoa.online,gambling
acesclubcasino.com,gambling
acesgoldcasino.com,gambling
aceshigh.com,gambling
aceshighonlinecasino.com,gambling
aceskasino.com,gambling
acespalace.com,gambling
acewincasino.com,gambling
achatgraines.com,drugs
acheter-drogue-en-ligne.com,drugs
acheter-drogues.com,drugs
acheter-graines-cannabis.com,drugs
achla-casino.com,gambling
acid-house.de,drugs
acrpoker.eu,gambling
acryptocasino.com,gambling
actgamblingsupport.org.au,gambling
action.2000c.net,drugs
actioncitycasino.com,gambling
actionpoker.com,gambling
actionsportscasino.com,gambling
active-gambling.com,gambling
ad0.gamesweb.com,gambling
adablackjackgoods.com,gambling
adablackjackstory.com,gambling
adaxbet263.com,gambling
addicted2gambling.com,gambling
addictiontoday.co.uk,drugs
addicttocasinos.com,gambling
addsolg.ca,gambling
adelcasino.com,gambling
adimg1.gamesweb.com,gambling
adjarabet.com,gambling
adlerslots.com,gambling
adm1ral-casino.biz,gambling
adm1ral-casino.club,gambling
adm1ral-casino.com,gambling
adm1ral-casino.net,gambling
adm1ral-casino.org,gambling
admiiral-casino.biz,gambling
admiiral-casino.net,gambling
admiiral-casino.top,gambling
admiiral-casino.xyz,gambling
admin88casino.com,gambling
admirablecasinos.com,gambling
admiral-777-casino.biz,gambling
admiral-777-casino.cfd,gambling
admiral-777-casino.click,gambling
admiral-777-casino.cloud,gambling
admiral-777-casino.estate,gambling
admiral-777-casino.fun,gambling
admiral-casino-club.ru,gambling
admiral-casino-official.best,gambling
admiral-casino-official.info,gambling
admiral-casino-online.biz,gambling
admiral-casino-uk.com,gambling
admiral-casino.bid,gambling
admiral-casino.co,gambling
admiral-casino.lol,gambling
admiral-casino.pro,gambling
admiral-casino.uno,gambling
admiral-casino.world,gambling
admiral-casinoclub.ru,gambling
admiral-onlinecasino.co,gambling
admiral-shark-casino-official.space,gambling
admiral-shark-casino.fun,gambling
admiral-shark-casino.lol,gambling
admiral-shark-casino.site,gambling
admiral-shark-casino.space,gambling
admiral-top-casinos.pw,gambling
admiral-x-casino.org,gambling
admiral-x-casino24.ru,gambling
admiralbet.com,gambling
admiralbet.de,gambling
admiralbet.es,gambling
admiralcasino-x.ru,gambling
admiralcasino.co.uk,gambling
admiralcasino.com,gambling
admiralcasino.email,gambling
admiralcasino.space,gambling
admiralcasino.top,gambling
admiralcasino.us,gambling
admiralcasino.world,gambling
admiralcasino2020.company,gambling
admiralcasino2020.one,gambling
admiralcasinocz.top,gambling
admiralcasinotr124.com,gambling
admirall-casino.xyz,gambling
admirall888-casino.pw,gambling
admiralx-casino.top,gambling
admiralx-casinos.click,gambling
admiralxcasino-play19.ru,gambling
admiralxcasino.net,gambling
adonfff.com,gambling
adrenalinecasino.bot,gambling
adrenalinecasino.game,gambling
adrenalinecasino.org,gambling
adria-casino.com,gambling
advantage-gambling.com,gambling
adventurecompanygames.com,gambling
advisorcasino.info,gambling
ae-casino.top,gambling
ae888casino.click,gambling
afapoker.com,gambling
affiliatecasino.biz,gambling
affiliatecasino.se,gambling
affiliategamblingblog.com,gambling
affiliatesblackjack.fun,gambling
africacasino.co.za,gambling
africacasinos.co.za,gambling
africancasinoguide.com,gambling
afrsportsbetting.com,gambling
aftergambling.com,gambling
afternoondelightcasinog.site,gambling
afterpaycasino-nl.top,gambling
afterpaycasinos.com,gambling
afun.com,gambling
afwcasinos.com,gambling
ag-casino.info,gambling
agagames.com,gambling
agamble.com,gambling
agamblingame.com,gambling
agamblingcasino.com,gambling
agencasino98.com,gambling
agencasinoonlineindo.com,gambling
agencasinopro.com,gambling
agence-viaud.com,gambling
agenceducasino.fr,gambling
agenjudibolabet.com,gambling
agenjudiresmi.com,gambling
agent-casino2.fun,gambling
agent-casino3.fun,gambling
agent-casino4.fun,gambling
agent-casino5.fun,gambling
agentcasino77.com,gambling
agentogel4d.com,gambling
agents1xbet.com,gambling
agentspinnercasino.shop,gambling
agicoscommesse.it,gambling
agilaplay-999-casino.me,gambling
agn88casino.com,gambling
agoncasino.com,gambling
aguacalientecasinos.com,gambling
aguacalientecasinoshowroom.net,gambling
aguecasino.info,gambling
ahlicasino1.info,gambling
ahlicasino2.biz,gambling
ahlicasino2.com,gambling
ahlicasino3.co,gambling
ahlicasino3.com,gambling
ahlicasino3.net,gambling
ahlicasino3.org,gambling
ahlicasino4.com,gambling
ahlicasino4.me,gambling
ahlicasino4.net,gambling
ahlicasino5.co,gambling
ahlicasino5.org,gambling
ahticasino.top,gambling
aicasino.se,gambling
aigambling.ru,gambling
aimgames.com,gambling
ainternetcasino.com,gambling
aiplaycasino.com,gambling
aiquanttech.com,gambling
airportcasino.de,gambling
ajaib-slots.us,gambling
ajaib1slots.us,gambling
ajaib99slots.vip,gambling
ajaibslots-top.vip,gambling
ajaibslots2024.biz,gambling
ajaibslots88.org,gambling
ajaibslotscek.com,gambling
ajaibslotsgcr1.net,gambling
ajaibslotsgg.top,gambling
ajaibslotshok1.store,gambling
ajaibslotstgel.site,gambling
ajaibslotstgel.store,gambling
ajaibslotsviral.org,gambling
ajaibwinslots.cc,gambling
ajaibwinslots.com,gambling
ajibslots.org,gambling
ajo89able.org,gambling
akbetcasino.top,gambling
akiracasino.com,gambling
aklasbela.net,gambling
aksescepatjp.com,gambling
alabamacasinos.com,gambling
aladdincasinos.com,gambling
aladdinsgoldcasino.com,gambling
aladdinslots.com,gambling
alamocasinoevents.com,gambling
alanowincasino.site,gambling
alaskalottery.us,gambling
albatrosscasino.com,gambling
albertacasinosonline.ca,gambling
albrechts-casino.de,gambling
alchemind.org,drugs
alchimiaweb.com,drugs
alcoholconcern.org.uk,drugs
alcoholinformation.org,drugs
alderneygambling.com,gambling
alexandercasino-france.com,gambling
alexandercasino.com,gambling
alfa-fresh-casino.top,gambling
alfa-freshcasino.top,gambling
alfa188.net,gambling
alfacasino.com,gambling
alfacasinostage.com,gambling
alfcasino.com,gambling
alfcasino.top,gambling
alfcasino1.com,gambling
alfcasino2.com,gambling
alfcasino5.com,gambling
alfcasino77.com,gambling
algo-casino.com,gambling
alienvspredatormovie.com,gambling
alitycasino.info,gambling
aliveslots.com,gambling
all-casino-rating2023.win,gambling
all-gambling-online.com,gambling
all-gambling.com,gambling
all-rightcasino.com,gambling
all-starcasino.info,gambling
allabout-casino.com,gambling
allacasinonutanspelpaus.se,gambling
allacasinoutankonto.nu,gambling
allacasinoutanregistrering.se,gambling
allamericanonlinecasinoi.fun,gambling
allaucasinosonline.com,gambling
allbet-casino.live,gambling
allbet.gr,gambling
allbetzcasino.com,gambling
allbritishcasino.com,gambling
allcanadacasinos.com,gambling
allcasino-2022.win,gambling
allcasino.click,gambling
allcasino.com,gambling
allcasino.org,gambling
allcasino.ru,gambling
allcasino100.win,gambling
allcasino24.ru,gambling
allcasino563.win,gambling
allcasinoaffiliateprograms.com,gambling
allcasinoaffiliates.com,gambling
allcasinobet.co,gambling
allcasinochips.com,gambling
allcasinogamblingreview.com,gambling
allcasinohotelschile.com,gambling
allcasinoratingsiteofficialtop-2023.win,gambling
allcasinoratingslots-2023.win,gambling
allcasinoratingslots1-2023.win,gambling
allcasinoratingtop-2023.win,gambling
allcasinoratingtop10-2023.win,gambling
allcasinoratingtop14-2023.win,gambling
allcasinoratingtop74-2023.win,gambling
allcasinoratyn12-2023.win,gambling
allcasinoratyng1-2023.win,gambling
allcasinoratyng2-2023.win,gambling
allcasinoratyng3-2023.win,gambling
allcasinoratyng5-2023.win,gambling
allcasinoratyng76-2023.win,gambling
allcasinoratyngtopov-2023.win,gambling
allcasinoratyngtopov1-2023.win,gambling
allcasinoratyngtopov3-2023.win,gambling
allcasinos.jp,gambling
allcasinosinternational.com,gambling
allcasinotours.com,gambling
allecasinoshowslive.shop,gambling
allentowncasino.com,gambling
allgames.gamesh.com,gambling
allgamescasino.com,gambling
allgameslots.com,gambling
allgemcasinos.com,gambling
allhorseracing.ag,gambling
alliageniccasino.xyz,gambling
alljackpotscasino.com,gambling
alljackpotslots.net,gambling
allmagic.ru,gambling
allnewcasinos.net,gambling
allonlinecasinosusa.com,gambling
allonlineslots.com,gambling
allpokercasino.com,gambling
allpro.eu,gambling
allreels-casino.com,gambling
allreelscasino.com,gambling
allright-casino-bonus.pl,gambling
allright-casino.click,gambling
allright-casino.top,gambling
allright-casinonline.com,gambling
allrightcasino-tr.click,gambling
allrightcasino.top,gambling
allrightcasinoturkey.click,gambling
allroundcasinos.com,gambling
allsalvia.co.uk,drugs
allslots-casino-affiliate-program.com,gambling
allslots.nz,gambling
allslotsbonus.net,gambling
allslotscasino-no-deposit-bonus.com,gambling
allslotscasino.ca,gambling
allslotscasino.com,gambling
allslotscasino.org,gambling
allslotscasinopokies.com,gambling
allslotsonline.casino,gambling
allsport365.com,gambling
allsportscasino2.com,gambling
allstarslots.com,gambling
alltophotelschilecasino.com,gambling
allturkey.co.uk,gambling
allvegaspoker.com,gambling
allwincasinoar.top,gambling
allwinscasino.uk,gambling
almazcasino.com,gambling
alobet259.com,gambling
alobet264.com,gambling
alobet267.com,gambling
alobet270.com,gambling
alobet271.com,gambling
alobet272.com,gambling
alondontourguide.co.uk,gambling
alotofslots2024.online,gambling
alottery.shop,gambling
alpencasino.com,gambling
alphabeedesign.com,gambling
alphabetscasino.com,gambling
alphaware.co.nz,drugs
alpscasino.com,gambling
altablackjack.com,gambling
altenar.com,gambling
altgambler.com,gambling
altincasinogirisi1.com,gambling
altomcasinospil.dk,gambling
altomonlinecasino.dk,gambling
always-casino.com,gambling
alwaystestclean.com,drugs
amapolacasino.com,gambling
amateras-casino.com,gambling
amazingcasinogames.com,gambling
amazingcasinolivegamez.com,gambling
amazingcasinos.net,gambling
amazinggamblingsystems.com,gambling
amazon-slots.com,gambling
amazoncasino.com,gambling
ambanibookcasino.com,gambling
ambercoastcasino.com,gambling
amberspins.com,gambling
ambrosine.com,gambling
amcasino.world,gambling
ameetecarms.com,dangerous_material
american-casino-bonuses.com,gambling
american-online-casinos.com,gambling
americanacasino.com,gambling
americancasinoguide.com,gambling
americancasinoguide667.com,gambling
americancasinoguidebook.com,gambling
americancasinoparty.com,gambling
americancasinos.com,gambling
americancasinos.xyz,gambling
americancasinoshop.com,gambling
americancasinosites.com,gambling
americandreamcasinoa.online,gambling
americanspiritarms.com,dangerous_material
amex-casinos-us.top,gambling
amherstcasinoevents.com,gambling
amigasolitaire.free.fr,gambling
amocasino.com,gambling
amok-casino.click,gambling
amok-casino.live,gambling
amok-casino.top,gambling
amokcasino.click,gambling
amokcasino.top,gambling
amon-casino-france.com,gambling
amoncasino.com,gambling
amonlinecasino.com,gambling
amp-igamble247.site,gambling
amp-utama-olxtoto.pages.dev,gambling
amp7kcasino.ru,gambling
ampdepobos.com,gambling
ampdevice.shop,gambling
amsterdammarijuanaseeds.com,drugs
amuletobet.com,gambling
amundsonsup.com,gambling
amunra1.com,gambling
amunracasino-france.com,gambling
anaarium.co.za,gambling
anadolucasino086.com,gambling
anadolucasino099.com,gambling
anadolucasino157.com,gambling
anadolucasino183.com,gambling
anadolucasino300.com,gambling
anadolucasino391.com,gambling
anadolucasino495.com,gambling
anadolucasino548.com,gambling
anadolucasino552.com,gambling
anadolucasino657.com,gambling
anadolucasino673.com,gambling
anadolucasino679.com,gambling
anadolucasino704.com,gambling
anadolucasino769.com,gambling
anadolucasino823.com,gambling
anadolucasino839.com,gambling
anadolucasino874.com,gambling
anadolucasinoaffiliates.com,gambling
anaktogel.com,gambling
anapacasino.am,gambling
android-casino.se,gambling
androidcasinorealmoney.net,gambling
androidcasinoslots.com,gambling
androidcasinowebsites.com,gambling
angelocasino.com,gambling
angermanagementcasinob.shop,gambling
angkasa77.com,gambling
angkasa88.vip,gambling
anime-game-osts.com,gambling
ankslots.live,gambling
annapurnacasino.com,gambling
annsummerscasino.com,gambling
anonymouscasino.ltd,gambling
anonymouscasinos.ltd,gambling
answercasino.info,gambling
anthologylasvegas.com,gambling
anthologylasvegascollection.com,gambling
anthologylasvegassuites.com,gambling
anthologylasvegassuitesandvillas.com,gambling
anthologylvcollection.com,gambling
anthologyvegascollection.com,gambling
anthologyvegassuites.com,gambling
anthologyvegassuitesandvillas.com,gambling
antiguagaming.com,gambling
antumcasino.com,gambling
anycoincasinos.com,gambling
anypositivechange.org,drugs
anytimecasino.info,gambling
aom.heavengames.com,gambling
apachecasinohotel.com,gambling
apartcasino-hotel.com,gambling
apex-spins-casino.ru,gambling
apexcasino.info,gambling
apexsportsbook.com,gambling
api-bcasino.cs3api.com,gambling
api33-play.com,gambling
apizeus77.glitch.me,gambling
apk-1win-casino.ru,gambling
apk-casino-bn.com,gambling
apk-casino-xbet.ru,gambling
apk-most-bet-casino.ru,gambling
apk-mostbet-casino.ru,gambling
apk-vavada-casino.com,gambling
apkbolacasino88.site,gambling
apkgambling.com,gambling
aplay-casinos.com,gambling
aplayca.xyz,gambling
aplaycasino-club.ru,gambling
aplaycasino-club24.ru,gambling
aplaycasino-club26.ru,gambling
aplaycasino.bio,gambling
aplaycasino.biz,gambling
aplaycasino.city,gambling
aplaycasino.space,gambling
aplaycasino.us,gambling
aplaygames.com,gambling
aplaynix.best,gambling
aplayno.xyz,gambling
apo-casino.com,gambling
apollocasino.top,gambling
apolloslots-za.live,gambling
apostaganha.bet,gambling
apostar.com.ec,gambling
app-1win-casino.ru,gambling
app-casino-mostbet.ru,gambling
app-casinox330.ru,gambling
app-most-bet-casino.ru,gambling
app-mostbet-casino.ru,gambling
app-vavada-casino.com,gambling
applepaycasino-uk.top,gambling
applepaycasino.nz,gambling
applepaycasinos.ca,gambling
aprcasino.com,gambling
apsarasseed.com,drugs
aptoscasino.vip,gambling
apuestaconnosotros.com,gambling
apuestalegal.ec,gambling
apuestas-deportivas.es,gambling
apuestas.com.ec,gambling
apuestas.inh.gob.ve,gambling
apuestascasinopoker.com,gambling
apuestascasinos.cl,gambling
apuestasdeportivas.com,gambling
apuestasdeportivas24.com,gambling
apuestasganadas.com,gambling
apuestasonline.net,gambling
apuestasycasino.online,gambling
apuestatotal.com,gambling
apuesto.com,gambling
apwin.com,gambling
aquacasino.co,gambling
aquacasinos.com,gambling
aquariuscasinoresort.com,gambling
aquateencentral.com,gambling
aqvacasino.com,gambling
ar-icecasino.top,gambling
arab-casino-bonuses.com,gambling
arab-casino.co,gambling
arab-casino.com,gambling
arab-online-casinos.com,gambling
arabcasinohex.com,gambling
arabgamble.com,gambling
arabgamblingsites.com,gambling
arabic-onlinecasino.org,gambling
arabiconlinecasinos.info,gambling
arabonlinecasino.com,gambling
arcadeabyss.com,gambling
arcadecasino.com,gambling
archivecasino.info,gambling
archivescasino.info,gambling
arcticcasino.com,gambling
ardentecasino.top,gambling
areacasinoc.cloud,gambling
areataruhan.com,gambling
arena-casino.click,gambling
arena-casino.top,gambling
arenacasino.click,gambling
arenajudi.com,gambling
arenalasvegas.com,gambling
aresbet609.com,gambling
aresbet613.com,gambling
aresbet616.com,gambling
aresbet617.com,gambling
aresbet619.com,gambling
aresbet620.com,gambling
aresbet625.com,gambling
aresbet626.com,gambling
aresbet627.com,gambling
aresbet629.com,gambling
aresbet630.com,gambling
aresbet634.com,gambling
arf.org,drugs
argcasinos.com,gambling
argentdunetinfos.org,gambling
argentinabestcasinos.com,gambling
argentmania.com,gambling
argentsurlenet.com,gambling
argo-casino.biz,gambling
argocasino.fun,gambling
ariaexhibitorservices.com,gambling
ariafacts.com,gambling
ariahotel-casino.com,gambling
ariaslots.com,gambling
ariatowersuites.com,gambling
aristoscasino.com,gambling
arizonacasinoparties.com,gambling
arkcasino.info,gambling
arkincasino151.com,gambling
arkincasino152.com,gambling
arkincasino153.com,gambling
arkincasino154.com,gambling
arkincasino155.com,gambling
arkincasino156.com,gambling
arkincasino157.com,gambling
arkincasino158.com,gambling
arkincasino159.com,gambling
arlekincasino.com,gambling
arlekincasino.top,gambling
arlequincasino.top,gambling
armacasinoguncel.shop,gambling
armanicasino.com,gambling
armeetpassion.com,dangerous_material
armes-occasion.fr,dangerous_material
armes-ufa.com,dangerous_material
aronbet459.com,gambling
aronbet462.com,gambling
aroundthesims.com,gambling
arquitectogratis.com,gambling
arratiabeer.com,gambling
arrtocasinohotels.com,gambling
arselcasino.com,gambling
art-casino.com,gambling
art-sol-casino.com,gambling
art-sol-casino.top,gambling
arta4d.pusat4dbest.com,gambling
arta7b.pusat4dbest.com,gambling
artabnewszamanpaper41.ru.com,gambling
arterama.net,gambling
artgamer.com,gambling
articlecasino.com,gambling
articlescasino.info,gambling
artopcasinos.com,gambling
artslots.com,gambling
arunabet.asia,gambling
arunabet.biz,gambling
arunabet88.com,gambling
arunabet88.xyz,gambling
arunabetfun.me,gambling
arunabetfun.us,gambling
arunabetpro.com,gambling
arushgames.com,gambling
arzemjukazino.casino,gambling
asam.org,drugs
asiacasino.com,gambling
asiacasino89.net,gambling
asiacity138.com,gambling
asialive88casino.win,gambling
asianalternative.com,gambling
asiancasinocentral.com,gambling
asiancasinos.org,gambling
asiankitchentpa.com,gambling
asiapacific-lotteries.com,gambling
asiapoker777.com,gambling
asiascasino.com,gambling
asiaslots88live.cc,gambling
asiaslots88live.me,gambling
asiaslots88live.site,gambling
asiaslots88live.top,gambling
asiaslots88live.us,gambling
asiaslots88live.xyz,gambling
asibet301.com,gambling
ask-casino.com,gambling
ask-hotelswithcasino.com,gambling
askcasino.top,gambling
askcasino.wiki,gambling
askcasinoexperts.com,gambling
aslan-casino.net,gambling
asoscasino67.com,gambling
asoscasino68.com,gambling
asoscasino69.com,gambling
asoscasino70.com,gambling
asoscasino71.com,gambling
aspercasinogir.com,gambling
aspercasinogirisi.org,gambling
asperino.com,gambling
astenommelcasino.shop,gambling
astonwin.org,gambling
astropaycasino-de.top,gambling
astuces-jeux.net,gambling
astucescasinoenligne.com,gambling
atascasino.com,gambling
atascasino0.com,gambling
atascasino1.com,gambling
atascasino2.com,gambling
atascasino3.com,gambling
atascasino4.com,gambling
atascasino5.com,gambling
atascasino6.com,gambling
atascasino7.com,gambling
atascasino8.com,gambling
atascasino9.com,gambling
atbforum.com,gambling
atforum.com,drugs
atg.se,gambling
athenia-network.net,gambling
athomesportsbook.com,gambling
atlanticcitycasino-pe.top,gambling
atlanticcitycasino.top,gambling
atlanticcitycasinos.xyz,gambling
atlanticcityfoodandwinefestival.com,gambling
atlanticcityfoodfest.com,gambling
atlantis-evolution.tacgames.com,gambling
atlantiscasino.com,gambling
atlantishotelcasino.shop,gambling
atlantiswins.com,gambling
atlassteakandfish.com,gambling
atomcasinos.com,gambling
atomlifehealthcare.co.in,gambling
attirecasino.xyz,gambling
au-hellspincasino.com,gambling
au-jetcasino.com,gambling
au-slots.top,gambling
au1xbet.ru,gambling
aucasino.club,gambling
aucasinoslist.com,gambling
aucasinosonline.com,gambling
auf-casino-official1.ru,gambling
auf-casino-zerkalo.ru,gambling
auf-casino.com,gambling
auf-casino.eu,gambling
auf-casino.fun,gambling
auf-casino.io,gambling
auf-casino.social,gambling
auf-casino.su,gambling
aufcasino-registration.life,gambling
aufcasino.biz,gambling
aufcasino.cfd,gambling
aufcasino.club,gambling
aufcasino.fun,gambling
aufcasino.games,gambling
aufcasino.info,gambling
aufcasino.kz,gambling
aufcasino.live,gambling
aufcasino.net,gambling
aufcasino.online,gambling
aufcasino.org,gambling
aufcasino.pro,gambling
aufcasino.site,gambling
aufcasino.vip,gambling
aufcasino.xyz,gambling
aufcasino17a.com,gambling
aufcasinofficial.com,gambling
aufcasinofficial.xyz,gambling
aufcasinomirror.com,gambling
aufcasinotop.com,gambling
aufcasinotop.xyz,gambling
augamblingking.com,gambling
augustinecasino.com,gambling
aupairagency.co.za,gambling
auracasino.info,gambling
aurealmoneycasino.com,gambling
aurora-casino-zerkalo.fun,gambling
auroracasino.beauty,gambling
auroracasino.buzz,gambling
auroracasino.guru,gambling
auroracasino.monster,gambling
auroracasino1.com,gambling
auroracasinos.com,gambling
auscasino-online.com,gambling
auscasinomoney.com,gambling
auscasinos.net,gambling
auscasinos.org,gambling
auscasinosites.com,gambling
auslaendischecasinos.com,gambling
auslots1.top,gambling
ausonlinecasino.com,gambling
ausonlinecasino.net,gambling
ausscasinosanalyzer.com,gambling
aussie-slots.com,gambling
aussiebestcasinos.com,gambling
aussiebt-casino.com,gambling
aussiecasinobitstarz.com,gambling
aussiecasinohotel.com,gambling
aussiecasinopicks.com,gambling
aussiecasinosites.com,gambling
aussiegamblers.com,gambling
aussielegitcasinos.com,gambling
aussielowdepositcasino.com,gambling
aussieonlinecasino.com,gambling
aussieslots.com,gambling
aussislotsaga.com,gambling
australia-casino-pokies.com,gambling
australia-casino-review.com,gambling
australia-casino-reviews.com,gambling
australia-casino.co,gambling
australia-casino.org,gambling
australia-casinos-online.com,gambling
australia-online.casino,gambling
australia-onlinecasinos.com,gambling
australiacasino.reviews,gambling
australiacasino9.com,gambling
australiacasinoelite.com,gambling
australiacasinoonline.com,gambling
australian-casino-bonuses.com,gambling
australian-casino.com,gambling
australian-casinos.online,gambling
australian-onlinecasinos.com,gambling
australiancasinosite.com,gambling
australiancasinosonline.net,gambling
australianmobilegambler.com,gambling
australianonline-casino.com,gambling
australianonlinecasino.io,gambling
australianonlinecasinosites.com,gambling
australianonlinegambling.com,gambling
australianscasino.com,gambling
australiaonlinecasinol24.com,gambling
australiaonlinecasinosites.com,gambling
austria-casinos.com,gambling
autobetcasino.com,gambling
autohubva.com,gambling
autopcasino.com,gambling
avaiblecasino-hotels.com,gambling
avalanchecasino.com,gambling
avalon78.com,gambling
avalon781.com,gambling
avalon78casino.top,gambling
avaloncasino.top,gambling
avantgardecasino2.com,gambling
avantgardecasino3.com,gambling
avatarcasino.com,gambling
avdpoker.com,gambling
aviator-1win-casino.ru,gambling
aviator-1xbet-casino.ru,gambling
aviator-mostbet-casino.ru,gambling
aviator-olimpbet-casino.ru,gambling
aviator-pin-up.casino,gambling
aviator-pinup-casino.ru,gambling
aviator-turkiye-casino.com,gambling
aviatorcasinos.com,gambling
aviatorgame.net,gambling
aviatorsocialcasino.com,gambling
avibet.io,gambling
avicasino.com,gambling
avin89.com,gambling
avinhost.com,gambling
avis-casinos.info,gambling
aviscasino.net,gambling
avp-movie.com,gambling
avtomati-casino11.win,gambling
avtomati-casinoratingtop2023.win,gambling
avtomaty-1xslots189.ru,gambling
avvabet409.com,gambling
avvabet417.com,gambling
avvabet418.com,gambling
aw8phcasino.com,gambling
awarecasino.info,gambling
awesomecasinos.net,gambling
axecasino.top,gambling
axecasino1.com,gambling
axelgame.free.fr,gambling
axislounge.com,gambling
axygames.com,gambling
ayahuasca.com,drugs
ayakacasinos.com,gambling
ayucasino-jp.pro,gambling
ayucasino-jp.xyz,gambling
ayucasino.biz,gambling
ayucasino.info,gambling
ayucasino.pro,gambling
ayucasino.vip,gambling
ayucasino88.fun,gambling
ayucasino88.one,gambling
ayucasino88.pro,gambling
ayucasino88.shop,gambling
ayucasino88.top,gambling
ayucasino88.world,gambling
ayucasino88.xyz,gambling
ayucasino88a.online,gambling
ayucasino88g.xyz,gambling
ayucasino88i.xyz,gambling
ayucasino88n.xyz,gambling
ayucasino88win.com,gambling
ayucasino88win.xyz,gambling
ayucasinogacor.today,gambling
ayucasinojp.site,gambling
ayucasinojp.xyz,gambling
ayucasinomaju.xyz,gambling
ayucasinoresmi.xyz,gambling
azarius.net,drugs
azart-casino.ru,gambling
azart-casinos-play.ru,gambling
azart-casinos-play1.ru,gambling
azart-casinos-play2.ru,gambling
azart-casinos-play3.ru,gambling
azart-casinos.ru,gambling
azartcasino-slots.click,gambling
azartcasino.ru,gambling
azartmaniyacasino.xyz,gambling
azartplay-casino-24.com,gambling
azartplay-casino-26.top,gambling
azartplay-casino-27.top,gambling
azartplay-casino-28.top,gambling
azartplay-casino-29.ru,gambling
azartplay-casino-29.top,gambling
azartplay-casino-30.ru,gambling
azartplay-casino.biz,gambling
azartplaycasino-mod.com,gambling
azino-casino.info,gambling
azino777-casino-officialnoe052.win,gambling
azino777-casino-officialnoe123.win,gambling
azino777-casino-officialnoe21.win,gambling
azino777-casino-officialnoe42.win,gambling
azino777-casino-officialnoe754.win,gambling
azino777-casino-officialnoe786.win,gambling
azino777-casino-officialnyi5.win,gambling
azino777-casino.live,gambling
azino777-casino.site,gambling
azino777-casinoff953.win,gambling
azino777-casinos-officialnyisajt556.win,gambling
azino777-casinos-officialnyisajt578.win,gambling
azino777-casinos-officialnyisajt667.win,gambling
azino777-casinos-officialnyisajt753.win,gambling
azino777-casinox.ru,gambling
azino777casino.best,gambling
azino777casino.bid,gambling
azino777casino.cam,gambling
azino777casino.run,gambling
azino777casino.work,gambling
azino777casino531.fun,gambling
azino777casino631.win,gambling
azino777casinos785.win,gambling
azinocasino.pro,gambling
aztecgaming.com,gambling
azur-casino.top,gambling
azurcasino-france.com,gambling
azurcasino.top,gambling
b2bonlinecasino.com,gambling
b7bet.online,gambling
b888casino.top,gambling
b9casino.site,gambling
b9casino.vip,gambling
b9casino2.com,gambling
b9casino3.com,gambling
b9casino4.com,gambling
b9casino5.com,gambling
b9casino6.com,gambling
b9casino7.com,gambling
b9casino8.com,gambling
b9casinomyr.com,gambling
b9slots.net,gambling
babacasinogames.com,gambling
babawildslots.com,gambling
babilbet404.com,gambling
babyloncasino.cz,gambling
bacanacasino.top,gambling
baccarat-casino.me,gambling
baccaratcasinoonline.com,gambling
backinamo.uk,gambling
baescasino.com,gambling
bahis-siteleri.casino,gambling
bahiscasino428.com,gambling
bahiscasino430.com,gambling
bahiscasino431.com,gambling
bahiscasino432.com,gambling
bahiscasino433.com,gambling
bahiscasino434.com,gambling
bahiscasino435.com,gambling
bahiscasino436.com,gambling
bahiscasino437.com,gambling
bahiscasino438.com,gambling
bahiscasino439.com,gambling
bahiscasino440.com,gambling
bahiscasino441.com,gambling
bahiscasino442.com,gambling
bahiscasino443.com,gambling
bahiscasino444.com,gambling
bahiscasino445.com,gambling
bahiscasino446.com,gambling
bahiscasino447.com,gambling
bahiscasino448.com,gambling
bahiscasinocekilis.com,gambling
bahiscasinodavet.com,gambling
bahiscasinodenemetalep.com,gambling
bahiscasinodiscount2.com,gambling
bahsegel-casino.com,gambling
baji-casino.info,gambling
baji-casino.pro,gambling
baji999-casino.com,gambling
bajilive-casino.com,gambling
bajilivecasino.click,gambling
bajilivecasino.top,gambling
balato88-casino.me,gambling
balato88casino.com,gambling
baldinissportscasino.com,gambling
ballebaazi.com,gambling
balloon-casino.com,gambling
bally-casino-uk.com,gambling
ballysparkplace.com,gambling
ballysparkplace.net,gambling
ballywulffcasino.club,gambling
bambet.com,gambling
bambetcasinoau1.com,gambling
bamboocasino.com,gambling
bambu138casino.com,gambling
bambusbaercasino.com,gambling
banalotto.fr,gambling
bananalotto.fr,gambling
bananocasino.com,gambling
banchionlinecasino.com,gambling
banco-casino.click,gambling
bancoloto.com,gambling
bandarjuditogel.com,gambling
banditcasino.com,gambling
banditcasinoband.com,gambling
bandot-amp3.com,gambling
bangbangcasino.com,gambling
bangcash.top,gambling
bangcasino.co.ke,gambling
bangcasino.com,gambling
bangcasino.com.gh,gambling
bangcasino.ug,gambling
bangercasino-bd.com,gambling
bangercasino.bio,gambling
bangocasino-us.top,gambling
bangoncasino.ie,gambling
bankcasino.site,gambling
bankerscasino.net,gambling
bankid-casino.net,gambling
bankonbetcasino.fr,gambling
banktransfer-casinos.top,gambling
banktransfercasino-uk.top,gambling
bantengmerah.com,gambling
bantengmerah.my,gambling
bantengmerahlogin.com,gambling
bantubet.co.ke,gambling
banzai-casino.fr,gambling
banzaicasino-lk.com,gambling
banzaicasino-pe.com,gambling
banzaicasino-pk.com,gambling
banzaicasino.top,gambling
bao-cc.com,gambling
baocasino.com,gambling
baocasinoau.com,gambling
barakacasino.com,gambling
barbarycoastcasino.com,gambling
barbossacasino.com,gambling
barcasinos.com,gambling
barebonecasino.xyz,gambling
barelcasino.com,gambling
baris4dmembara.io,gambling
bariyocasinoufabet.online,gambling
barneyscasino.com,gambling
barre-de-surf.fr,gambling
barrierebet.fr,gambling
barstoolsportsbook.com,gambling
barz-casino-win.com,gambling
basari-casino.club,gambling
basedcryptocasinos.com,gambling
basicgamblingrules.com,gambling
bast-bitcoin-casino.io,gambling
basta-casino-online.com,gambling
bastacasinobonus.se,gambling
bastacasinoguide.se,gambling
bastacasinoonline.org,gambling
bastanatcasinon.com,gambling
bastaonlinecasino.nu,gambling
bastaonlinecasinon.net,gambling
bata4dlapak.id,gambling
bata4dreg.id,gambling
batangtoge.com,gambling
bataratoto.net,gambling
bataviacasino.top,gambling
bawaslusanggau.com,gambling
bayam89-v13.com,gambling
baycountrybakery.com,gambling
baymillscasinos.com,gambling
bayntycasino.site,gambling
bazaarcasino.com,gambling
bbellagio.com,gambling
bbetcasino.top,gambling
bbguns.co.uk,dangerous_material
bbhhsband.com,gambling
bbm88.org,gambling
bc.game,gambling
bcasino-pl.click,gambling
bcasino.click,gambling
bcasino.co.uk,gambling
bcasino.com,gambling
bcasino.top,gambling
bcasinoapp.online,gambling
bcc.bet,gambling
bcgambling.ca,gambling
bcgame-crypto-casino.com,gambling
bcgame.sk,gambling
bcgame.top,gambling
bcgamecasino.se,gambling
bclcretailerhub.com,gambling
bcslotsatplaza.com,gambling
bdmbet-casino-france.com,gambling
bdoncasino77.com,gambling
bdsm-shop-24.de,gambling
beachclubcaesarsdubai.com,gambling
beachclubcaesarsresort.com,gambling
beanooutdoorgame.com,gambling
beastcasino.buzz,gambling
beastcasinogems.life,gambling
beastdreams.net,dangerous_material
beastgamecasino.live,gambling
beastinocasino.com,gambling
beastslots.buzz,gambling
beatingonlinecasino.info,gambling
beaunights.com,gambling
beaurivage21.com,gambling
beaurivagebaccarat.com,gambling
beaurivagebet.com,gambling
beaurivagebiloxims.com,gambling
beaurivagecasino.com,gambling
beaurivageinternetgaming.com,gambling
beaurivageonlinecasino.com,gambling
beaurivageonlinegaming.com,gambling
beaurivageplay.com,gambling
beaurivageresort.com,gambling
beaurivageroulette.com,gambling
beaurivagesports.com,gambling
beaurivagewin.com,gambling
bebasjudi.com,gambling
beblazecasino.com,gambling
becasino.be,gambling
becomegambler.com,gambling
bedavablackjackoynayalim.net,gambling
bedste-bitcoin-casino.io,gambling
bedstecasino.org,gambling
beedzcasino.com,gambling
beemcasino.top,gambling
beep-beep-casino.top,gambling
beepbeep-casino.click,gambling
beepbeepcasino.click,gambling
beepbeepcasino.top,gambling
beepbeepcasino.vip,gambling
beepbeepcasino13.com,gambling
beepbeepcasino16.com,gambling
beepbeepcasino17.com,gambling
beepbeepcasino18.com,gambling
beepbeepcasino21.com,gambling
beepbeepcasino23.com,gambling
beerinfo.com,drugs
beforegambling.com,gambling
behappycasino.com,gambling
bein.com,gambling
bekendenederlanders.nl,gambling
belaidabdelaziz.com,gambling
belaidabdelaziz.pages.dev,gambling
belajarcasino.net,gambling
belgianpokerseries.com,gambling
belisatudulu.com,gambling
belitogel.com,gambling
bellacasino.com,gambling
bellagio.co.in,gambling
bellagio.cz,gambling
bellagioathome.com,gambling
bellagiobet.com,gambling
bellagiocardgames.com,gambling
bellagiocasino.com,gambling
bellagiocasinos.com,gambling
bellagioclub.com,gambling
bellagiocollection.ae,gambling
bellagiodeals.com,gambling
bellagioexhibitorservices.com,gambling
bellagiogames.com,gambling
bellagiohotel.ru,gambling
bellagiohotelcasino.com,gambling
bellagiolasvegashotel.com,gambling
bellagioonline.com,gambling
bellagioresort.com,gambling
bellagioresort.in,gambling
bellavegas.com,gambling
bellavegascasino.top,gambling
bellavegascasinos.com,gambling
belmontcasino.com,gambling
belterracasino.com,gambling
belterracasino.xyz,gambling
bemidjicasino.com,gambling
bemsc.org,gambling
benchcasino.info,gambling
benefitscasino.info,gambling
benermeriah.pages.dev,gambling
benimcasinom.com,gambling
berich-onlinecasino.co.uk,gambling
berita3jambi.com,gambling
beritaagenjudi.com,gambling
beritacasino.id,gambling
beritacasino.info,gambling
berlinpoolcasino.online,gambling
bernabe-guitars.com,gambling
berrycasino.com,gambling
berrycherry.com,gambling
bertilcasino.nu,gambling
best-3casino.co.uk,gambling
best-bitcoin-casinos.com,gambling
best-bitcoincasinos.net,gambling
best-canadian-casinos.ca,gambling
best-canadianonlinecasino.com,gambling
best-cashbar.blogspot.com,gambling
best-casino-ar.com,gambling
best-casino-bonuses.co.uk,gambling
best-casino-rewards.com,gambling
best-casino-sites-online.co.uk,gambling
best-casino-sites.uk,gambling
best-casino.ch,gambling
best-casino.me,gambling
best-casino.media,gambling
best-casino.ro,gambling
best-casino.se,gambling
best-casino.tips,gambling
best-casino745.fun,gambling
best-casinoaffiliateprograms.com,gambling
best-casinobonus.uk,gambling
best-casinohotels.com,gambling
best-casinos-australia.com,gambling
best-casinos-bonuses.org,gambling
best-casinos-online2019.com,gambling
best-casinos-usa.com,gambling
best-casinos.club,gambling
best-casinos.in,gambling
best-casinos.me,gambling
best-casinos.pro,gambling
best-casinos.win,gambling
best-casinos7.fun,gambling
best-crypto-casino.net,gambling
best-cryptocasinos.net,gambling
best-gambling-sites.org,gambling
best-gambling.biz,gambling
best-iceland-casinos.com,gambling
best-online-casino-bonuses.net,gambling
best-online-casino-canada.org,gambling
best-online-casino-real-money.com,gambling
best-online-casino-schweiz.net,gambling
best-online-casino-spielen.com,gambling
best-online-casino.ca,gambling
best-online-casino.in,gambling
best-online-casinos-real-money.com,gambling
best-online-casinos.org,gambling
best-online-casinos.top,gambling
best-online-casinos.win,gambling
best-online-casinos1.top,gambling
best-onlinecasino.co.nz,gambling
best-paying-online-casinos.com,gambling
best-pronostic.com,gambling
best-real-money-casinos.com,gambling
best-usa-casinos-online.com,gambling
best10-tr.com,gambling
best1133freebonuscasino.com,gambling
best24-casinohotel.com,gambling
best24casinohotels.com,gambling
best365casinohotel.com,gambling
best4casino.com,gambling
best50casinos.net,gambling
bestanonymouscasinos.com,gambling
bestaucasinosites.com,gambling
bestaucasinosonline.com,gambling
bestauscasinos.com,gambling
bestaustraliacasino.io,gambling
bestaustraliancasinosites.com,gambling
bestbetting.com,gambling
bestbitcasino.com,gambling
bestbitcoincasino.com,gambling
bestbitcoincasino.ltd,gambling
bestbitcoincasino.review,gambling
bestbitcoincasinos.ltd,gambling
bestbitcoincasinos.review,gambling
bestbitcoincasinosite.com,gambling
bestbitcoincasinosites.net,gambling
bestbitcoingamblingsites.com,gambling
bestblackjackonlinecasinos.com,gambling
bestcanadacasinosonline.com,gambling
bestcanadianonlinecasino.net,gambling
bestcanadianonlinecasinos.com,gambling
bestcashslots.com,gambling
bestcasino-news.com,gambling
bestcasino.com,gambling
bestcasino.com.ua,gambling
bestcasino.game,gambling
bestcasino.store,gambling
bestcasino.uno,gambling
bestcasino.world,gambling
bestcasino99.com,gambling
bestcasinobonus.uk,gambling
bestcasinobonuses.online,gambling
bestcasinocanada.com,gambling
bestcasinoclauses.com,gambling
bestcasinocomps.com,gambling
bestcasinodeals.co.uk,gambling
bestcasinodreamhotels.com,gambling
bestcasinoer.com,gambling
bestcasinoexpirience.com,gambling
bestcasinogameonline.com,gambling
bestcasinoguide.com,gambling
bestcasinohotel12.com,gambling
bestcasinohotelgm.com,gambling
bestcasinoindia.com,gambling
bestcasinolar.com,gambling
bestcasinoliste.com,gambling
bestcasinoluxuryhotels.com,gambling
bestcasinopicks.org,gambling
bestcasinoplay.com,gambling
bestcasinopromo.com,gambling
bestcasinorates.shop,gambling
bestcasinorussia.fun,gambling
bestcasinos-pl.com,gambling
bestcasinos-pl.org,gambling
bestcasinos.directory,gambling
bestcasinos.pl,gambling
bestcasinosaustralia.com,gambling
bestcasinosbonus.co.uk,gambling
bestcasinoscanada.online,gambling
bestcasinosforrealmoney.com,gambling
bestcasinosincanada.net,gambling
bestcasinosites.net,gambling
bestcasinositescanada.com,gambling
bestcasinositesonline.com,gambling
bestcasinoslotssite.com,gambling
bestcasinosnetwork.com,gambling
bestcasinosonca.com,gambling
bestcasinosonline.co.ke,gambling
bestcasinosonline.ng,gambling
bestcasinosonly.com,gambling
bestcasinosreview.org,gambling
bestcasinosrila.com,gambling
bestcasinostayhotels.com,gambling
bestcasinosthisyear.com,gambling
bestcasinosuitehotels.com,gambling
bestcasinovacationhotels.com,gambling
bestcasinoviewhotels.com,gambling
bestcasinox.top,gambling
bestchancecasino.com,gambling
bestchilecasinohotels.com,gambling
bestcoincasino.shop,gambling
bestcrashgamecasino.com,gambling
bestcryptocasino.games,gambling
bestcryptocasino.ltd,gambling
bestcryptocasino.online,gambling
bestdailycasino.shop,gambling
bestdollarcasinos.shop,gambling
beste-casino.me,gambling
beste-online-casinos.at,gambling
beste-onlinecasino.net,gambling
bestebonuscasino.com,gambling
bestecasinobonus.eu,gambling
bestecasinobonussen.nl,gambling
bestecasinoliste.de,gambling
bestecasinolistede2024.com,gambling
bestecasinonorge.net,gambling
bestecasinosbewertungen.com,gambling
bestecasinoseite.com,gambling
bestecasinosider.eu,gambling
bestecasinosite.org,gambling
bestecasinosschweiz.ch,gambling
bestecocardcasino.com,gambling
bestedeutscheonlinecasino.de,gambling
bestedeutscheonlinecasinos.net,gambling
bestenoaccountcasino.com,gambling
bestenorskenettcasino.com,gambling
besteonlinecasino.com,gambling
besteonlinecasino777.com,gambling
besteonlinecasinos-de.com,gambling
besteonlinecasinos.com,gambling
besteonlinecasinoschweiz.ch,gambling
besteonlinecasinoschweiz.net,gambling
besteonlinecasinosinnederland.nl,gambling
besteonlinecasinosoesterreich.at,gambling
bestes-online-casino-osterreich.net,gambling
bestes-online-casino.xyz,gambling
bestesonlinecasino.club,gambling
besteurocasino.net,gambling
besteurocasinos.com,gambling
bestfreespincasinos.co.uk,gambling
bestgamblingarticles.com,gambling
bestgamblinglife.com,gambling
bestgamblingsites.com,gambling
besthotelcasinoexperience.com,gambling
besthotelcasinolisting.com,gambling
besthotelscasinoguide.com,gambling
besthotelscasinospots.com,gambling
besthotelscasinostays.com,gambling
besthotelsforcasino.com,gambling
besthotelsforcasinoviews.com,gambling
besthotelswithtopcasino.com,gambling
bestiari.net,gambling
bestiescasinos.com,gambling
bestincasinohotel.com,gambling
bestindiacasinosonline.in,gambling
bestjokerpokercasinogame.com,gambling
bestk8.sbs,gambling
bestlistcasinohotels.com,gambling
bestlotterycasinogames.com,gambling
bestluxurycasinohotels.com,gambling
bestmaxbet.ru,gambling
bestmichigancasinosites.com,gambling
bestmicrogamingcasino.com,gambling
bestmontanacasinosites.com,gambling
bestnetentcasino.info,gambling
bestnewcasinosuk.co.uk,gambling
bestnewcasinosuk.com,gambling
bestnewzealandcasinos.com,gambling
bestnewzealandcasinos.net,gambling
bestnoaccountcasinos.com,gambling
bestnongamstopcasinos.net,gambling
bestnonukcasinos.com,gambling
bestnonukcasinos.ltd,gambling
bestnonukcasinos.net,gambling
bestnonukcasinos.org,gambling
bestodds.com,gambling
bestofcasinosbonus.com,gambling
bestoffercasinos.net,gambling
bestoklahomacasinosites.com,gambling
bestonline-casino.info,gambling
bestonlinecasino-australia.net,gambling
bestonlinecasino-bonus.co.uk,gambling
bestonlinecasino-canada.net,gambling
bestonlinecasino.club,gambling
bestonlinecasino.co.nz,gambling
bestonlinecasino.com,gambling
bestonlinecasino.com.au,gambling
bestonlinecasino.ltd,gambling
bestonlinecasino.su,gambling
bestonlinecasinoapp.com,gambling
bestonlinecasinocanada.com,gambling
bestonlinecasinocanada24.com,gambling
bestonlinecasinocanada24x.com,gambling
bestonlinecasinoddesk.com,gambling
bestonlinecasinodirectoryreviews.com,gambling
bestonlinecasinofreespins.com,gambling
bestonlinecasinogambling777.com,gambling
bestonlinecasinoinuk.com,gambling
bestonlinecasinomaldives.com,gambling
bestonlinecasinoreal.us,gambling
bestonlinecasinorealmoneyx.com,gambling
bestonlinecasinos.ca,gambling
bestonlinecasinos24.com,gambling
bestonlinecasinosforusplayers.com,gambling
bestonlinecasinosincanada.com,gambling
bestonlinecasinosincanada.org,gambling
bestonlinecasinoskenya.com,gambling
bestonlinecasinosnl.com,gambling
bestonlinecasinosouthafrica.co.za,gambling
bestonlinegambler.com,gambling
bestonlinexcasinos.org,gambling
bestpayoutonlinecasino.com,gambling
bestpayoutonlineslots.com,gambling
bestpaypalcasinosonline.co.uk,gambling
bestpaysafecardcasino.net,gambling
bestpk88.com,gambling
bestpk88.net,gambling
bestpk88.org,gambling
bestratedcasinoreviews.com,gambling
bestrateplusguarantee.com,gambling
bestrateplusguarantees.com,gambling
bestripplecasinos.shop,gambling
bestrucasino.com,gambling
bestrussiancasinos.com,gambling
bests-casino.club,gambling
bests-casino.me,gambling
bests-casino.top,gambling
bests-casinos.top,gambling
bestscasino.win,gambling
bestscasino1.win,gambling
bestsingaporecasino.io,gambling
bestslots-gameng.com,gambling
bestslotsbingopokercasinogames.com,gambling
bestslotsbonus.net,gambling
bestslotsplayngo.com,gambling
bestsouthafricancasinos.com,gambling
bestsportblackjack.com,gambling
beststarcasinos.com,gambling
beststerlingcasinos.shop,gambling
bestsweepsstakecasinos.com,gambling
besttroncasino.com,gambling
bestukcasino.online,gambling
bestukcasino.org.uk,gambling
bestukslots.net,gambling
bestunitedstatescasinos.com,gambling
bestusacasinosites.com,gambling
bestusaonlinecasinos.com,gambling
bestuscasinos.org,gambling
bestwinscasino.com,gambling
bestworldlistcasinoinhotel.com,gambling
bestxcheapxblackjackgames.com,gambling
bet-999-casino.me,gambling
bet-andreas-casino.com,gambling
bet-andreas-casino.in,gambling
bet-at-home.com,gambling
bet-at-home.de,gambling
bet-fair.asia,gambling
bet-fido.com,gambling
bet-on-red-casino.de,gambling
bet-on-red-casino.fr,gambling
bet-on-red-casino.pl,gambling
bet.br,gambling
bet.co.za,gambling
bet10bet424.com,gambling
bet10line144.com,gambling
bet10line145.com,gambling
bet10line146.com,gambling
bet1casino.co,gambling
bet2play.com,gambling
bet3000.de,gambling
bet30casino-ar.top,gambling
bet30casino.top,gambling
bet32casino.com,gambling
bet365-casino-bonus.com,gambling
bet365-casino.online,gambling
bet365-casino.top,gambling
bet365.com,gambling
bet365.de,gambling
bet365.es,gambling
bet365.gr,gambling
bet365.it,gambling
bet365affiliates.com,gambling
bet365casino.click,gambling
bet593.ec,gambling
bet7.com,gambling
bet777.es,gambling
bet777casino.co,gambling
bet7casino.com,gambling
bet7kcasinos.com,gambling
bet88casinos.com,gambling
bet9.com,gambling
bet91casino.com,gambling
bet9ja.com,gambling
betabosscasino.com,gambling
betallcasino.com,gambling
betamocasino.click,gambling
betamocasino.top,gambling
betandreascasino.com,gambling
betandslots.com,gambling
betandwin.com,gambling
betandwin.de,gambling
betandyou-casino.com,gambling
betandyou.info,gambling
betano-casino.click,gambling
betano-casino.online,gambling
betano-casino.top,gambling
betano.ar,gambling
betano.bg,gambling
betano.ca,gambling
betano.co,gambling
betano.com,gambling
betano.cz,gambling
betano.de,gambling
betano.dk,gambling
betano.mx,gambling
betano.ng,gambling
betano.pt,gambling
betanobr.com.br,gambling
betanocasino-br.com,gambling
betanocasino.click,gambling
betanocasino.top,gambling
betanocasinoonline.ro,gambling
betapoker.it,gambling
betarsenal250.com,gambling
betasist.com,gambling
betasom.it,gambling
betasus657.com,gambling
betasus658.com,gambling
betasus659.com,gambling
betasus661.com,gambling
betasus662.com,gambling
betasus663.com,gambling
betasus664.com,gambling
betasus665.com,gambling
betasus668.com,gambling
betasus669.com,gambling
betasus721.com,gambling
betasus722.com,gambling
betasus723.com,gambling
betasus724.com,gambling
betasus725.com,gambling
betasus726.com,gambling
betasus728.com,gambling
betasus729.com,gambling
betasus730.com,gambling
betasus731.com,gambling
betasus732.com,gambling
betasus733.com,gambling
betasus734.com,gambling
betasus735.com,gambling
betaverse207.com,gambling
betaverse208.com,gambling
betbabacasino.net,gambling
betboocasino.top,gambling
betbook.dev,gambling
betboom.com,gambling
betbox2174.com,gambling
betbox2178.com,gambling
betbrx.com,gambling
betbryonlinecasino.top,gambling
betbull247.com,gambling
betcash.biz,gambling
betcasinocraze.com,gambling
betcasinoduck.com,gambling
betcasinofun.shop,gambling
betcasinoking.com,gambling
betcasinos.in,gambling
betcasinoscript.com,gambling
betcasinoscripts.com,gambling
betcasinoslot.net,gambling
betcentral.com,gambling
betchancasino.top,gambling
betchip10.com,gambling
betchip3.com,gambling
betchip6.com,gambling
betchip8000.com,gambling
betcio370.com,gambling
betcio371.com,gambling
betcio372.com,gambling
betcio373.com,gambling
betcio374.com,gambling
betcio375.com,gambling
betcio376.com,gambling
betcio378.com,gambling
betcio379.com,gambling
betcio382.com,gambling
betcio384.com,gambling
betcio387.com,gambling
betcio388.com,gambling
betcio390.com,gambling
betcio391.com,gambling
betcio392.com,gambling
betcitycasino.top,gambling
betclic-mobile.fr,gambling
betclic.com,gambling
betclic.fr,gambling
betclic.it,gambling
betclic.pl,gambling
betclic.pt,gambling
betcliccasino.top,gambling
betclick-mobile.fr,gambling
betclick.com,gambling
betclick.fr,gambling
betclickmobile.fr,gambling
betclicmobile.fr,gambling
betco-casino-ph.com,gambling
betco-casino-ph1.com,gambling
betco-casino-philippines.com,gambling
betco-id-casino.com,gambling
betco-online-casino-ph.com,gambling
betco-ph-casino.com,gambling
betcocasino-id.com,gambling
betcocasinogames.com,gambling
betcool320.com,gambling
betcool321.com,gambling
betcool322.com,gambling
betcool323.com,gambling
betcool325.com,gambling
betcoonlinecasino.com,gambling
betcris.com,gambling
betcris.pl,gambling
betcryptocasino.net,gambling
betdaq.co.uk,gambling
betdaq.com,gambling
betelenor.com,gambling
betelli8000.com,gambling
beteracasino.com,gambling
beterr.com,gambling
betfair-casino.es,gambling
betfair.com,gambling
betfair.es,gambling
betfair.it,gambling
betfaircasino.click,gambling
betfaircasino.top,gambling
betfaircasino.uk,gambling
betfairgames.com,gambling
betfairinternationalcareers.com,gambling
betfan.pl,gambling
betfare.asia,gambling
betfero2.com,gambling
betfine24.com,gambling
betfirst.dhnet.be,gambling
betfirstcasino.be,gambling
betfirstcasino.top,gambling
betflagcasino.top,gambling
betflik-casino.com,gambling
betflikcasino.top,gambling
betflix-casino.com,gambling
betflix-casino.net,gambling
betflix-casinot.com,gambling
betflixcasino.io,gambling
betflixcasino.net,gambling
betflixcasino.top,gambling
betflixcasino1.com,gambling
betflixcasino2.com,gambling
betflixcasino3.com,gambling
betflixcasino4.com,gambling
betfred-casino.net,gambling
betfred.co.za,gambling
betfred.com,gambling
betfredcasino.com,gambling
betfuncasino-ar.top,gambling
betfuncasino-argentina.top,gambling
betfuncasino.top,gambling
betgames.tv,gambling
betgo.com,gambling
betgoo276.com,gambling
betgoo281.com,gambling
betgoo283.com,gambling
betgoo286.com,gambling
betgoo288.com,gambling
betgoo290.com,gambling
betgrande.com,gambling
betgray408.com,gambling
betgray413.com,gambling
betgray416.com,gambling
betgray417.com,gambling
betgray418.com,gambling
bethard-casino.es,gambling
betinin-casino-ph.com,gambling
betinin-online-slots.com,gambling
betinincasino.com,gambling
betinincasinogames.com,gambling
betininslots.com,gambling
betirocasino.com,gambling
betitaly.it,gambling
betitoncasino.top,gambling
betivocasino.com,gambling
betixir362.com,gambling
betixir363.com,gambling
betixir364.com,gambling
betixir365.com,gambling
betixir369.com,gambling
betkingscasino.net,gambling
betkolik542.com,gambling
betkolik543.com,gambling
betkolik544.com,gambling
betkolik545.com,gambling
betkolik546.com,gambling
betkolik547.com,gambling
betkolik548.com,gambling
betkolik550.com,gambling
betkolik551.com,gambling
betkolik554.com,gambling
betkolik557.com,gambling
betkolik558.com,gambling
betkolik560.com,gambling
betkolik562.com,gambling
betkolik563.com,gambling
betkolik567.com,gambling
betlab.it,gambling
betland.com,gambling
betlike462.com,gambling
betlike465.com,gambling
betlike499.com,gambling
betlike501.com,gambling
betlike502.com,gambling
betlike505.com,gambling
betlike507.com,gambling
betlike508.com,gambling
betlike509.com,gambling
betlike510.com,gambling
betlike511.com,gambling
betlike512.com,gambling
betlike513.com,gambling
betlike514.com,gambling
betlike515.com,gambling
betlike516.com,gambling
betlike517.com,gambling
betlike518.com,gambling
betlike519.com,gambling
betlike520.com,gambling
betlike524.com,gambling
betlivecasino.top,gambling
betm3.com,gambling
betmaradona332.com,gambling
betmaradona333.com,gambling
betmarino700.com,gambling
betmarino701.com,gambling
betmarino702.com,gambling
betmarino703.com,gambling
betmarino704.com,gambling
betmarino705.com,gambling
betmarino706.com,gambling
betmarino709.com,gambling
betmarino710.com,gambling
betmarino711.com,gambling
betmarino712.com,gambling
betmarino713.com,gambling
betmarino714.com,gambling
betmarino715.com,gambling
betmarino725.com,gambling
betmarino726.com,gambling
betmarino727.com,gambling
betmarino728.com,gambling
betmaster.io,gambling
betmavera278.com,gambling
betmexicocasino.top,gambling
betmgm.com,gambling
betmgmpartners.com,gambling
betmines.com,gambling
betmoney193.com,gambling
betmoney196.com,gambling
betmoney201.com,gambling
betmoon559.com,gambling
betmoon583.com,gambling
betmotion.com,gambling
betmotioncasino.top,gambling
betnacional.com,gambling
betnano1482.direct,gambling
betnano1483.direct,gambling
betnano1484.direct,gambling
betnano1485.direct,gambling
betnano1486.direct,gambling
betnano1487.direct,gambling
betnano1488.direct,gambling
betnano1489.direct,gambling
betnano1490.direct,gambling
betnano1491.direct,gambling
betnano1492.direct,gambling
betnano1493.direct,gambling
betnano1494.direct,gambling
betnano1495.direct,gambling
betnet.fr,gambling
betnoel420.com,gambling
betnoel427.com,gambling
betnoel430.com,gambling
betobet.com,gambling
betoffice754.com,gambling
betoffice755.com,gambling
betoffice756.com,gambling
betoffice759.com,gambling
betoffice760.com,gambling
betoffice761.com,gambling
betoffice762.com,gambling
betoffice764.com,gambling
betoffice765.com,gambling
betoffice766.com,gambling
betoffice767.com,gambling
betoffice769.com,gambling
betoffice770.com,gambling
betoffice771.com,gambling
betoffice772.com,gambling
betoffice773.com,gambling
betoffice775.com,gambling
betoffice776.com,gambling
betoffice778.com,gambling
betoffice779.com,gambling
betoffice780.com,gambling
betonjudicasino.net,gambling
betonline.ag,gambling
betonredstag.com,gambling
betonsports.com,gambling
betonthegocasino.top,gambling
betorcasino.click,gambling
betorcasino.top,gambling
betosfer148.com,gambling
betosfer152.com,gambling
betosfer154.com,gambling
betosfer158.com,gambling
betosfer161.com,gambling
betosfer163.com,gambling
betosfer164.com,gambling
betoto.com,gambling
betoto.gr,gambling
betovis462.com,gambling
betovis463.com,gambling
betovis464.com,gambling
betovis465.com,gambling
betovis466.com,gambling
betpack.com,gambling
betparibu255.com,gambling
betparti120.com,gambling
betpawacasino.co.tz,gambling
betpipo359.com,gambling
betpipo360.com,gambling
betpipo361.com,gambling
betpipo362.com,gambling
betpipo364.com,gambling
betpipo367.com,gambling
betpipo368.com,gambling
betpipo372.com,gambling
betpipo373.com,gambling
betpipo374.com,gambling
betpipo375.com,gambling
betpipo379.com,gambling
betpipo380.com,gambling
betpix88.com,gambling
betplatinum.ag,gambling
betplay-casino.com,gambling
betplay.com.co,gambling
betplay.io,gambling
betprep.com,gambling
betprime.com,gambling
betpro.it,gambling
betpuan427.com,gambling
betpuan429.com,gambling
betpuan430.com,gambling
betpuan431.com,gambling
betpuan433.com,gambling
betpuan434.com,gambling
betpuan435.com,gambling
betpuan437.com,gambling
betpuan438.com,gambling
betpuan439.com,gambling
betpuan440.com,gambling
betpuan441.com,gambling
betpuan442.com,gambling
betpuan443.com,gambling
betpuan444.com,gambling
betpuan446.com,gambling
betpuan447.com,gambling
betpuan448.com,gambling
betpuan450.com,gambling
betpunt.com,gambling
betql.co,gambling
betrivers-casino.one,gambling
betrivers.com,gambling
betriyal215.com,gambling
betriyal216.com,gambling
betriyal222.com,gambling
betroad15.com,gambling
betroad156.com,gambling
betroad157.com,gambling
betroad16.com,gambling
betroad163.com,gambling
betroad165.com,gambling
betroad171.com,gambling
betroad19.com,gambling
betroad242.com,gambling
betroad8002.com,gambling
betroad8003.com,gambling
betroll.co.uk,gambling
betroomcasino.top,gambling
bets.net,gambling
bets10.io,gambling
bets10go.com,gambling
betsafe.com,gambling
betsafe.lv,gambling
betsafecasino.top,gambling
betsafesports.com,gambling
betsala11.com,gambling
betsamerica007.com,gambling
betsandreas-casino.com,gambling
betsandreascasino.com,gambling
betsblog.it,gambling
betscasino88.com,gambling
betscasinohotels.com,gambling
betscasinoonline.net,gambling
betshop.gr,gambling
betshopitalia.it,gambling
betso88-casino.com.ph,gambling
betso888-casino.me,gambling
betso89-casino.me,gambling
betsoftonlinecasinos.com,gambling
betsound42.com,gambling
betspinocasino.online,gambling
betsport.it,gambling
betsrv.com,gambling
betsson-casino.click,gambling
betsson.com,gambling
betsson.es,gambling
betsson.se,gambling
betsson1001.com,gambling
betsson37.com,gambling
betssoncasino.click,gambling
betssoncasino.com,gambling
betssoncasino.net,gambling
betssoncasino.top,gambling
betssoncasino.world,gambling
betssonecuador.ec,gambling
betstar.com.au,gambling
betstarcasino.co.ke,gambling
betstars.com,gambling
bettable.it,gambling
better-betting.com,gambling
better.it,gambling
bettercasino.top,gambling
bettercasinos.io,gambling
betterwaycasinos.com,gambling
betterworldcasinos.com,gambling
bettheglobe.com,gambling
betting-1xbet-casino.com,gambling
betting-1xbet-casino.ru,gambling
betting-app.in,gambling
betting-casino-1xbet.ru,gambling
betting-casinos.com,gambling
betting-mostbet-casino.com,gambling
betting-mostbet-casino.ru,gambling
betting-software.online,gambling
betting36.it,gambling
bettingcasinosites.in,gambling
bettingclube.org,gambling
bettingguide.com,gambling
bettinghouseslots.com,gambling
bettingpartners.com,gambling
bettingpros.com,gambling
bettingsgambling.com,gambling
bettingsite.com.au,gambling
bettingsports.com,gambling
bettingsure.it,gambling
bettuttur290.com,gambling
betuk.com,gambling
betus.com.pa,gambling
betusa.ag,gambling
betuscasino.com,gambling
betuscdn.com,gambling
betuwincasino.com,gambling
betvakti245.com,gambling
betvakti248.com,gambling
betvakti256.com,gambling
betvakti258.com,gambling
betvakti261.com,gambling
betvakti263.com,gambling
betvibecasino.com,gambling
betvictor.com,gambling
betvisa-casino.me,gambling
betvisacasino.click,gambling
betvisacasino.online,gambling
betvisacasino.top,gambling
betvulkans.com,gambling
betwarriorcasino.click,gambling
betwarriorcasino.space,gambling
betway.com,gambling
betway.de,gambling
betway.es,gambling
betwaycasino.be,gambling
betwaycasino.click,gambling
betwaycasino.top,gambling
betwaycasinos.click,gambling
betwin-poker.com,gambling
betwinner-android.ru,gambling
betwinner-playx.ru,gambling
betwinner.com,gambling
betwinnercasino.net,gambling
betwinnercasino.org,gambling
betwinnercasinos.com,gambling
betwinnergamble.ru,gambling
betwinnerr.in,gambling
betxline.com,gambling
betyap475.com,gambling
betzino-casino-france.com,gambling
betzinocasino.fr,gambling
betzone.com,gambling
betzula219.com,gambling
betzula220.com,gambling
betzula222.com,gambling
betzula224.com,gambling
betzula227.com,gambling
bewin.it,gambling
beyondblackjacks.com,gambling
beyondcasino.info,gambling
bezdep-bonuscasino10.xyz,gambling
bezoekcasino.com,gambling
big-1xslots.ru,gambling
big-casinoit.com,gambling
big-ptp.fr,gambling
big-top-casino.com,gambling
big5casinos.com,gambling
bigames.net,gambling
bigapple-casino.com,gambling
bigbachatmart.in,gambling
bigbcasino.net,gambling
bigbet.asia,gambling
bigbillsauto.com,gambling
bigbossgcasinoapp.com,gambling
bigcaesars.com,gambling
bigcardcasino.shop,gambling
bigcasino.top,gambling
bigcasinogames.online,gambling
bigcasinoslot.site,gambling
bigcasinoteam.com,gambling
bigcasinoworld.shop,gambling
bigcatcasino.com,gambling
bigceasers.com,gambling
bigcitysportsbook.com,gambling
bigdaddycasinoenligne.com,gambling
bigdaddycasinosportsbook.com,gambling
bigdaddycasinosportsbook.net,gambling
bigdealcasinos.com,gambling
bigdealcasinoschool.net,gambling
bigdollarcasino.top,gambling
bigfishcasino.com,gambling
biggamecasino.top,gambling
biggestusacasinos.com,gambling
bighandonlinecasinof.tech,gambling
bigkf8.com,gambling
bigmcasino.com,gambling
bigrankcasinopoker.shop,gambling
bigredcasino.com,gambling
bigrockcasino.com,gambling
bigshotcasinoi.fun,gambling
bigslotgamblercasino.site,gambling
bigslotsbonus.com,gambling
bigteasebingo.com,gambling
bigwagercasino.com,gambling
bigwin-casino.top,gambling
bigwin88casino.com,gambling
bigwins-casino.co.uk,gambling
bigwinscasino.uk,gambling
bikcasinogamesonline.com,gambling
bikinislots.com,gambling
billiardscasino.online,gambling
bilyoner.com,gambling
bimbiagiro.it,gambling
binancecasino.com,gambling
bingbongcasino.top,gambling
bingo-appy.com,gambling
bingo3x.com,gambling
bingoappy.com,gambling
bingocaesar.biz,gambling
bingocards.link,gambling
bingoclubcasino.com,gambling
bingofabulous.com,gambling
bingohearts.com,gambling
bingohollywood.com,gambling
bingola.com,gambling
bingoloft.com,gambling
bingonightcasino.shop,gambling
bingoonnet.net,gambling
bingopalace.com,gambling
bingoparlour.com,gambling
bingostreet.com,gambling
bingosupport.org,gambling
bingoterms.com,gambling
bingzino.com,gambling
binkcasino.com,gambling
biogaming.asia,gambling
biopark.org,drugs
biosmoke.com,drugs
biotogel.com,gambling
bircasinogiris.net,gambling
bisingsuaramusik.icu,gambling
bit-casino.kr,gambling
bit-casino.live,gambling
bitcasino-vn.top,gambling
bitcasino.io,gambling
bitcasinocoins.com,gambling
bitcasinofun.com,gambling
bitcasinoreview.com,gambling
bitcoin-casino-guide.com,gambling
bitcoin-casino.us,gambling
bitcoin-casino.win,gambling
bitcoinbillionairecasino.com,gambling
bitcoincashvideocasino.com,gambling
bitcoincasino-nl.top,gambling
bitcoincasino.io,gambling
bitcoincasino.tips,gambling
bitcoincasino.to,gambling
bitcoincasino.today,gambling
bitcoincasino.us,gambling
bitcoincasino101.com,gambling
bitcoincasinoaffiliates.com,gambling
bitcoincasinocanada.com,gambling
bitcoincasinocanada.pro,gambling
bitcoincasinokings.com,gambling
bitcoincasinolari.com,gambling
bitcoincasinolist.in,gambling
bitcoincasinonodepositbonus.com,gambling
bitcoincasinopik.com,gambling
bitcoincasinopro.com,gambling
bitcoincasinoreviews.net,gambling
bitcoincasinos.com,gambling
bitcoincasinos.top,gambling
bitcoincasinos.wiki,gambling
bitcoingambling.ltd,gambling
bitcoingambling.org,gambling
bitcoinslots.info,gambling
bitdreams-casino.com,gambling
bitdreams.com,gambling
bitesizebingo.com,gambling
bitgamble.org,gambling
bitokcasino.club,gambling
bitstarz-casino.world,gambling
bitstarz-casino24.top,gambling
bitstarz-casino25.top,gambling
bitstarz-casino26.top,gambling
bitstarz-casino27.top,gambling
bitstarz-casino28.ru,gambling
bitstarz.com,gambling
bitstarzcasino.ca,gambling
bitstarzcasino.org,gambling
bitstarzcasino.top,gambling
bitstarzonlinecasino.com,gambling
bittenvegas.com,gambling
bitz-best-casino.ru,gambling
bitz-casino.fun,gambling
bitzstarscasino.shop,gambling
bizarrefun.com,dangerous_material
bizone.8m.com,drugs
bizzo-casino.bet,gambling
bizzo-casino.biz,gambling
bizzo-casino.co.com,gambling
bizzo-casino.ink,gambling
bizzo-casino.top,gambling
bizzo-casino.world,gambling
bizzocasino-bonus.si,gambling
bizzocasino-hu.click,gambling
bizzocasino-luck.win,gambling
bizzocasino-pl.online,gambling
bizzocasino.click,gambling
bizzocasino.com,gambling
bizzocasino.top,gambling
bizzocasino.website,gambling
bizzocasino.world,gambling
bizzocasino2.com,gambling
bizzocasinobonus.pl,gambling
bizzocasinobonus.top,gambling
bizzocasinoesp.top,gambling
bizzocasinopokies.com,gambling
bizzocasinos.net,gambling
bizzoespcasino.top,gambling
bizzoocasino4.com,gambling
bjactpotcasino.online,gambling
bk-1win-zerkalo.ru,gambling
bk-1xbet.ru,gambling
bk1win.ru,gambling
bk8-casino.top,gambling
bk88slots.com,gambling
bk8casino.me,gambling
bk8casino.site,gambling
bk8casino.top,gambling
bkserieshd.live,gambling
black-jack-casino.com,gambling
blackberrybonuscasino.com,gambling
blackbirdbendcasinos.com,gambling
blackcasino.co,gambling
blackcatcasino.com,gambling
blackcatscasino.com,gambling
blackdiamond-casino.com,gambling
blackgoldcasino.net,gambling
blackjack-01.com,gambling
blackjack-casinos.org,gambling
blackjack-expert.be,gambling
blackjack-france.fr,gambling
blackjack-gratuit.com,gambling
blackjack-homepage.com,gambling
blackjack-masters.com,gambling
blackjack-on-line.it,gambling
blackjack-online.20m.com,gambling
blackjack-online.ca,gambling
blackjack-online21.com,gambling
blackjack-primer.com,gambling
blackjack-soft.com,gambling
blackjack-strategycard.com,gambling
blackjack-trainer.net,gambling
blackjack-trx.com,gambling
blackjack-vegas.de,gambling
blackjack.co.za,gambling
blackjack.com.au,gambling
blackjack.me,gambling
blackjack1.cc,gambling
blackjack101.biz,gambling
blackjack21.cz,gambling
blackjack77australia.com,gambling
blackjack77cameroon.com,gambling
blackjack77cote.com,gambling
blackjack77ghana.com,gambling
blackjack77mozambique.com,gambling
blackjack77nigeria.com,gambling
blackjack77spain.com,gambling
blackjack77zambia.com,gambling
blackjackadventures.com,gambling
blackjackballroom-casino.com,gambling
blackjackballroom.com,gambling
blackjackbattlefield.org,gambling
blackjackbee.com,gambling
blackjackblinds.com,gambling
blackjackcalculation.com,gambling
blackjackcanada.net,gambling
blackjackcasinobub.com,gambling
blackjackcasinoonlinereviews.com,gambling
blackjackchamp.com,gambling
blackjackcharters.com.au,gambling
blackjackcheatings.com,gambling
blackjackchimney.com,gambling
blackjackchoice.com,gambling
blackjackclassroom.com,gambling
blackjackcphuket.com,gambling
blackjackdc.com,gambling
blackjackdisposal.com,gambling
blackjackenduro.org,gambling
blackjacketcruizers.com,gambling
blackjacketgroup.com,gambling
blackjacketsymphony.com,gambling
blackjackexpert.com,gambling
blackjackfarm.org,gambling
blackjackfire.org,gambling
blackjackfuncasino.com,gambling
blackjackgamerules.com,gambling
blackjackhero.com,gambling
blackjackhitorstand.net,gambling
blackjackhorsemanship.com,gambling
blackjackhorticulture.com,gambling
blackjackinfo.com,gambling
blackjackit.com,gambling
blackjackjoe.com,gambling
blackjackmulligan.net,gambling
blackjacknet.pl,gambling
blackjackonline.live,gambling
blackjackonlineforrealmoney46.com,gambling
blackjackpalace.net,gambling
blackjackpersonalities.com,gambling
blackjackpizza.com,gambling
blackjackprofessor.com,gambling
blackjackranch.com,gambling
blackjackrat.com,gambling
blackjackrealmoney.co.za,gambling
blackjackregeln.com,gambling
blackjackrescue.org,gambling
blackjackreview.com,gambling
blackjacksclub.com,gambling
blackjackscript.com,gambling
blackjacksimulator.net,gambling
blackjacksite.net,gambling
blackjacksiteleri1.com,gambling
blackjackskema.dk,gambling
blackjacksmetaldetectors.com,gambling
blackjacksniper.com,gambling
blackjackspeedshop.com,gambling
blackjackspubandgrill.com,gambling
blackjacksteel.com,gambling
blackjackstories.com,gambling
blackjackstrategist.com,gambling
blackjacksuomi.com,gambling
blackjacktactics.com,gambling
blackjacktampa.com,gambling
blackjacktime.com,gambling
blackjacktipups.com,gambling
blackjacktirerepair.com,gambling
blackjacktrailerjacks.com.au,gambling
blackjackworldseries.net,gambling
blackjakecasino.site,gambling
blacklabelcasino.fr,gambling
blacklioncasino.com,gambling
blacklisted-casinos.com,gambling
blacklotuscasino.com,gambling
blacklotuscasino.org,gambling
blacklotuscasino.top,gambling
blackoakcasino.com,gambling
blackpanthercasino.com,gambling
blacktango.com,gambling
blacktiecasino.com,gambling
blastercasino.info,gambling
blaze-casino.top,gambling
blaze-casinos.com,gambling
blazecasino.top,gambling
blazingsevensonlinecasinoa.online,gambling
blesociacasino.us,gambling
blessedcasino.info,gambling
blindbetpoker.com,gambling
blisscasino.info,gambling
blitz.be,gambling
blitzcasino.top,gambling
blitzwincasino.com,gambling
blockchain-casino-us.top,gambling
blogjudi.com,gambling
blogonlinecasinos.com,gambling
blogsongambling.com,gambling
blondiecasino.com,gambling
blueberry-lefilm.com,gambling
bluechipcasino.com,gambling
bluechipcasino.website,gambling
bluediamondcasino.com,gambling
bluedoorlabs.com,gambling
bluegiantcasino.com,gambling
bluehoney.org,drugs
blueleo-casino.com,gambling
bluelight.nu,drugs
bluespin88casino.com,gambling
bluesq.com,gambling
bluesvillehorseshoe.com,gambling
bluewater-casino-resort.com,gambling
bluntbros.com,drugs
bng.games,gambling
boaboa-casino.top,gambling
boaboacasino.online,gambling
boaboacasino.top,gambling
boardscasino.info,gambling
boathousecasino.com,gambling
bob-casino.top,gambling
bobby-casino-australia.com,gambling
bobcasino.click,gambling
bobcasino.com,gambling
bobcasino.net,gambling
bobcasino.org,gambling
bobcasino.top,gambling
bobcasino.world,gambling
bobcasino27.com,gambling
bobcasino28.com,gambling
bodog-casino.top,gambling
bodog.com,gambling
bodog.eu,gambling
bodogcasino.com,gambling
bodogcasinoblog.com,gambling
bodoglife.com,gambling
bodybuildingandsteroids.com,drugs
boecasino.com,gambling
bofcasino.com,gambling
boffcasino.com,gambling
boho-casino-boho.com,gambling
bohocasino.app,gambling
bohocasino.com,gambling
bohocasinopokies.com,gambling
bokacasino.com,gambling
bokacasino.top,gambling
bokgwon.go.kr,gambling
bokhomacasino.com,gambling
bokucasino-uk.top,gambling
bokucasinos.ca,gambling
bolacasino.id,gambling
bolacasino88.info,gambling
bolacasino88.org,gambling
bolacasino88.site,gambling
bolacasinoslot.com,gambling
bollywodcasino.in,gambling
bollywood-amp-casino.ru,gambling
bollywood-casino.com,gambling
bollywood-casino.mobi,gambling
bollywood-casino.today,gambling
bollywoodcasinos.online,gambling
bollywoodcasinowin.ru,gambling
boltcasinos.com,gambling
bolvatecasino.com,gambling
bom777casino.com,gambling
bonanzaslots.ru,gambling
bondibetcasino.org,gambling
bonescasino.xyz,gambling
bongshop.co.uk,drugs
bono-casino-sin-deposito-peru.com,gambling
bonodecasinos.com,gambling
bonoscasino-es.com,gambling
bonoscasinos.online,gambling
bonosindepositocasinos.net,gambling
bonoslots2024.online,gambling
bons-casino-korea.com,gambling
bons-casino-online.com,gambling
bons-casino.in,gambling
bons-casinos.com,gambling
bonscasino-online.com,gambling
bonscasinos.fr,gambling
bonus-365-casino.me,gambling
bonus-bobcasino.com,gambling
bonus-casino-1win.com.br,gambling
bonus-casino-1win.ru,gambling
bonus-casino-free.com,gambling
bonus-casino-shans30.ru,gambling
bonus-casino-website.com,gambling
bonus-casino-xbet.ru,gambling
bonus-casino.be,gambling
bonus-casinox680.ru,gambling
bonus-casinozer.com,gambling
bonus-jeu-casino.com,gambling
bonus-jeux-casino-poker.com,gambling
bonus-joycasino452.ru,gambling
bonus-veren-casino-siteleri.com,gambling
bonus.express,gambling
bonus888h.com,gambling
bonusatcasino.com,gambling
bonusaupoker.com,gambling
bonusbet.co.tz,gambling
bonuscasino.click,gambling
bonuscasino.me,gambling
bonuscasino.net,gambling
bonuscasino.shop,gambling
bonuscasino.site,gambling
bonuscasinodeals.com,gambling
bonuscasinofiable.com,gambling
bonuscasinohub.online,gambling
bonuscasinos24.com,gambling
bonuscasinossites.com,gambling
bonuscasinossites.net,gambling
bonusfreecasino.com,gambling
bonusjoycasino.top,gambling
bonusonlinecasino24.com,gambling
bonuspluscasino.monsite.orange.fr,gambling
bonusria.online,gambling
bonusuricasino.ro,gambling
bonusverencasinositelerim.com,gambling
boo-casino.top,gambling
boocasino.click,gambling
boocasino.top,gambling
boocasino.vip,gambling
boocasinomex.top,gambling
boocasinoo.com,gambling
booi-casino-24.com,gambling
booi-casino-brasil.com,gambling
booi-casino-fhy.top,gambling
booi-casino-i4k.top,gambling
booi-casino-nkn.buzz,gambling
booi-casino-offsite.ru,gambling
booi-casino-promo.ru,gambling
booi-casino-s.ru,gambling
booi-casino-s.site,gambling
booi-casino-tlk.online,gambling
booi-casino-ujb.buzz,gambling
booi-casino-ujc.buzz,gambling
booi-casino-ujm.buzz,gambling
booi-casino-ujn.buzz,gambling
booi-casino-uwb.top,gambling
booi-casino-vhod.ru,gambling
booi-casino-zerkalo.ru,gambling
booi-casino.bar,gambling
booi-casino.info,gambling
booi-casino.tech,gambling
booi-casino.top,gambling
booi-casino.uno,gambling
booi-casino040.buzz,gambling
booi-casino0a.buzz,gambling
booi-casino0b.buzz,gambling
booi-casino0bgs.xyz,gambling
booi-casino0c.buzz,gambling
booi-casino0d.buzz,gambling
booi-casino0e.buzz,gambling
booi-casino0f.buzz,gambling
booi-casino0g.buzz,gambling
booi-casino0h.buzz,gambling
booi-casino0i.buzz,gambling
booi-casino0i5.buzz,gambling
booi-casino0j.buzz,gambling
booi-casino0k.buzz,gambling
booi-casino0m.buzz,gambling
booi-casino0n.buzz,gambling
booi-casino0o.buzz,gambling
booi-casino0o4.ru,gambling
booi-casino0p.buzz,gambling
booi-casino0q.buzz,gambling
booi-casino0r.buzz,gambling
booi-casino0s.buzz,gambling
booi-casino0t.buzz,gambling
booi-casino0u.buzz,gambling
booi-casino0v.buzz,gambling
booi-casino0w.buzz,gambling
booi-casino0wu.ru,gambling
booi-casino0x.buzz,gambling
booi-casino0y.buzz,gambling
booi-casino0z.buzz,gambling
booi-casino1.ru,gambling
booi-casino13.ru,gambling
booi-casino143.xyz,gambling
booi-casino195.ru,gambling
booi-casino1e.buzz,gambling
booi-casino1hxf.xyz,gambling
booi-casino1i.buzz,gambling
booi-casino1le.xyz,gambling
booi-casino1o.buzz,gambling
booi-casino1p.buzz,gambling
booi-casino1q.buzz,gambling
booi-casino1r.buzz,gambling
booi-casino1u.buzz,gambling
booi-casino1w.buzz,gambling
booi-casino1y.buzz,gambling
booi-casino1zn.ru,gambling
booi-casino21.buzz,gambling
booi-casino22.buzz,gambling
booi-casino23.buzz,gambling
booi-casino24.buzz,gambling
booi-casino24.ru,gambling
booi-casino25.buzz,gambling
booi-casino26.buzz,gambling
booi-casino26m.buzz,gambling
booi-casino27.buzz,gambling
booi-casino28.buzz,gambling
booi-casino29.buzz,gambling
booi-casino29l5.xyz,gambling
booi-casino2bs.ru,gambling
booi-casino2ey.xyz,gambling
booi-casino2jy.ru,gambling
booi-casino2uq.ru,gambling
booi-casino30.buzz,gambling
booi-casino30n.ru,gambling
booi-casino31.buzz,gambling
booi-casino31b.buzz,gambling
booi-casino32.buzz,gambling
booi-casino33.buzz,gambling
booi-casino34.buzz,gambling
booi-casino35.buzz,gambling
booi-casino36.buzz,gambling
booi-casino37.buzz,gambling
booi-casino38.buzz,gambling
booi-casino39.buzz,gambling
booi-casino3di.ru,gambling
booi-casino3zt.xyz,gambling
booi-casino40.buzz,gambling
booi-casino41.buzz,gambling
booi-casino42.buzz,gambling
booi-casino43.buzz,gambling
booi-casino45.buzz,gambling
booi-casino46.buzz,gambling
booi-casino47.buzz,gambling
booi-casino476.buzz,gambling
booi-casino48.buzz,gambling
booi-casino49.buzz,gambling
booi-casino4cc.buzz,gambling
booi-casino4h2.ru,gambling
booi-casino4kd.ru,gambling
booi-casino5.ru,gambling
booi-casino50.buzz,gambling
booi-casino51.buzz,gambling
booi-casino51r.xyz,gambling
booi-casino52.buzz,gambling
booi-casino54.buzz,gambling
booi-casino55.buzz,gambling
booi-casino5az.ru,gambling
booi-casino5dm.buzz,gambling
booi-casino607.ru,gambling
booi-casino68t.xyz,gambling
booi-casino6cx.ru,gambling
booi-casino6en5.xyz,gambling
booi-casino6i7.ru,gambling
booi-casino6p0.buzz,gambling
booi-casino70.buzz,gambling
booi-casino71.buzz,gambling
booi-casino71k.ru,gambling
booi-casino72.buzz,gambling
booi-casino73.buzz,gambling
booi-casino74.buzz,gambling
booi-casino75.buzz,gambling
booi-casino76.buzz,gambling
booi-casino77.buzz,gambling
booi-casino79.buzz,gambling
booi-casino7hm.ru,gambling
booi-casino7hpp.xyz,gambling
booi-casino7j7.buzz,gambling
booi-casino7tv.ru,gambling
booi-casino80.buzz,gambling
booi-casino800r.xyz,gambling
booi-casino80b.xyz,gambling
booi-casino81.buzz,gambling
booi-casino82.buzz,gambling
booi-casino82e.ru,gambling
booi-casino83.buzz,gambling
booi-casino83w.ru,gambling
booi-casino84.buzz,gambling
booi-casino85.buzz,gambling
booi-casino86.buzz,gambling
booi-casino87.buzz,gambling
booi-casino88.buzz,gambling
booi-casino89.buzz,gambling
booi-casino8kr.xyz,gambling
booi-casino90.buzz,gambling
booi-casino91.buzz,gambling
booi-casino92.buzz,gambling
booi-casino93.buzz,gambling
booi-casino94.buzz,gambling
booi-casino95.buzz,gambling
booi-casino96.buzz,gambling
booi-casino97.buzz,gambling
booi-casino98.buzz,gambling
booi-casino98f.buzz,gambling
booi-casino98s.ru,gambling
booi-casino99.buzz,gambling
booi-casino9jy.xyz,gambling
booi-casino9rq.ru,gambling
booi-casino9yay.xyz,gambling
booi-casinoa.buzz,gambling
booi-casinob.buzz,gambling
booi-casinoe.buzz,gambling
booi-casinoi.buzz,gambling
booi-casinol.buzz,gambling
booi-casinom.buzz,gambling
booi-casinon.buzz,gambling
booi-casinop.buzz,gambling
booi-casinor.buzz,gambling
booi-casinor.com,gambling
booi-casinoru.com,gambling
booi-casinot.buzz,gambling
booi-casinou.buzz,gambling
booi-casinov.buzz,gambling
booi-casinow.buzz,gambling
booi-casinox.buzz,gambling
booi-casinoy.buzz,gambling
booi-casinoz.buzz,gambling
booi-casinoz.com,gambling
booi-gambling.top,gambling
booi-online-casino.com,gambling
booi-slotstop.ru,gambling
booicasino-24.info,gambling
booicasino-aoq.top,gambling
booicasino-aut.top,gambling
booicasino-azf.top,gambling
booicasino-bky.top,gambling
booicasino-cb.top,gambling
booicasino-clg.top,gambling
booicasino-cti.top,gambling
booicasino-daf.top,gambling
booicasino-dna.top,gambling
booicasino-egx.top,gambling
booicasino-epa.top,gambling
booicasino-ept.top,gambling
booicasino-exl.top,gambling
booicasino-fiv.top,gambling
booicasino-fmj.top,gambling
booicasino-fmr.top,gambling
booicasino-fsc.top,gambling
booicasino-fwm.top,gambling
booicasino-fym.top,gambling
booicasino-gdl.top,gambling
booicasino-gne.top,gambling
booicasino-hht.top,gambling
booicasino-ipa.top,gambling
booicasino-jb.xyz,gambling
booicasino-jvw.top,gambling
booicasino-jyr.top,gambling
booicasino-kgz.top,gambling
booicasino-kjo.top,gambling
booicasino-kjs.buzz,gambling
booicasino-kpe.top,gambling
booicasino-kpg.top,gambling
booicasino-lhh.top,gambling
booicasino-lmi.top,gambling
booicasino-lug.top,gambling
booicasino-lxh.top,gambling
booicasino-mrd.top,gambling
booicasino-msc.top,gambling
booicasino-mvl.top,gambling
booicasino-mym.top,gambling
booicasino-ngm.top,gambling
booicasino-nme.top,gambling
booicasino-nrw.top,gambling
booicasino-odz.top,gambling
booicasino-official.me,gambling
booicasino-official1.space,gambling
booicasino-official1.website,gambling
booicasino-ofi.xyz,gambling
booicasino-ofi3.fun,gambling
booicasino-oib.top,gambling
booicasino-poz.top,gambling
booicasino-psi.top,gambling
booicasino-qal.top,gambling
booicasino-qbl.top,gambling
booicasino-qfs.top,gambling
booicasino-qhy.top,gambling
booicasino-rol.top,gambling
booicasino-rql.top,gambling
booicasino-rrh.top,gambling
booicasino-rrr.top,gambling
booicasino-s.site,gambling
booicasino-snc.top,gambling
booicasino-ucx.top,gambling
booicasino-uie.top,gambling
booicasino-ulq.top,gambling
booicasino-vft.top,gambling
booicasino-vm.top,gambling
booicasino-wah.top,gambling
booicasino-wgw.top,gambling
booicasino-wtj.top,gambling
booicasino-xdt.top,gambling
booicasino-xib.top,gambling
booicasino-xni.top,gambling
booicasino-xqt.top,gambling
booicasino-xsu.top,gambling
booicasino-ymq.top,gambling
booicasino-yvw.top,gambling
booicasino-zan.top,gambling
booicasino-zkj.top,gambling
booicasino-zpb.top,gambling
booicasino-zpv.top,gambling
booicasino-zuu.top,gambling
booicasino-zxh.top,gambling
booicasino.games,gambling
booicasino.tech,gambling
booicasino.world,gambling
booicasinof2.site,gambling
booicasinogo.site,gambling
booicasinoplay.ru,gambling
booicasinoplays.ru,gambling
booicasinoreg1.site,gambling
booicasinos.ru,gambling
booicasinox.ru,gambling
booislots-top.ru,gambling
booislots.net,gambling
booislotstop.ru,gambling
book-of-aztec-casino.com,gambling
bookies.com,gambling
bookmaker-1win.ru,gambling
bookmaker.com,gambling
bookofdeadslotsites.com,gambling
bookofra-casino.org,gambling
bookpulseofvegas.com,gambling
booksforgamblers.com,gambling
booksscasinos.com,gambling
booloto.com,gambling
boom-casino.top,gambling
boom188-casino.me,gambling
boom188casino.me,gambling
boombangcasino.top,gambling
boomcasino.click,gambling
boomcasino.com,gambling
boomcasino.top,gambling
boomer.casino,gambling
boomerang-casino-top.com,gambling
boomerang-casino.com,gambling
boomerang-casino.si,gambling
boomerang-casino.top,gambling
boomerang-casino1.com,gambling
boomerang-casino4.com,gambling
boomerang-casinos.com,gambling
boomerangcasino.click,gambling
boomerangcasino.one,gambling
boomerangcasino.top,gambling
boomerangcasinode.com,gambling
boomtowncasino.co.uk,gambling
boooi-casino-s.ru,gambling
boooicasinos.com,gambling
boooicasinos.net,gambling
booqie33casino.com,gambling
boostcasino.top,gambling
booter.in,dangerous_material
bora-casino.com,gambling
bordertowncasinorv.com,gambling
borgata.tel,gambling
borgatacasino.com,gambling
borgatanightlife.tel,gambling
borgatanitelife.com,gambling
borgataonline.com,gambling
borgataonlinecasinousa.com,gambling
borgatapoker.com,gambling
bosjoko39201.com,gambling
bostoncasinoparties.com,gambling
botangslots.com,gambling
botemaniacasino.click,gambling
bounty-casino.de,gambling
bounty-casino.info,gambling
bounty-casino.ninja,gambling
bounty.gg,gambling
bountycasinoo.ru,gambling
bountycasinotop.ru,gambling
bountycasinowin.ru,gambling
bountycasinowins.ru,gambling
boutique-cadeaux.info-commerce.fr,gambling
bovada.lv,gambling
bovadacasino.cc,gambling
bovadacasino.com,gambling
bovegascasino.top,gambling
bovegasgo.com,gambling
bowmanbet.com,gambling
box24casino-au.com,gambling
box24mobilecasino.com,gambling
boyacasino2024.com,gambling
boyanaga24.com,gambling
boydapi.com,gambling
boydgaming.com,gambling
boylesports.com,gambling
bp777casino.com,gambling
bp77casino.online,gambling
bp77casino.top,gambling
bp9casino.co,gambling
bplay.bet.ar,gambling
bplaysantafecasino-ar.top,gambling
bplaysantafecasino.top,gambling
bpsgameserver.com,gambling
br-playpix.com,gambling
braininjurysupport.org,gambling
brango-casino.top,gambling
brango-casino.us,gambling
brangocasino.co.uk,gambling
brangocasino.games,gambling
brangocasino.top,gambling
brangocasino.world,gambling
brasvenskacasinon.se,gambling
brazilbonuscasino.com,gambling
brazilcasinolicense.com,gambling
brazilgamblinglicense.com,gambling
braziltopcasino.com,gambling
brazino-777casino.top,gambling
brazino777-casino.org,gambling
brazino777.online,gambling
brazino777casino.online,gambling
brazino777casino.top,gambling
briancbennett.com,drugs
brigadacasino.com,gambling
brightcasino.xyz,gambling
brightshare.com,gambling
brightstarcasino.com,gambling
brilliantcasinos.com,gambling
brillx-casino2.ru,gambling
brillxcasino.info,gambling
bringobingo.com,gambling
britecasinoutansvensklicens.se,gambling
british-casino-bonuses.com,gambling
britishcasinoguide.com,gambling
britishslots.net,gambling
browncowbingo.com,gambling
browsercasino.info,gambling
browsercasinomonaco.com,gambling
bruce-casino.net,gambling
bruno-casino-france.com,gambling
bruno-casino-france.net,gambling
brunocasino.click,gambling
brunocasino.com,gambling
brunocasino.top,gambling
brunocasino.world,gambling
brunoslots.com,gambling
bstcasinos.com,gambling
btcasino.net,gambling
btccasino.ltd,gambling
btccasinoguide.com,gambling
btccasinonews.com,gambling
btccasinos.ltd,gambling
btggaming.com,gambling
bubblesbetcasino.uk,gambling
bublikcasino2.ru,gambling
bubusurf.fr,gambling
buch-slots.de,gambling
buckscasino.info,gambling
bucksempirescasino1.com,gambling
buckyscasino.com,gambling
buddybetscasino.com,gambling
buddyslots.com,gambling
budsmoker.com,drugs
buenavidafoco.com,gambling
buffalo-casino.com,gambling
buildabong.com,drugs
buitenlandcasino.net,gambling
buitenlandseonlinecasinos.org,gambling
bukmeker-1win.ru,gambling
bulandhl.com,gambling
bullcasino24.net,gambling
bullruncasinos.com,gambling
bullsbet.io,gambling
bumbet.com,gambling
bundesliga6.at,gambling
bundesliga6.com,gambling
bundesliga6.de,gambling
buran-casino.top,gambling
burancasino.click,gambling
burancasino.com,gambling
burancasino.top,gambling
burlonecasino.com,gambling
bursajudibola.com,gambling
buscocasinos.com,gambling
busines-rox-casino.club,gambling
busines-rox-casino.com,gambling
busines-roxcasino.top,gambling
bustabit.com,gambling
bustadice.com,gambling
butchthegambler.com,gambling
buumicasino.top,gambling
buusticasino.top,gambling
buveurs.com,drugs
buydutchseeds.com,drugs
buydutchseeds.fr,drugs
buzzcasino.com,gambling
bw-prm.com,gambling
bw777-casino.com.ph,gambling
bw777casino.com.ph,gambling
bw777casino.ph,gambling
bwbt365ok.com,gambling
bwcasino.ph,gambling
bwin-casino.top,gambling
bwin-casino.world,gambling
bwin-party.cm,gambling
bwin.be,gambling
bwin.com,gambling
bwin.com.ar,gambling
bwin.de,gambling
bwin.dk,gambling
bwin.fr,gambling
bwin.it,gambling
bwin.org,gambling
bwin.sk,gambling
bycasino.icu,gambling
bycasino.pro,gambling
bycasino.vip,gambling
bycasino72.com,gambling
bycasino74.com,gambling
bycasino76.com,gambling
bycasinoapp.com,gambling
bycasinodenemebonusu.com,gambling
bycasinogir.com,gambling
bycasinoguncelgiris.com,gambling
bycasinoslot.com,gambling
bycasinotv26.com,gambling
bycasinotv38.com,gambling
bycasinotv44.com,gambling
byrdmancasinotrips.com,gambling
bysimondunn.com,gambling
byu-777-casino.me,gambling
bywaysresourcecenter.org,gambling
c-bet-casino-france.com,gambling
c-casino-es.com,gambling
c0mment-gagner.org,gambling
c54casino.com,gambling
ca.org,drugs
caaesarbingo.com,gambling
caaesarpoker.com,gambling
caaesarpoker.net,gambling
caasarbingo.net,gambling
caasarpoker.com,gambling
caasarpoker.net,gambling
cabanacasino.com,gambling
cabarino.com,gambling
cacasinosonline.ca,gambling
cachecasinolasvegas.com,gambling
cacheeuro-casinos.net,gambling
cachewww.cpays.com,gambling
cadeaux-poker.com,gambling
cadillacjacksresort.com,gambling
cadomagic.com,gambling
cadoola-casino.top,gambling
cadoolacasino.online,gambling
cadoolacasino.top,gambling
caesars.com,gambling
caesars.okta.com,gambling
caesarscasino.com,gambling
caesarscasinos.com,gambling
caesarsfordanville.com,gambling
caesarspalacecasinoe.store,gambling
caesarspalaceevents.com,gambling
caesarspalacefreeslots.com,gambling
caesarstravelpartners.com,gambling
caesarswembley.biz,gambling
caesersentertainment.biz,gambling
cafecasino.com,gambling
cafecasino.lv,gambling
cafecasino.uk,gambling
cafemirage.com,gambling
cahalenandeli.com,gambling
calgarycasinoparty.com,gambling
calibry-casino.ru,gambling
caliente-casino.mx,gambling
caliente.mx,gambling
calientecasinoa.com,gambling
calientecasinoenlinea.mx,gambling
calientecasinoresorts.com,gambling
calientecasinosresorts.com,gambling
calientecasinosresorts.net,gambling
californiacasino.com,gambling
calottery.com,gambling
camelbet-casino.top,gambling
cameocasino-fr.com,gambling
campbellriverchances.ca,gambling
campeonbet.com,gambling
campioncasino1.ru,gambling
campobet.com,gambling
campuspokermasters.com,gambling
canabis-graine.com,drugs
canabissimo.free.fr,drugs
canada-casino-online.pro,gambling
canadacasino.net,gambling
canadacasino10top.com,gambling
canadacasino9.com,gambling
canadacasinobitcoin.com,gambling
canadacasinogame.com,gambling
canadacasinoguides.com,gambling
canadacasinohub.com,gambling
canadacasinoonline.org,gambling
canadacasinoparty.com,gambling
canadacasinoreviews.net,gambling
canadacasinos.live,gambling
canadacasinosonline.com,gambling
canadacryptocasino.com,gambling
canadaluxcasino.com,gambling
canadaonlinecasinos.com,gambling
canadasportsandcasino.com,gambling
canadatop10casinos.com,gambling
canadian-casino-bonuses.com,gambling
canadian-soccer.com,gambling
canadianbestcasino.ca,gambling
canadianbestcasino.com,gambling
canadiancasinocollege.com,gambling
canadiancasinoonline.org,gambling
canadiancasinoreview.com,gambling
canadiancasinosonline.ca,gambling
canadianonlinecasinos.net,gambling
canadiens-casinoclub.org,gambling
canadscasinos.info,gambling
cancasinos.ca,gambling
candycasino.biz,gambling
candycasino107.com,gambling
candycasino108.com,gambling
candycasino109.com,gambling
candycasino111.com,gambling
candycasino112.com,gambling
candycasino114.com,gambling
candycasino117.com,gambling
candycasino121.com,gambling
candycasino122.com,gambling
candycasinoo.site,gambling
candylandcasino.top,gambling
canlcasino.icu,gambling
canlicasino-best.com,gambling
canlicasino.tech,gambling
canlicasino.xyz,gambling
canlicasino25.com,gambling
canlicasinom.com,gambling
canlicasinomax.com,gambling
canlicasinositelerim.com,gambling
canlicasinotr.com,gambling
canna.com,drugs
cannabean.com,drugs
cannabiculteur.com,drugs
cannabinoid.com,drugs
cannabinoidsociety.org,drugs
cannabis-belgie.com,drugs
cannabis-city.org,drugs
cannabis-seedbank.nl,drugs
cannabis-seeds-nirvana.com,drugs
cannabis-seeds.cc,drugs
cannabis-test.net,drugs
cannabis-videos.com,drugs
cannabis.ca.tc,drugs
cannabis.com,drugs
cannabis.fr.pl,drugs
cannabiscafe.com,drugs
cannabiscookbook.blogspot.com,drugs
cannabisculture.com,drugs
cannabisheaven.co.uk,drugs
cannabiskultur.net,drugs
cannabislink.ca,drugs
cannabisnews.com,drugs
cannabisnews.org,drugs
cannabistop100.com,drugs
cannabistrot.net,drugs
cannabizz.com,drugs
cannaboutique.com,drugs
cannafest.com,drugs
cannaweb.ch,drugs
cannaweed.com,drugs
cannaweed.ebsd.net,drugs
cannerycasino.com,gambling
canniseeds.co.uk,drugs
capecodwampanoagcasino.com,gambling
capewinemarathon.co.za,gambling
capitolbet307.com,gambling
capitolbet319.com,gambling
capitolbet323.com,gambling
capitolbet325.com,gambling
capitolbet326.com,gambling
capitolbet332.com,gambling
captain-casino.com,gambling
captain-cooks-casino.ca,gambling
captain-cookscasino.top,gambling
captaincookcasino.top,gambling
captaincooks.casino,gambling
captaincookscasino.com,gambling
captaincookscasino.top,gambling
captainfreecasino.com,gambling
captaingamble.com,gambling
captainjack-casino.com,gambling
captainjackcasino.org,gambling
captainjackcasino.top,gambling
capunghitam.info,gambling
capungzeus.site,gambling
caramainjudibola.com,gambling
caramenangtaruhanbola.com,gambling
caramenangtogel.com,gambling
carbondmp.com,gambling
carbonpoker.com,gambling
cardcasino.sk,gambling
careolder.com,gambling
caribbeannightscasino.com,gambling
caribbeanstarcasino.com,gambling
caribbeanstudpokerrule.com,gambling
caribbeansunpoker.com,gambling
caribbeantreasurecasino.com,gambling
caribeapuesta.com,gambling
caripoker88.id,gambling
carlos-furniture.com,gambling
carmocasinoslot.site,gambling
carousel-casino.online,gambling
carousel.be,gambling
carouselcasino.top,gambling
carrerashipicas.net,gambling
carribbeanpoker.co.uk,gambling
cartoonfile.net,gambling
carwrapsza.co.za,gambling
casagrandebets.com,gambling
casasdeapuestas.bet,gambling
cascadescasino.ca,gambling
cashback-casino-online.com,gambling
cashbetortaklik.com,gambling
cashbigcasino.com,gambling
cashbigcasino.online,gambling
cashbigdcasino.shop,gambling
cashbreak.com,gambling
cashcasino.us,gambling
cashcasinobets.com,gambling
cashcasinoslot.com,gambling
cashcitycasino.com,gambling
cashclic.fr,gambling
cashcoincasino.com,gambling
cashercasinoseo.com,gambling
cashmoneycasino.shop,gambling
cashmoneycasinoe.shop,gambling
cashmonsterscasino.com,gambling
cashpointcafecasinoa.online,gambling
cashpot-casino.top,gambling
cashpot.fr,gambling
cashpotcasino.click,gambling
cashpotcasino.top,gambling
cashpottcasino.site,gambling
cashwin569.com,gambling
cashwin570.com,gambling
cashwin571.com,gambling
cashwin572.com,gambling
cashwin573.com,gambling
cashwin574.com,gambling
cashwin575.com,gambling
cashwin578.com,gambling
cashzillacasino.com,gambling
casiblu151.com,gambling
casiblu161.com,gambling
casiblu162.com,gambling
casiblu163.com,gambling
casiblu174.com,gambling
casiblu186.com,gambling
casiblu198.com,gambling
casibom.com,gambling
casibom.vip,gambling
casibom404.com,gambling
casibom414.com,gambling
casibom427.com,gambling
casibom437.com,gambling
casibom439.com,gambling
casibom442.com,gambling
casibom443.com,gambling
casibom462.com,gambling
casibom479.com,gambling
casibom488.com,gambling
casibom489.com,gambling
casibom492.com,gambling
casibom511.com,gambling
casibom522.com,gambling
casibom530.com,gambling
casibom532.com,gambling
casibom533.com,gambling
casibom558.com,gambling
casibom575.com,gambling
casibom589.com,gambling
casibom597.com,gambling
casilimecasino.top,gambling
casimbacasino.top,gambling
casiniacasino.de,gambling
casiniacasino.top,gambling
casino----rating.ru,gambling
casino---frank.ru,gambling
casino--bonus.com,gambling
casino--s-frank.ru,gambling
casino--xxx.ru,gambling
casino-1-win.com,gambling
casino-1-win.fun,gambling
casino-1-win.pw,gambling
casino-1-win.site,gambling
casino-1-win.space,gambling
casino-1-win.website,gambling
casino-1.online,gambling
casino-1.ru,gambling
casino-114.com,gambling
casino-1win-bonus.ru,gambling
casino-1win-in.com,gambling
casino-1win-info.ru,gambling
casino-1win-kr.com,gambling
casino-1win-kz.ru,gambling
casino-1win-obzor.ru,gambling
casino-1win.xyz,gambling
casino-1xbet-ar.com,gambling
casino-1xbet-bangladesh.com,gambling
casino-1xbet-bd.com,gambling
casino-1xbet-en.com,gambling
casino-1xbet-fa.com,gambling
casino-1xbet-fr.com,gambling
casino-1xbet-kz.ru,gambling
casino-1xbet-news.ru,gambling
casino-1xbet-obzor.ru,gambling
casino-1xbet-ua.com,gambling
casino-1xbet.bar,gambling
casino-1xbet.click,gambling
casino-1xbet.top,gambling
casino-1xslots.bid,gambling
casino-21dukes.com,gambling
casino-4fun.com,gambling
casino-555.com,gambling
casino-7.com,gambling
casino-777-pokerdom.fun,gambling
casino-777.cz,gambling
casino-7aff.com,gambling
casino-7cc.net,gambling
casino-7cc.pro,gambling
casino-7k-24.com,gambling
casino-7k.space,gambling
casino-7k1.ru,gambling
casino-7p.com,gambling
casino-7q.com,gambling
casino-7r.com,gambling
casino-7s.com,gambling
casino-7slots-online.biz,gambling
casino-7slots-online.click,gambling
casino-7slots-online.link,gambling
casino-7slots-online.rocks,gambling
casino-7slots-online.vip,gambling
casino-7slots-online.wiki,gambling
casino-7t.com,gambling
casino-7u.com,gambling
casino-7v.com,gambling
casino-7w.com,gambling
casino-7y.com,gambling
casino-7z.com,gambling
casino-88.online,gambling
casino-88.org,gambling
casino-888.click,gambling
casino-888.org,gambling
casino-888.top,gambling
casino-absolut.club,gambling
casino-ace.co.uk,gambling
casino-admiral-slot.org,gambling
casino-admiral-xxx.top,gambling
casino-admiral-zerkalo.net,gambling
casino-admiral.city,gambling
casino-admiral.online,gambling
casino-admiral777.bike,gambling
casino-admiral777.biz,gambling
casino-admiral777.info,gambling
casino-admiral777.link,gambling
casino-admiralxxx.com,gambling
casino-adrenaline.net,gambling
casino-aff-programs.com,gambling
casino-affiliate-programs-review.com,gambling
casino-afrique.com,gambling
casino-agency.shop,gambling
casino-aladdin-web.com,gambling
casino-albersdorf.de,gambling
casino-and-bets-pinup1.com,gambling
casino-and-casinos.com,gambling
casino-aplay.live,gambling
casino-app.ca,gambling
casino-apps.in,gambling
casino-aquijuego.top,gambling
casino-argent-canadien.com,gambling
casino-arlequin-france.com,gambling
casino-armenia.com,gambling
casino-arpa.com,gambling
casino-astoria.kz,gambling
casino-atlantis.com,gambling
casino-auf-officia1.ru,gambling
casino-aurora.biz,gambling
casino-aurora.monster,gambling
casino-australia-online.com,gambling
casino-automatenspiele.org,gambling
casino-azino777.bid,gambling
casino-azino777.bike,gambling
casino-azino777.cfd,gambling
casino-azino777.email,gambling
casino-baccara.com,gambling
casino-baden-baden.de,gambling
casino-bahisiteleri.com,gambling
casino-bambet.com,gambling
casino-bc.com,gambling
casino-belgique.be,gambling
casino-best-rating.top,gambling
casino-beste.com,gambling
casino-bet-pin-up-br.com,gambling
casino-bet-pin-up-brasil.com,gambling
casino-bet-rede.com,gambling
casino-bet.net,gambling
casino-bet365.world,gambling
casino-betandreas.com,gambling
casino-betway.com,gambling
casino-blast.net,gambling
casino-blitz-france.com,gambling
casino-blog.link,gambling
casino-bloggen.se,gambling
casino-board.net,gambling
casino-bob.de,gambling
casino-bonukset.fi,gambling
casino-bonukset24.com,gambling
casino-bonus-1win.ru,gambling
casino-bonus-free-money.com,gambling
casino-bonus-info.co.uk,gambling
casino-bonus-ohne-einzahlung.net,gambling
casino-bonus-slovenija.com,gambling
casino-bonus-website.com,gambling
casino-bonus.club,gambling
casino-bonus.nz,gambling
casino-bonusarna.se,gambling
casino-boom.net,gambling
casino-brango.net,gambling
casino-brango.org,gambling
casino-brango.us,gambling
casino-broceliande.com,gambling
casino-bruno.com,gambling
casino-caliente.com.mx,gambling
casino-camelbet.top,gambling
casino-cash.ru,gambling
casino-casino.uk,gambling
casino-castle.shop,gambling
casino-casumo.com,gambling
casino-cat.net,gambling
casino-cat.shop,gambling
casino-champion-24.com,gambling
casino-champion-mirror.pw,gambling
casino-champion.beauty,gambling
casino-champion.bond,gambling
casino-champion.click,gambling
casino-champion.io,gambling
casino-champion1.com,gambling
casino-check.fun,gambling
casino-check.net,gambling
casino-chemp.biz,gambling
casino-chempion-official-2023.win,gambling
casino-chempion-official.ru,gambling
casino-chempion-officialnyi-2023.win,gambling
casino-chempion-onlajn777.win,gambling
casino-chempion.info,gambling
casino-chempion854.win,gambling
casino-choice.com,gambling
casino-citycenteronline.top,gambling
casino-clic-france.com,gambling
casino-clic.com,gambling
casino-club.com,gambling
casino-club.top,gambling
casino-clubnika.games,gambling
casino-clubnika.org,gambling
casino-clubrn.com.ar,gambling
casino-codes.org,gambling
casino-columbus.autos,gambling
casino-columbus.beauty,gambling
casino-columbus.biz,gambling
casino-comparatif.fr,gambling
casino-comparatif.org,gambling
casino-crazytime.com,gambling
casino-cresus-france.com,gambling
casino-daddy.org,gambling
casino-danawa.com,gambling
casino-day.shop,gambling
casino-de-france.com,gambling
casino-de-luxe.com,gambling
casino-delrio.com,gambling
casino-dengi.me,gambling
casino-dengi.online,gambling
casino-dengi.site,gambling
casino-detectives.com,gambling
casino-dom.ru,gambling
casino-dragon-money.live,gambling
casino-dragon-money.pro,gambling
casino-dragon-money.space,gambling
casino-dragon-money.today,gambling
casino-drift-2022-15.top,gambling
casino-drift-2022-7.top,gambling
casino-drift-2022-8.top,gambling
casino-drift-2022-9.top,gambling
casino-drift.live,gambling
casino-drift.pw,gambling
casino-du-jour.com,gambling
casino-easy.shop,gambling
casino-echt-geld.nl,gambling
casino-eldorado-club.ru,gambling
casino-eldorado-zerkalo.ru,gambling
casino-eldorado.company,gambling
casino-eldorado.online,gambling
casino-eldorado.pro,gambling
casino-eldorado.ru,gambling
casino-eldorado.top,gambling
casino-eldorado2.ru,gambling
casino-en-888casino.site,gambling
casino-en-betway.site,gambling
casino-en-ggbet.site,gambling
casino-en-jackpotcity.site,gambling
casino-en-ligne-francais.org,gambling
casino-en-ligne.fr.vu,gambling
casino-en-ligne.info,gambling
casino-en-ligne.website,gambling
casino-en-linea.co,gambling
casino-en-luxurycasino.site,gambling
casino-en-mariacasino.site,gambling
casino-en-mostbet.site,gambling
casino-enlinea.net,gambling
casino-entrar-pin-up.com,gambling
casino-estoril.pt,gambling
casino-estrella.com,gambling
casino-estrellas.com,gambling
casino-europe.eu,gambling
casino-extreme.net,gambling
casino-extreme.org,gambling
casino-fair-go.com,gambling
casino-fair.co.uk,gambling
casino-fame.com,gambling
casino-faqs.com,gambling
casino-fast-pay.online,gambling
casino-fiables.be,gambling
casino-for-gaming.com,gambling
casino-fr-bonus.com,gambling
casino-fr-online.info,gambling
casino-free-bonus.co.uk,gambling
casino-free-chips.com,gambling
casino-french.com,gambling
casino-fresh-iqs.club,gambling
casino-fresh-iqs1.top,gambling
casino-fresh-tdmvs.top,gambling
casino-fresh.best,gambling
casino-fresh.center,gambling
casino-fresh.email,gambling
casino-friday.top,gambling
casino-friends-777.fun,gambling
casino-friends.club,gambling
casino-friends.co,gambling
casino-friends.ink,gambling
casino-friends.online,gambling
casino-friends.pro,gambling
casino-friends.store,gambling
casino-friends.website,gambling
casino-friends.xyz,gambling
casino-fuera-de-espana.com,gambling
casino-fun-cash.com,gambling
casino-gama-2s.com,gambling
casino-gama.biz,gambling
casino-gama.com,gambling
casino-gama.ru,gambling
casino-gambling.net,gambling
casino-game-pinup.com,gambling
casino-game-tfx.com,gambling
casino-game.co.uk,gambling
casino-games-free.com,gambling
casino-games-station.com,gambling
casino-games.my,gambling
casino-gameside.online,gambling
casino-gameside1.online,gambling
casino-gaming-guide.com,gambling
casino-gaming.com,gambling
casino-ganaencasa.top,gambling
casino-ggbet-kz.ru,gambling
casino-ggbet.pro,gambling
casino-giris-2024.com,gambling
casino-giris-turkiye.com,gambling
casino-giris2024.com,gambling
casino-glory.com,gambling
casino-glory.in,gambling
casino-gold.top,gambling
casino-gold.vip,gambling
casino-golden-poker.be,gambling
casino-golder.xyz,gambling
casino-goldfishka.best,gambling
casino-goldfishka.com,gambling
casino-goldfishka.info,gambling
casino-goldfishka.vip,gambling
casino-goldi.xyz,gambling
casino-goldis.xyz,gambling
casino-golds.xyz,gambling
casino-goldup.xyz,gambling
casino-gor1lla.net,gambling
casino-gorylla.com,gambling
casino-grand.bid,gambling
casino-grand.life,gambling
casino-grand.link,gambling
casino-gratuit.ch,gambling
casino-ground.games,gambling
casino-ground.xyz,gambling
casino-grounds.com,gambling
casino-groups.com,gambling
casino-guide.dk,gambling
casino-haus.games,gambling
casino-haus.online,gambling
casino-haus.pro,gambling
casino-highroller.se,gambling
casino-holic.com,gambling
casino-hotelklimbo.com,gambling
casino-hotspot.online,gambling
casino-hype.online,gambling
casino-i-mobilen.nu,gambling
casino-ice.online,gambling
casino-ice.top,gambling
casino-ice.website,gambling
casino-icecasino.nl,gambling
casino-iceland.com,gambling
casino-imperator.cam,gambling
casino-imperator.info,gambling
casino-in-linea.it.st,gambling
casino-in-toronto.com,gambling
casino-in.gr,gambling
casino-infinity-gr.com,gambling
casino-info-bn.com,gambling
casino-info-xbet.ru,gambling
casino-insider.eu,gambling
casino-internet.info,gambling
casino-ios.top,gambling
casino-italia.com,gambling
casino-izi.kz,gambling
casino-izi1t.com,gambling
casino-izzi-hnpromo.club,gambling
casino-izzi.kz,gambling
casino-izzi.org,gambling
casino-izzi10.top,gambling
casino-izzi102.top,gambling
casino-izzi11.top,gambling
casino-izzi13.top,gambling
casino-izzi14.top,gambling
casino-izzi15.top,gambling
casino-izzi16.top,gambling
casino-izzi17.top,gambling
casino-izzi18.ru,gambling
casino-izzi18.top,gambling
casino-izzi19.ru,gambling
casino-izzi1t.com,gambling
casino-izzi20.ru,gambling
casino-izzi21.ru,gambling
casino-izzi3.top,gambling
casino-izzi4.top,gambling
casino-izzi6.top,gambling
casino-izzi9.top,gambling
casino-jackpotcity.org,gambling
casino-jax-australia.com,gambling
casino-jet-qiwc.club,gambling
casino-jet-qiwc.top,gambling
casino-jet-rubl.ru,gambling
casino-jet.top,gambling
casino-jet1.top,gambling
casino-jet2.top,gambling
casino-jeux-argent.fr,gambling
casino-joy.bid,gambling
casino-joy.cam,gambling
casino-joy.city,gambling
casino-joy.click,gambling
casino-joy.co,gambling
casino-joy.cool,gambling
casino-joy.rocks,gambling
casino-joy.xyz,gambling
casino-joycasino682.ru,gambling
casino-kantonese.com,gambling
casino-kartenspiele.com,gambling
casino-kassel.de,gambling
casino-kent-online.com,gambling
casino-kent.click,gambling
casino-kent.live,gambling
casino-kent.today,gambling
casino-kent13.xyz,gambling
casino-kent14.xyz,gambling
casino-kent15.xyz,gambling
casino-kent16.xyz,gambling
casino-kent17.xyz,gambling
casino-kent18.xyz,gambling
casino-kent20.xyz,gambling
casino-kent21.xyz,gambling
casino-kent22.xyz,gambling
casino-kent23.xyz,gambling
casino-kent24.xyz,gambling
casino-kent26.xyz,gambling
casino-kent27.xyz,gambling
casino-kometa.info,gambling
casino-kometa.kz,gambling
casino-kometa2024.ru,gambling
casino-kometas.ru,gambling
casino-korea.com,gambling
casino-kroon.nl,gambling
casino-kroon.org,gambling
casino-kz-vavada.kz,gambling
casino-labs.shop,gambling
casino-lalabet.com,gambling
casino-lalabet.nl,gambling
casino-land.net,gambling
casino-lastschrift.com,gambling
casino-lasvegas-live.com,gambling
casino-latvia.com,gambling
casino-legzo.top,gambling
casino-legzo.vip,gambling
casino-leon-84je.biz,gambling
casino-leon-kaqr.xyz,gambling
casino-leon-l7e8.lol,gambling
casino-leon-q1os.buzz,gambling
casino-leon-vnbp.top,gambling
casino-leon.click,gambling
casino-leon.gr,gambling
casino-leon.org,gambling
casino-leon.wiki,gambling
casino-leon11.site,gambling
casino-leon12.site,gambling
casino-leon13.site,gambling
casino-leon14.site,gambling
casino-leon15.site,gambling
casino-leon16.site,gambling
casino-leon32.xyz,gambling
casino-leon33.xyz,gambling
casino-light.com,gambling
casino-linea-espana.com,gambling
casino-lucky-jet.com,gambling
casino-luxembourg.lu,gambling
casino-luxor.net,gambling
casino-m-hub.com,gambling
casino-madrid.com,gambling
casino-magnit.net,gambling
casino-magyar.com,gambling
casino-magyck.com,gambling
casino-mate.online,gambling
casino-mate2.com,gambling
casino-mateau.com,gambling
casino-maxbet-zerkalo10.top,gambling
casino-maxbet.com,gambling
casino-maxbet.pro,gambling
casino-maxbetenter.win,gambling
casino-maxi.com.tr,gambling
casino-maxi.top,gambling
casino-maximum.fun,gambling
casino-maximum.site,gambling
casino-maximum.space,gambling
casino-maxslots.online,gambling
casino-med-kortbetalning.se,gambling
casino-med-paylevo.se,gambling
casino-med-swish.top,gambling
casino-mega.net,gambling
casino-mega.pl,gambling
casino-melbet-eg.com,gambling
casino-melbet.biz,gambling
casino-melbet.club,gambling
casino-melbet.co,gambling
casino-melbet.ink,gambling
casino-melbet.live,gambling
casino-mers-1.online,gambling
casino-mers1.online,gambling
casino-met-afterpay.top,gambling
casino-met-paypal.com,gambling
casino-mexico.com,gambling
casino-midas.es,gambling
casino-midas.top,gambling
casino-mit-gewinnchance.com,gambling
casino-mit-klarna.top,gambling
casino-mit-paysafecard.top,gambling
casino-mit-rapidtransfer.top,gambling
casino-monster.com,gambling
casino-mosbet-ru.com,gambling
casino-mosbet.com,gambling
casino-mosbet.net,gambling
casino-most-bet-apk.ru,gambling
casino-most-bet-app.ru,gambling
casino-most-bet.ru,gambling
casino-mostbet-app.ru,gambling
casino-mostbet-ar.com,gambling
casino-mostbet-bd.com,gambling
casino-mostbet-en.com,gambling
casino-mostbet-fr.com,gambling
casino-mostbet-info.ru,gambling
casino-mostbet-kz.com,gambling
casino-mostbet-kz.ru,gambling
casino-mostbet-obzor.ru,gambling
casino-mostbet-pl.com,gambling
casino-mostbet-uz.com,gambling
casino-mostbet.ink,gambling
casino-mostbet.live,gambling
casino-mostbet.press,gambling
casino-my.fun,gambling
casino-n1.top,gambling
casino-n1bet.com,gambling
casino-nadengi.pro,gambling
casino-navigator3.online,gambling
casino-navigator4.online,gambling
casino-navigator6.online,gambling
casino-nepal.online,gambling
casino-netgame.ru,gambling
casino-new-pin-up.ru,gambling
casino-new-pinup.ru,gambling
casino-new.xyz,gambling
casino-newretro.ru,gambling
casino-news-xbet.ru,gambling
casino-nomad-club.kz,gambling
casino-nomad-kz.ru,gambling
casino-nomad.kz,gambling
casino-nomini.net,gambling
casino-non-aams.io,gambling
casino-not-on-gamstop.ltd,gambling
casino-now.nl,gambling
casino-oasis.com,gambling
casino-obzor-bn.com,gambling
casino-odds.co.uk,gambling
casino-olimpo.top,gambling
casino-on-line.com,gambling
casino-onboard.com,gambling
casino-onion.fun,gambling
casino-onion.space,gambling
casino-online-app.ph,gambling
casino-online-ar.net,gambling
casino-online-australia.net,gambling
casino-online-bet.info,gambling
casino-online-casinos.com,gambling
casino-online-fr.site,gambling
casino-online-gambling.org,gambling
casino-online-hu.site,gambling
casino-online-hy.site,gambling
casino-online-iceland.com,gambling
casino-online-italiani.com,gambling
casino-online-jackpot.com,gambling
casino-online-melbet11.ru,gambling
casino-online-nou-ro.com,gambling
casino-online-on-line.com,gambling
casino-online-pl.site,gambling
casino-online-roulette.com,gambling
casino-online-sk.site,gambling
casino-online-us.com,gambling
casino-online.cam,gambling
casino-online.com,gambling
casino-online.fr,gambling
casino-online.ie,gambling
casino-online24.cl,gambling
casino-oranje.org,gambling
casino-osterreich-online.net,gambling
casino-ozwin.com,gambling
casino-panett.com,gambling
casino-paris-hotel.com,gambling
casino-pariswin.com,gambling
casino-partner.org,gambling
casino-partouche.com,gambling
casino-partouche.mobi,gambling
casino-pelican-top.com,gambling
casino-pharaonvhod.com,gambling
casino-pin-up-bet-br.com,gambling
casino-pin-up-bet.com,gambling
casino-pin-up-giris.com,gambling
casino-pin-up-officialsites777-win.win,gambling
casino-pin-up-online.com,gambling
casino-pin-up-site12.top,gambling
casino-pin-up-sitesofficial5-win.win,gambling
casino-pin-up-sitesofficial7-win.win,gambling
casino-pin-up.ca,gambling
casino-pin-up.com,gambling
casino-pin-up.com.br,gambling
casino-pin-up.top,gambling
casino-pin-upsiteofficialnui6-win.win,gambling
casino-pinup-777-10.top,gambling
casino-pinup-dice.com,gambling
casino-pinup-jackpot.com,gambling
casino-pinup-kz.ru,gambling
casino-pinup-official245-win.win,gambling
casino-pinup-pay.com,gambling
casino-pinup-reg.com,gambling
casino-pinup-royal.com,gambling
casino-pinup-site13.top,gambling
casino-pinup-site267.win,gambling
casino-pinup-uk.com,gambling
casino-pinup.ca,gambling
casino-pinup.com.tr,gambling
casino-pinup21.club,gambling
casino-pinup457.win,gambling
casino-pinup577.win,gambling
casino-pinup7.top,gambling
casino-pinup82.top,gambling
casino-pinup86.top,gambling
casino-pinupcash.ru,gambling
casino-pinupofficialnii777-win.win,gambling
casino-pinupofficialniio777-win.win,gambling
casino-pinupofficialnui777-win.win,gambling
casino-pinupofficialnui777.win,gambling
casino-pinupofficialnuiy777-win.win,gambling
casino-pinupofficialny777-win.win,gambling
casino-planner.com,gambling
casino-platinum24.net,gambling
casino-play-fortuna.live,gambling
casino-play.nu,gambling
casino-playfortuna.ltd,gambling
casino-playfortuna02ls.com,gambling
casino-playfortuna0lb8.com,gambling
casino-playfortuna0xl4.com,gambling
casino-playfortuna16lk.com,gambling
casino-playfortuna61lp.com,gambling
casino-playfortuna654.ru,gambling
casino-playfortuna7ld0.com,gambling
casino-playfortuna9fl1.com,gambling
casino-playfortunal0e6.com,gambling
casino-playfortunal0r3.com,gambling
casino-playfortunals09.com,gambling
casino-plus-casino.me,gambling
casino-plus-phaa.com,gambling
casino-poker.ch,gambling
casino-pokerdom-top.ru,gambling
casino-pokerdom-weq.buzz,gambling
casino-pokerdom-zerkalo.fun,gambling
casino-pokerdom.club,gambling
casino-pokerdom.net,gambling
casino-pornic.com,gambling
casino-portlanouvelle.fr,gambling
casino-portugal-pt.com,gambling
casino-portugal.com.pt,gambling
casino-portugal.info,gambling
casino-portugal.io,gambling
casino-portugal.pt,gambling
casino-pp.net,gambling
casino-professor.com,gambling
casino-pros.com,gambling
casino-r.com.ua,gambling
casino-r7-online.ru,gambling
casino-r7.click,gambling
casino-r7.life,gambling
casino-r7.site,gambling
casino-ranked.com,gambling
casino-rankings.com,gambling
casino-rating-best2.win,gambling
casino-rating-best23.win,gambling
casino-rating-best6.win,gambling
casino-rating-best9.win,gambling
casino-rating.in,gambling
casino-realmoney.com,gambling
casino-rentable.com,gambling
casino-review-au.org,gambling
casino-review.us,gambling
casino-reviews.in,gambling
casino-reviews.wiki,gambling
casino-revue.com,gambling
casino-rex.top,gambling
casino-reyting.online,gambling
casino-richards.com,gambling
casino-ride.com,gambling
casino-riobet.biz,gambling
casino-riobet.com,gambling
casino-riobet.net,gambling
casino-riobet.org,gambling
casino-roll.com,gambling
casino-rox.biz,gambling
casino-rox.ink,gambling
casino-rox.wiki,gambling
casino-roxofficial.net,gambling
casino-ru.net,gambling
casino-rubet.com,gambling
casino-run.com,gambling
casino-runet.pw,gambling
casino-rus.net,gambling
casino-scam-alert.com,gambling
casino-schweiz-online.net,gambling
casino-score.me,gambling
casino-searcher.com,gambling
casino-selector.biz,gambling
casino-selector.wiki,gambling
casino-setmaster.online,gambling
casino-sexy.net,gambling
casino-sh.de,gambling
casino-sicuro.it,gambling
casino-sieger.top,gambling
casino-site.ru,gambling
casino-siteleri-guvenilir.com,gambling
casino-sites.uk,gambling
casino-slot.me,gambling
casino-slot.net,gambling
casino-slot.online,gambling
casino-slotmachine.org,gambling
casino-slotozal.cam,gambling
casino-slotozal.com,gambling
casino-slotozal.info,gambling
casino-slotozal.ink,gambling
casino-slotozal.live,gambling
casino-slotozal.ru,gambling
casino-slotozal.wiki,gambling
casino-slots-guide.com,gambling
casino-slots-jogo.com,gambling
casino-slots-top.com,gambling
casino-slots.in,gambling
casino-slots.pro,gambling
casino-slots24.com,gambling
casino-slots777.com,gambling
casino-soft.net,gambling
casino-sol-asia.top,gambling
casino-sol-oflcial2.ru,gambling
casino-sol-online.com,gambling
casino-sol-slav1.top,gambling
casino-sol-slav2.top,gambling
casino-sol-slava-a.club,gambling
casino-sol.ink,gambling
casino-sol.rocks,gambling
casino-sotv.club,gambling
casino-space.online,gambling
casino-spin.de,gambling
casino-spinaway.com,gambling
casino-spinsup.com,gambling
casino-sportsbetting-directory.com,gambling
casino-spots.com,gambling
casino-star.info,gambling
casino-starda.club,gambling
casino-stavka.org,gambling
casino-stavki.com,gambling
casino-stream.xyz,gambling
casino-super-cat.com,gambling
casino-surfer.com,gambling
casino-sverige.nu,gambling
casino-system.se,gambling
casino-th.co,gambling
casino-tiger.com.ar,gambling
casino-times.com,gambling
casino-tischspiele.com,gambling
casino-titanic.com,gambling
casino-today.net,gambling
casino-today.ru,gambling
casino-top-kz.com,gambling
casino-top-play.ru,gambling
casino-top.fr,gambling
casino-top.xyz,gambling
casino-top6.com,gambling
casino-tophotelnow.com,gambling
casino-topp5.se,gambling
casino-tr-2024.com,gambling
casino-tr.icu,gambling
casino-tr.top,gambling
casino-tropez-fr.com,gambling
casino-turkey-bet.com,gambling
casino-turkiye.info,gambling
casino-twin.fun,gambling
casino-twin.site,gambling
casino-twin.space,gambling
casino-twin.uk,gambling
casino-udachivulkan.com,gambling
casino-uden-rofus.co,gambling
casino-uden-rofus.online,gambling
casino-udenlandsk.net,gambling
casino-unique.nl,gambling
casino-unique.org,gambling
casino-unlim-1.click,gambling
casino-us-casino.com,gambling
casino-utan-registrering.io,gambling
casino-utan-svensk-licens.com,gambling
casino-utan-svensk-licens.games,gambling
casino-utan-svensk-licens.net,gambling
casino-utan-svensk-spellicens.com,gambling
casino-utansvensklicens.net,gambling
casino-uzbekistan.com,gambling
casino-uzbekistan.org,gambling
casino-vavada-online.com,gambling
casino-vavada-online.net,gambling
casino-vavada-online.org,gambling
casino-vavada-sites535.win,gambling
casino-vavada-sites551.win,gambling
casino-vavada-zerkalo.com,gambling
casino-vavada.name,gambling
casino-vavada.org,gambling
casino-vavada.today,gambling
casino-vegas.org,gambling
casino-vip.xyz,gambling
casino-virtuel.ch,gambling
casino-virtuelle.com,gambling
casino-vodka-1s.top,gambling
casino-vodka.com,gambling
casino-vodka.ru,gambling
casino-vodka.top,gambling
casino-volna-2023.top,gambling
casino-volna.com,gambling
casino-volna.com.ua,gambling
casino-volna.info,gambling
casino-volna.kz,gambling
casino-volna.net,gambling
casino-volna.org,gambling
casino-volna.pro,gambling
casino-volna.ru,gambling
casino-volna1.kz,gambling
casino-volna2.ru,gambling
casino-volna2023.top,gambling
casino-vts.com,gambling
casino-vulcan-officia22.win,gambling
casino-vulcan-officia27.win,gambling
casino-vulcan-officia87.win,gambling
casino-vulcan-official-ru11.win,gambling
casino-vulcan-official4.win,gambling
casino-vulcan-official6.win,gambling
casino-vulcan.dance,gambling
casino-vulcan.dev,gambling
casino-vulcan.page,gambling
casino-vulcan.party,gambling
casino-vulcan.xyz,gambling
casino-vulkan-online.net,gambling
casino-vulkan-stars.org,gambling
casino-vulkan.com,gambling
casino-vulkan25.org,gambling
casino-vulkanhill.com,gambling
casino-ways.co.uk,gambling
casino-webcam.shop,gambling
casino-webmoney.org,gambling
casino-website.co.uk,gambling
casino-welcome-bonuses.info,gambling
casino-winner.net,gambling
casino-wise.com,gambling
casino-wisonline.ru,gambling
casino-with-paypal.com,gambling
casino-woohoo.net,gambling
casino-world.co.uk,gambling
casino-x-27.com,gambling
casino-x-28.club,gambling
casino-x-365.com,gambling
casino-x-app.ru,gambling
casino-x-asg.top,gambling
casino-x-avtomaty.press,gambling
casino-x-bej.buzz,gambling
casino-x-bek.buzz,gambling
casino-x-bez.buzz,gambling
casino-x-blog.com,gambling
casino-x-blog.ru,gambling
casino-x-casinox.com,gambling
casino-x-caz2.fun,gambling
casino-x-cfe.buzz,gambling
casino-x-com-zerkalo.ru,gambling
casino-x-com1.xyz,gambling
casino-x-cool2.fun,gambling
casino-x-cpd.buzz,gambling
casino-x-cpf.buzz,gambling
casino-x-cpg.buzz,gambling
casino-x-cph.buzz,gambling
casino-x-cpj.buzz,gambling
casino-x-cpk.buzz,gambling
casino-x-cps.buzz,gambling
casino-x-cpz.buzz,gambling
casino-x-enigma.xyz,gambling
casino-x-ethereal.win,gambling
casino-x-fantasy.win,gambling
casino-x-for-sol2.ru,gambling
casino-x-for-sol3.ru,gambling
casino-x-gam.fun,gambling
casino-x-gfu.buzz,gambling
casino-x-gfy.buzz,gambling
casino-x-gla.fun,gambling
casino-x-gla1.fun,gambling
casino-x-gla3.fun,gambling
casino-x-go1.fun,gambling
casino-x-good2.fun,gambling
casino-x-han.buzz,gambling
casino-x-htg.buzz,gambling
casino-x-hth.buzz,gambling
casino-x-hts.cfd,gambling
casino-x-kvw.buzz,gambling
casino-x-link.ru,gambling
casino-x-ljs.fun,gambling
casino-x-lux2.fun,gambling
casino-x-mirror.xyz,gambling
casino-x-mtp.site,gambling
casino-x-now.ru,gambling
casino-x-official-ru742.win,gambling
casino-x-official-site3.win,gambling
casino-x-official-sites.ru,gambling
casino-x-official-top48.win,gambling
casino-x-official2.ru,gambling
casino-x-official734.win,gambling
casino-x-official793.win,gambling
casino-x-official96.win,gambling
casino-x-officialniy412.win,gambling
casino-x-officialnyi4.win,gambling
casino-x-officialsites8.win,gambling
casino-x-oficialnyj-site2.win,gambling
casino-x-oficialnyj-site557.win,gambling
casino-x-oficialnyjsite541.win,gambling
casino-x-online.beauty,gambling
casino-x-online.bid,gambling
casino-x-online.bond,gambling
casino-x-online.city,gambling
casino-x-online.cloud,gambling
casino-x-onlines.com,gambling
casino-x-play2.xyz,gambling
casino-x-plm.buzz,gambling
casino-x-pln.buzz,gambling
casino-x-pro214.win,gambling
casino-x-qun.site,gambling
casino-x-rch.fun,gambling
casino-x-rch1.fun,gambling
casino-x-rch2.fun,gambling
casino-x-rfs.fun,gambling
casino-x-russ1.fun,gambling
casino-x-sait3.top,gambling
casino-x-sait531.win,gambling
casino-x-sait631.win,gambling
casino-x-sayt-oflcialnly7.ru,gambling
casino-x-sayt.xyz,gambling
casino-x-sayt4.top,gambling
casino-x-sayti.xyz,gambling
casino-x-shadow.xyz,gambling
casino-x-site-top1.win,gambling
casino-x-site12.win,gambling
casino-x-site17.win,gambling
casino-x-site178.win,gambling
casino-x-site179.win,gambling
casino-x-site242.win,gambling
casino-x-site457.win,gambling
casino-x-site561.win,gambling
casino-x-site777.win,gambling
casino-x-site86.win,gambling
casino-x-site985.win,gambling
casino-x-site987.win,gambling
casino-x-slot566.win,gambling
casino-x-slots-online33.ru,gambling
casino-x-slots1.fun,gambling
casino-x-slt.fun,gambling
casino-x-slt1.fun,gambling
casino-x-spot.ru,gambling
casino-x-top3.win,gambling
casino-x-top45.win,gambling
casino-x-top47.win,gambling
casino-x-txb.cfd,gambling
casino-x-vin1.fun,gambling
casino-x-vip145.win,gambling
casino-x-vre.buzz,gambling
casino-x-vry.buzz,gambling
casino-x-win.fun,gambling
casino-x-win.top,gambling
casino-x-win1.top,gambling
casino-x-x.ru,gambling
casino-x-xvz.fun,gambling
casino-x-zds3.fun,gambling
casino-x-zerkala1.fun,gambling
casino-x-zerkalo08k.buzz,gambling
casino-x-zerkalo11vp.xyz,gambling
casino-x-zerkalo17.buzz,gambling
casino-x-zerkalo19.buzz,gambling
casino-x-zerkalo1x5z.buzz,gambling
casino-x-zerkalo2.win,gambling
casino-x-zerkalo20.buzz,gambling
casino-x-zerkalo22.buzz,gambling
casino-x-zerkalo28.buzz,gambling
casino-x-zerkalo29.buzz,gambling
casino-x-zerkalo2ie.buzz,gambling
casino-x-zerkalo30.buzz,gambling
casino-x-zerkalo31.buzz,gambling
casino-x-zerkalo32.buzz,gambling
casino-x-zerkalo33.buzz,gambling
casino-x-zerkalo34.buzz,gambling
casino-x-zerkalo35.buzz,gambling
casino-x-zerkalo36.buzz,gambling
casino-x-zerkalo37.buzz,gambling
casino-x-zerkalo38.buzz,gambling
casino-x-zerkalo39.buzz,gambling
casino-x-zerkalo40.buzz,gambling
casino-x-zerkalo41.buzz,gambling
casino-x-zerkalo42.buzz,gambling
casino-x-zerkalo43.buzz,gambling
casino-x-zerkalo44.buzz,gambling
casino-x-zerkalo45.buzz,gambling
casino-x-zerkalo46.buzz,gambling
casino-x-zerkalo464.buzz,gambling
casino-x-zerkalo47.buzz,gambling
casino-x-zerkalo48.buzz,gambling
casino-x-zerkalo49.buzz,gambling
casino-x-zerkalo4fvu.xyz,gambling
casino-x-zerkalo697c.xyz,gambling
casino-x-zerkalo79k.buzz,gambling
casino-x-zerkalo8bf.xyz,gambling
casino-x-zerkalo8tn6.xyz,gambling
casino-x-zerkalo9il.xyz,gambling
casino-x-zfd.buzz,gambling
casino-x-zone.ru,gambling
casino-x-zrk.fun,gambling
casino-x-zrk1.fun,gambling
casino-x.com,gambling
casino-x.cool,gambling
casino-x.in,gambling
casino-x.top,gambling
casino-x1.info,gambling
casino-x1200.ru,gambling
casino-x12125.win,gambling
casino-x124.win,gambling
casino-x1289.com,gambling
casino-x1291.com,gambling
casino-x1292.com,gambling
casino-x1294.com,gambling
casino-x1295.com,gambling
casino-x1296.com,gambling
casino-x1297.com,gambling
casino-x1298.com,gambling
casino-x1298.win,gambling
casino-x1299.com,gambling
casino-x131.win,gambling
casino-x141.win,gambling
casino-x1553.win,gambling
casino-x1555.win,gambling
casino-x179.win,gambling
casino-x198.win,gambling
casino-x1x.ru,gambling
casino-x215.xyz,gambling
casino-x2153.win,gambling
casino-x223.win,gambling
casino-x2256.win,gambling
casino-x247.win,gambling
casino-x26.win,gambling
casino-x260.ru,gambling
casino-x289.win,gambling
casino-x359.win,gambling
casino-x373.win,gambling
casino-x42.win,gambling
casino-x451.win,gambling
casino-x461.win,gambling
casino-x464.win,gambling
casino-x4768.win,gambling
casino-x514.xyz,gambling
casino-x552.win,gambling
casino-x5551.win,gambling
casino-x571.win,gambling
casino-x573.win,gambling
casino-x575.win,gambling
casino-x6156.win,gambling
casino-x678.win,gambling
casino-x69.win,gambling
casino-x748.ru,gambling
casino-x749.ru,gambling
casino-x750.ru,gambling
casino-x758.win,gambling
casino-x759.win,gambling
casino-x77.ru,gambling
casino-x775.ru,gambling
casino-x83.win,gambling
casino-x851.win,gambling
casino-x86.win,gambling
casino-x871.xyz,gambling
casino-x874.top,gambling
casino-x885.win,gambling
casino-x900.ru,gambling
casino-x965.win,gambling
casino-xbet-info.ru,gambling
casino-xbet-inform.ru,gambling
casino-xbet-news.ru,gambling
casino-xi4.xyz,gambling
casino-xo101.com,gambling
casino-xo102.com,gambling
casino-xo103.com,gambling
casino-xo104.com,gambling
casino-xo105.com,gambling
casino-xo106.com,gambling
casino-xo107.com,gambling
casino-xo108.com,gambling
casino-xo109.com,gambling
casino-xo110.com,gambling
casino-xofficial.ru,gambling
casino-xofficial1.win,gambling
casino-xofficial5.win,gambling
casino-xofficial7.win,gambling
casino-xplay280.ru,gambling
casino-xzerkalo.ru,gambling
casino-xzerkalo23.win,gambling
casino-xzerkalo3-win.win,gambling
casino-yabby.net,gambling
casino-zer-fr.com,gambling
casino-zeus-app.pro,gambling
casino-zeus.com,gambling
casino-zeus.io,gambling
casino.co.uk,gambling
casino.com,gambling
casino.com.ro,gambling
casino.edu.kg,gambling
casino.education,gambling
casino.fr,gambling
casino.free-money.co.uk,gambling
casino.guide,gambling
casino.guru,gambling
casino.help,gambling
casino.info,gambling
casino.net.gr,gambling
casino.nl,gambling
casino.online,gambling
casino.org,gambling
casino.plein.nl,gambling
casino.rodeo,gambling
casino.ru,gambling
casino0009.xyz,gambling
casino003.com,gambling
casino0999.xyz,gambling
casino0nline.club,gambling
casino0nline.info,gambling
casino0nline.net,gambling
casino0nline.org,gambling
casino0nline.xyz,gambling
casino1.id,gambling
casino1.lol,gambling
casino100.ru,gambling
casino1000.info,gambling
casino101.se,gambling
casino10top.com,gambling
casino111slot.com,gambling
casino111slot.net,gambling
casino123.asia,gambling
casino123.fun,gambling
casino12345.com,gambling
casino128slot.com,gambling
casino128slot.net,gambling
casino131bet.co,gambling
casino132.co,gambling
casino138.club,gambling
casino138.shop,gambling
casino1388.com,gambling
casino13online.com,gambling
casino168slot.co,gambling
casino177.org,gambling
casino178.net,gambling
casino178.org,gambling
casino189.xyz,gambling
casino199.net,gambling
casino1s-vodka.top,gambling
casino1win-8618.ru,gambling
casino1win-officialsite.cfd,gambling
casino1win-officialsite.fun,gambling
casino1win-officialsite.gives,gambling
casino1win-officialsite.link,gambling
casino1win.net,gambling
casino1win.ru,gambling
casino2007.biz,gambling
casino2018.se,gambling
casino2021bet.com,gambling
casino2023win2.com,gambling
casino21.com,gambling
casino222.game,gambling
casino222.org,gambling
casino222a.com,gambling
casino222c.com,gambling
casino222d.com,gambling
casino222g.com,gambling
casino222h.com,gambling
casino222i.com,gambling
casino222j.com,gambling
casino222k.com,gambling
casino222l.com,gambling
casino222m.com,gambling
casino222n.com,gambling
casino222r.com,gambling
casino222s.com,gambling
casino222t.com,gambling
casino222u.com,gambling
casino222w.com,gambling
casino222x.com,gambling
casino222y.com,gambling
casino222z.com,gambling
casino22bet.top,gambling
casino22slot.com,gambling
casino24-toplist.com,gambling
casino24.dk,gambling
casino24.kz,gambling
casino247.click,gambling
casino247.in,gambling
casino247.it,gambling
casino247online.net,gambling
casino24hsonline.com,gambling
casino24vulkan.net,gambling
casino2azartplay-365.top,gambling
casino2azartplay-365.xyz,gambling
casino2azartplay-366.top,gambling
casino2promo.com,gambling
casino2rich.co,gambling
casino2rio.com,gambling
casino2s-vodka.top,gambling
casino2tech.com,gambling
casino2x.su,gambling
casino303.lat,gambling
casino303slot.com,gambling
casino32.pro,gambling
casino32.top,gambling
casino32.vip,gambling
casino32bit.com,gambling
casino33.co,gambling
casino33.la,gambling
casino33.top,gambling
casino333.click,gambling
casino33co.top,gambling
casino33coar.top,gambling
casino360.lol,gambling
casino365.id,gambling
casino365.site,gambling
casino365.win,gambling
casino365.zone,gambling
casino365online.com,gambling
casino365online.pro,gambling
casino365online.top,gambling
casino365onlinear.top,gambling
casino369slot.com,gambling
casino375.win,gambling
casino377.win,gambling
casino388slot.co,gambling
casino388slot.org,gambling
casino41.ch,gambling
casino424.win,gambling
casino498.win,gambling
casino4giants.com,gambling
casino4turks.com,gambling
casino5000.art,gambling
casino512.win,gambling
casino545.com,gambling
casino555slot.com,gambling
casino5588.com,gambling
casino577.win,gambling
casino585.com,gambling
casino595.net,gambling
casino595.win,gambling
casino6-fr.com,gambling
casino600.net,gambling
casino602blog.info,gambling
casino6125.win,gambling
casino638.win,gambling
casino666.co,gambling
casino66slot.com,gambling
casino6788.win,gambling
casino6893.win,gambling
casino68slot.com,gambling
casino6922-red.ru,gambling
casino7-a.com,gambling
casino7-aff.pro,gambling
casino7-aje.top,gambling
casino7-bre.top,gambling
casino7-casino-reg1.com,gambling
casino7-casino.lol,gambling
casino7-dae.top,gambling
casino7-dju.top,gambling
casino7-fyw.top,gambling
casino7-grp.top,gambling
casino7-gyx.top,gambling
casino7-hdc.top,gambling
casino7-hwt.top,gambling
casino7-iew.top,gambling
casino7-ifz.top,gambling
casino7-ijv.top,gambling
casino7-jlk.top,gambling
casino7-jvd.top,gambling
casino7-krm.top,gambling
casino7-mbn.top,gambling
casino7-mil.top,gambling
casino7-muo.top,gambling
casino7-ncg.top,gambling
casino7-nkx.top,gambling
casino7-nrl.top,gambling
casino7-nvr.top,gambling
casino7-osh.top,gambling
casino7-pnn.top,gambling
casino7-ptp.top,gambling
casino7-pwn.top,gambling
casino7-qqu.top,gambling
casino7-qrs.top,gambling
casino7-rnf.top,gambling
casino7-soa.top,gambling
casino7-ujs.top,gambling
casino7-vik.top,gambling
casino7-wxf.top,gambling
casino7-xol.top,gambling
casino7-xve.top,gambling
casino7-xwx.top,gambling
casino7-ydb.top,gambling
casino7-yjp.top,gambling
casino747.com.ph,gambling
casino77.online,gambling
casino770.com,gambling
casino770.top,gambling
casino770mobile.com,gambling
casino777.be,gambling
casino777.ch,gambling
casino777.es,gambling
casino777.lol,gambling
casino777.lv,gambling
casino777.nl,gambling
casino777slot.org,gambling
casino777slot.xyz,gambling
casino789.info,gambling
casino789slot.net,gambling
casino79.in,gambling
casino795.win,gambling
casino797.win,gambling
casino798.win,gambling
casino7a.com,gambling
casino7aff.pro,gambling
casino7aff.ru,gambling
casino7b.com,gambling
casino7c.com,gambling
casino7com.cc,gambling
casino7com.net,gambling
casino7com.pro,gambling
casino7d.com,gambling
casino7e.com,gambling
casino7f.com,gambling
casino7g.com,gambling
casino7h.com,gambling
casino7i.com,gambling
casino7j.com,gambling
casino7k.com,gambling
casino7k.live,gambling
casino7k.online,gambling
casino7l.com,gambling
casino7mirrors.com,gambling
casino7n.com,gambling
casino7o.com,gambling
casino7p.com,gambling
casino7q.com,gambling
casino7slots.bid,gambling
casino7slots.biz,gambling
casino7slots.info,gambling
casino7slots.live,gambling
casino7slots.ltd,gambling
casino7slots.net,gambling
casino7slots.pro,gambling
casino7slots.vip,gambling
casino7slots.wiki,gambling
casino7slots.work,gambling
casino7won.net,gambling
casino815.com,gambling
casino855.net,gambling
casino88-login.com,gambling
casino88.autos,gambling
casino88.bar,gambling
casino88.beauty,gambling
casino88.bio,gambling
casino88.biz,gambling
casino88.boats,gambling
casino88.bond,gambling
casino88.cam,gambling
casino88.cfd,gambling
casino88.cyou,gambling
casino88.digital,gambling
casino88.fun,gambling
casino88.guru,gambling
casino88.hair,gambling
casino88.homes,gambling
casino88.makeup,gambling
casino88.mom,gambling
casino88.monster,gambling
casino88.motorcycles,gambling
casino88.pro,gambling
casino88.quest,gambling
casino88.rent,gambling
casino88.rest,gambling
casino88.sbs,gambling
casino88.today,gambling
casino88.wiki,gambling
casino88.world,gambling
casino88.yachts,gambling
casino888-es.top,gambling
casino888-spain.top,gambling
casino888.click,gambling
casino8888.net,gambling
casino888b.info,gambling
casino899.net,gambling
casino8online.com,gambling
casino911th.live,gambling
casino917-2023.win,gambling
casino97.net,gambling
casino97.org,gambling
casino999.live,gambling
casino999.vip,gambling
casino999.win,gambling
casino99mgm.com,gambling
casino99slot.net,gambling
casinoa.org,gambling
casinoaams.net,gambling
casinoaamsonline.com,gambling
casinoaceclub.com,gambling
casinoacehub.com,gambling
casinoaction.com,gambling
casinoaction.games,gambling
casinoaction.top,gambling
casinoaction360.com,gambling
casinoactive.site,gambling
casinoadmiral-na-dengi.win,gambling
casinoadmiral.nl,gambling
casinoadmiral.online,gambling
casinoadmiral.top,gambling
casinoadmiral.world,gambling
casinoadmiralgibraltar.com,gambling
casinoadmiralinfo.com,gambling
casinoadmirall.com,gambling
casinoadmiralsite.com,gambling
casinoadmiralyes.com,gambling
casinoadrenaline.bot,gambling
casinoadrenaline.com,gambling
casinoadrenaline.game,gambling
casinoadrenaline.games,gambling
casinoadrenaline.net,gambling
casinoadrenaline.org,gambling
casinoadrenalinebet.com,gambling
casinoadrenalinebonus.com,gambling
casinoadrenalinedeposit.com,gambling
casinoadrenalinegame.com,gambling
casinoadrenalineonline.com,gambling
casinoadventurenz.com,gambling
casinoadvertising.org,gambling
casinoadvice.io,gambling
casinoadvisor.com,gambling
casinoae888.com,gambling
casinoaffairs.com,gambling
casinoaffiliateportal.com,gambling
casinoaffiliateprograms.com,gambling
casinoaffiliatesblog.shop,gambling
casinoagg.quest,gambling
casinoakademiet.com,gambling
casinoalfred.se,gambling
casinoalitalia.com,gambling
casinoallbreeds.com.au,gambling
casinoalley.xyz,gambling
casinoallianz.com,gambling
casinoallstarss.com,gambling
casinoalpha.com,gambling
casinoalpino.top,gambling
casinoanalyser.com,gambling
casinoanbieter.com,gambling
casinoandbettingaus.com,gambling
casinoandfriends.co.uk,gambling
casinoandnews.shop,gambling
casinoandresorts.com,gambling
casinoandsportsbets.net,gambling
casinoandsportstalk.com,gambling
casinoangebot.com,gambling
casinoangora.xyz,gambling
casinoantoan.com,gambling
casinoapparna.net,gambling
casinoappsonline.com,gambling
casinoarab.org,gambling
casinoarabie.com,gambling
casinoaranjuez.top,gambling
casinoarcades.online,gambling
casinoarena.cz,gambling
casinoargentina24.com,gambling
casinoarizona.biz,gambling
casinoarizona.com,gambling
casinoarkansas.com,gambling
casinoarpo.com,gambling
casinoasian.com,gambling
casinoaspect.site,gambling
casinoassemble.site,gambling
casinoassociation.org,gambling
casinoastral.me,gambling
casinoatlantic.city,gambling
casinoatlanticcity.us,gambling
casinoattic.site,gambling
casinoauf.club,gambling
casinoauf.com,gambling
casinoauf.io,gambling
casinoauf.online,gambling
casinoauf.pro,gambling
casinoauf.site,gambling
casinoauf.xyz,gambling
casinoaus.com,gambling
casinoaus.net,gambling
casinoaus.org,gambling
casinoaushub.com,gambling
casinoaustralia.com,gambling
casinoaustraliaonline.com,gambling
casinoautos.com,gambling
casinoavalanche.com,gambling
casinoavantage.com,gambling
casinoavantgarde.com,gambling
casinoaviator.com,gambling
casinoavis.net,gambling
casinoavisen.dk,gambling
casinoawards.se,gambling
casinobaccarat.site,gambling
casinobaccaratboulevard.online,gambling
casinobaccaratboutique.online,gambling
casinobaccaratgambling.site,gambling
casinobaccaratpoker.site,gambling
casinobadhomburg.top,gambling
casinobahiadecadiz.es,gambling
casinoballpool.online,gambling
casinoballroom.com,gambling
casinoballs.shop,gambling
casinobankid-se.top,gambling
casinobankid-us.top,gambling
casinobankid.se,gambling
casinobarbarufabet.shop,gambling
casinobare.site,gambling
casinobas.info,gambling
casinobasaribet.ltd,gambling
casinobase.net,gambling
casinobaseball.net,gambling
casinobasel.top,gambling
casinobasin.site,gambling
casinobateliereplazza.com,gambling
casinobauble.com,gambling
casinobeasts.com,gambling
casinobeats.com,gambling
casinobeauty.com,gambling
casinobee.com,gambling
casinobeige.site,gambling
casinobelgium.be,gambling
casinobellagio.com,gambling
casinobellagio.kz,gambling
casinobellini.com,gambling
casinobello.ink,gambling
casinoberita.id,gambling
casinoberjalan.co,gambling
casinoberlin.eu,gambling
casinobernie.com,gambling
casinobest.in,gambling
casinobest.io,gambling
casinobesthotels2024.com,gambling
casinobestindia.com,gambling
casinobet-777.com,gambling
casinobet138.com,gambling
casinobet24.net,gambling
casinobet30-ar.top,gambling
casinobet30.top,gambling
casinobet365.top,gambling
casinobet3d.co,gambling
casinobetblast.online,gambling
casinobetexperts.net,gambling
casinobetflag.top,gambling
casinobetflik.net,gambling
casinobetfun-ar.top,gambling
casinobetfun.top,gambling
casinobetplace.com,gambling
casinobetplace.shop,gambling
casinobetpulse.info,gambling
casinobetreels.shop,gambling
casinobetrug.com,gambling
casinobets.info,gambling
casinobetslot.shop,gambling
casinobetsport.com,gambling
casinobetsportal.net,gambling
casinobetting.live,gambling
casinobettingaus.com,gambling
casinobetways.com,gambling
casinobetz.com,gambling
casinobetzino.com,gambling
casinobetzoneadresi.com,gambling
casinobetzonegunceladres.com,gambling
casinobetzoneguncelgiris.com,gambling
casinobiggambling.site,gambling
casinobigwinner.com,gambling
casinobiksen.dk,gambling
casinobilbaocity6d.com,gambling
casinobile.de,gambling
casinobillionaire.com,gambling
casinobillions.com,gambling
casinobitcoinlive.shop,gambling
casinobizarre.site,gambling
casinobizum-es.top,gambling
casinobizzo.top,gambling
casinobkash.click,gambling
casinobkash.top,gambling
casinoblasts.com,gambling
casinoble.ca,gambling
casinoble.co.za,gambling
casinoble.ie,gambling
casinoble.in,gambling
casinoblitz.site,gambling
casinoblitzhub.com,gambling
casinoblog.me,gambling
casinobloggers.com,gambling
casinobloom.shop,gambling
casinobloom.site,gambling
casinoblu.com,gambling
casinoblue.com,gambling
casinobluestar.com,gambling
casinoblush.com,gambling
casinobnews.info,gambling
casinoboard.info,gambling
casinoboer.com,gambling
casinobolag.eu,gambling
casinobollywood.net,gambling
casinobom177.com,gambling
casinobonanza210.com,gambling
casinobonanza227.com,gambling
casinobonanza296.com,gambling
casinobonanza298.com,gambling
casinobonanza299.com,gambling
casinobonanza303.com,gambling
casinobonazabaccarat.online,gambling
casinobonus-ohneeinzahlung.de,gambling
casinobonus.bz,gambling
casinobonus.com.co,gambling
casinobonus.fun,gambling
casinobonus.mx,gambling
casinobonus.ug,gambling
casinobonus2.co,gambling
casinobonus2.games,gambling
casinobonus2015.se,gambling
casinobonus2016.se,gambling
casinobonus23297.com,gambling
casinobonus360.de,gambling
casinobonus4u.com,gambling
casinobonusar.co,gambling
casinobonusbible.com,gambling
casinobonusca.com,gambling
casinobonuscenter.com,gambling
casinobonuschips.com,gambling
casinobonuscodelist.com,gambling
casinobonuscusu.com,gambling
casinobonusdetails.com,gambling
casinobonusdeutschland.com,gambling
casinobonuses.digital,gambling
casinobonusescodes.com,gambling
casinobonusesexpert.com,gambling
casinobonusesindex.ca,gambling
casinobonusesnow.com,gambling
casinobonusesnow.online,gambling
casinobonusfiled.com,gambling
casinobonusguy.com,gambling
casinobonusi.rs,gambling
casinobonusmarket-australia.com,gambling
casinobonusmarket-canada.com,gambling
casinobonusmarket-finland.com,gambling
casinobonusmarket-germany.com,gambling
casinobonusmarket-spain.com,gambling
casinobonusmarket.com,gambling
casinobonusmart.com,gambling
casinobonusmegasite.com,gambling
casinobonusohneeinzahlung.biz,gambling
casinobonusonline.nu,gambling
casinobonusparty.com,gambling
casinobonusparty.shop,gambling
casinobonuspirates.com,gambling
casinobonusplus.topbonplan.fr,gambling
casinobonuspromotions.co.uk,gambling
casinobonusrapid.com,gambling
casinobonusreports.shop,gambling
casinobonusuk.ltd,gambling
casinobonusuverensiteler.club,gambling
casinobood.buzz,gambling
casinobookk10.com,gambling
casinoboombets310.com,gambling
casinoboombets311.com,gambling
casinoboombets312.com,gambling
casinoboombets313.com,gambling
casinoboombets314.com,gambling
casinoboombets317.com,gambling
casinoboombets319.com,gambling
casinoboombets322.com,gambling
casinoboombets323.com,gambling
casinoboombets324.com,gambling
casinoboombets325.com,gambling
casinoboombets326.com,gambling
casinoboomerang.click,gambling
casinoborcele.pro,gambling
casinobordeaux.com,gambling
casinobox24.com,gambling
casinobr555social.us,gambling
casinobranded.site,gambling
casinobrandone.com,gambling
casinobrandone.shop,gambling
casinobrango.bot,gambling
casinobrango.com,gambling
casinobrango.game,gambling
casinobrango.us,gambling
casinobrangobet.com,gambling
casinobrangobonus.com,gambling
casinobrangocasino.com,gambling
casinobrangocode.com,gambling
casinobrangodeposit.com,gambling
casinobrangoonline.com,gambling
casinobrasiliano.com,gambling
casinobrazino777.org,gambling
casinobregenz.top,gambling
casinobright.site,gambling
casinobrittle.shop,gambling
casinobrothel.com,gambling
casinobrown.com,gambling
casinobruder.com,gambling
casinobts.com,gambling
casinobubbles.com,gambling
casinobuck.top,gambling
casinobud.online,gambling
casinobudva.top,gambling
casinobueno.com,gambling
casinobuenosaires.top,gambling
casinobugibugi.net,gambling
casinobuitenland.info,gambling
casinobuitenlandse.com,gambling
casinobun.site,gambling
casinoburak.live,gambling
casinoburst.com,gambling
casinobusinessclub.com,gambling
casinobussola.com,gambling
casinobutler.com,gambling
casinobwin.top,gambling
casinoca.guru,gambling
casinocaishen.com,gambling
casinocaliente.com.mx,gambling
casinocambodia.net,gambling
casinocamelbet.top,gambling
casinocamelot.com,gambling
casinocampione.top,gambling
casinocanada.com,gambling
casinocanada.me,gambling
casinocanada.mobi,gambling
casinocanada10.com,gambling
casinocanadawin.com,gambling
casinocanavari.icu,gambling
casinocanister.site,gambling
casinocanteen.site,gambling
casinocaptor.site,gambling
casinocardportugal.com,gambling
casinocards.co,gambling
casinocards.site,gambling
casinocareers.com,gambling
casinocaribe.com,gambling
casinocarlospaz.top,gambling
casinocarnival.online,gambling
casinocarrasco.com.uy,gambling
casinocarry.site,gambling
casinocascades.com,gambling
casinocash.ci,gambling
casinocashru.top,gambling
casinocashvault.com,gambling
casinocasino.dk,gambling
casinocasino.website,gambling
casinocasinocasino.site.voila.fr,gambling
casinocast.online,gambling
casinocastle.click,gambling
casinocastle.top,gambling
casinocelestor.com,gambling
casinocenter.club,gambling
casinocenter.com,gambling
casinocenters.co,gambling
casinocentral.co.za,gambling
casinocentralb.shop,gambling
casinocentralguide.com,gambling
casinochameleon.com,gambling
casinochampguide.com,gambling
casinochampion-24.ru,gambling
casinochampion-on.com,gambling
casinochan-online.com,gambling
casinochan-onlinecasino.com,gambling
casinochan.com,gambling
casinochan.top,gambling
casinochan4.com,gambling
casinochancequest.info,gambling
casinocharm.id,gambling
casinocharter.site,gambling
casinochaser.com,gambling
casinochatterbox.com,gambling
casinocheck.biz,gambling
casinochecking.nz,gambling
casinochempionofficialnyi-2023.win,gambling
casinocheri.fr,gambling
casinochick.nl,gambling
casinochique.com,gambling
casinocitron.shop,gambling
casinocitron.site,gambling
casinocity.com,gambling
casinocitycenteronline.top,gambling
casinocityslot.info,gambling
casinocitytimes.com,gambling
casinocityvips.com,gambling
casinoclassic.app,gambling
casinoclassic.casino,gambling
casinoclassic.com,gambling
casinoclassic.top,gambling
casinoclassicapp.fun,gambling
casinoclassycoins.site,gambling
casinoclaw.com,gambling
casinocleopatra.top,gambling
casinoclic.com,gambling
casinoclic.top,gambling
casinoclinic.site,gambling
casinoclub-top.org,gambling
casinoclub.com,gambling
casinoclub.wiki,gambling
casinoclub7.biz,gambling
casinoclub7.co,gambling
casinoclubatlanta.net,gambling
casinoclubonline.bet.ar,gambling
casinoclubonline.click,gambling
casinoclubonline.com.ar,gambling
casinoclubonline.top,gambling
casinoclubpattaya.com,gambling
casinoclubpoker.com,gambling
casinocoin.im,gambling
casinocoins.com,gambling
casinocoins.io,gambling
casinocoke.bio,gambling
casinocoke.com,gambling
casinocoke.fun,gambling
casinocollectiblesen18.info,gambling
casinocollege.site,gambling
casinocolon.top,gambling
casinocolumbus-early1.top,gambling
casinocolumbus-early10.ru,gambling
casinocolumbus-early3.top,gambling
casinocolumbus-early4.top,gambling
casinocolumbus-early5.top,gambling
casinocolumbus-early6.top,gambling
casinocolumbus-early7.top,gambling
casinocolumbus-early8.ru,gambling
casinocolumbus-early8.top,gambling
casinocolumbus-early9.ru,gambling
casinocolumbus-eco.top,gambling
casinocolumbus-eco1.top,gambling
casinocolumbus-eco14.ru,gambling
casinocolumbus-eco15.ru,gambling
casinocolumbus-eco16.ru,gambling
casinocolumbus-eco17.ru,gambling
casinocolumbus-eco2.top,gambling
casinocolumbus-eco3.top,gambling
casinocolumbus-eco4.top,gambling
casinocolumbus-urban1.top,gambling
casinocolumbus-urban3.top,gambling
casinocolumbus-urban4.top,gambling
casinocombined.site,gambling
casinocomet.co.uk,gambling
casinocometa.fun,gambling
casinocometa.ru,gambling
casinocometa1.ru,gambling
casinocometa10.ru,gambling
casinocometa11.online,gambling
casinocometa12.online,gambling
casinocometa16.online,gambling
casinocometa2.online,gambling
casinocometa20.online,gambling
casinocometa25.online,gambling
casinocometa5.ru,gambling
casinocometa8.ru,gambling
casinocometa9.online,gambling
casinocomfortinc.com,gambling
casinocommon.site,gambling
casinocompare.site,gambling
casinocomparison24.com,gambling
casinocompetition.info,gambling
casinocompetitionforwisconsin.com,gambling
casinocomplex.site,gambling
casinoconcept.site,gambling
casinoconnect.fr,gambling
casinoconnectssocial.us,gambling
casinoconpaypal.top,gambling
casinocookie.nl,gambling
casinocore.co,gambling
casinocore.shop,gambling
casinocorfu.gr,gambling
casinocorner.co.za,gambling
casinocoronaresort.com,gambling
casinocorp.com,gambling
casinocorpsportsbook.com,gambling
casinocosmopol.se,gambling
casinocountdown.com,gambling
casinocounty.com,gambling
casinocoupon.codes,gambling
casinocoupons.org,gambling
casinocove.site,gambling
casinocpa.com,gambling
casinocrapes.com,gambling
casinocraps.us,gambling
casinocrapses.site,gambling
casinocrawlers.com,gambling
casinocraze.id,gambling
casinocrazes.com,gambling
casinocreditcard.nl,gambling
casinocrepe.site,gambling
casinocresus.top,gambling
casinocrispy.site,gambling
casinocrit.pro,gambling
casinocritique.com,gambling
casinocroisette.ga,gambling
casinocrown.id,gambling
casinocrownroyale.net,gambling
casinocruiserride.com,gambling
casinocrypto.app,gambling
casinocryptocurrencies.com,gambling
casinocrystal.us,gambling
casinocrystal762.com,gambling
casinocrystal763.com,gambling
casinocrystal764.com,gambling
casinocrystal765.com,gambling
casinocrystal766.com,gambling
casinocuan2.com,gambling
casinocuan2.info,gambling
casinocuan2.live,gambling
casinocuan2.vip,gambling
casinocuanaja.com,gambling
casinocuentaatras.com,gambling
casinocufa.com,gambling
casinocurrencies.com,gambling
casinocyberslot.online,gambling
casinodada.com,gambling
casinodaddy.com,gambling
casinodaddy.win,gambling
casinodaddy1.win,gambling
casinodaddy111.ru,gambling
casinodaddy3.win,gambling
casinodaddy777.ru,gambling
casinodaddybest.win,gambling
casinodaddybest1.win,gambling
casinodaddyslots.com,gambling
casinodaddyslots.win,gambling
casinodaddyslots1.win,gambling
casinodailypost.com,gambling
casinodailytimes.shop,gambling
casinodance.site,gambling
casinodaniabeach.com,gambling
casinodanmarkjackpot.dk,gambling
casinodarino.shop,gambling
casinodart.site,gambling
casinodatabase.co,gambling
casinodataonline.com,gambling
casinodays-online.com,gambling
casinodays.com,gambling
casinodaysapp.com,gambling
casinodayscom.com,gambling
casinodb.site,gambling
casinodb1.site,gambling
casinodealsdirect.com,gambling
casinodecas.us,gambling
casinodecode.com,gambling
casinodecolombia.co,gambling
casinodee.me,gambling
casinodegranny.site,gambling
casinodejeux.com,gambling
casinodelasvegas.com,gambling
casinodelavallee.it,gambling
casinodelrio-fr.com,gambling
casinodelrio.com,gambling
casinodelrio.online,gambling
casinodelrio.top,gambling
casinodelsol.com,gambling
casinodeluxor.com,gambling
casinodemadrid.es,gambling
casinodemexicali.com.mx,gambling
casinodengivyvod.com,gambling
casinodeparis.fr,gambling
casinodepositeslot.site,gambling
casinodepot.com,gambling
casinodeps.co.nz,gambling
casinodesantaella.com,gambling
casinodesign.co,gambling
casinodetective.nl,gambling
casinodeuceclub.com,gambling
casinodeutschland.com.de,gambling
casinodeutschland.io,gambling
casinodevelop.site,gambling
casinodeviti.com,gambling
casinodfx.com,gambling
casinodicaccia.top,gambling
casinodig.com,gambling
casinodimes.com,gambling
casinodinamita.com,gambling
casinodinant.top,gambling
casinodinero.com,gambling
casinodinero.es,gambling
casinodino.se,gambling
casinodirapallo.com,gambling
casinodirects.co,gambling
casinodirektuttag.com,gambling
casinodishufabet.online,gambling
casinodistractie.com,gambling
casinodivenezia.top,gambling
casinodjungel.se,gambling
casinodl.com,gambling
casinodoc24.com,gambling
casinodollars.xyz,gambling
casinodong.kr,gambling
casinodoradobet.top,gambling
casinodoublestar.click,gambling
casinodp.com,gambling
casinodragon.net,gambling
casinodrape.xyz,gambling
casinodreamrush.com,gambling
casinodrift.info,gambling
casinodrip-igrat.ru,gambling
casinodrip-media.ru,gambling
casinodripigrat.win,gambling
casinodriponline.win,gambling
casinodriponline3-win.win,gambling
casinodrive.fr,gambling
casinodummyufabet.online,gambling
casinoduo.com,gambling
casinoeasy.site,gambling
casinoebet.com,gambling
casinoecho.site,gambling
casinoeclair.site,gambling
casinoee.com,gambling
casinoelch.com,gambling
casinoeldoradowin.win,gambling
casinoelegante.com,gambling
casinoelgen.com,gambling
casinoelit2.com,gambling
casinoelitehub.com,gambling
casinoelusive.site,gambling
casinoemerald.com,gambling
casinoempiresonline.com,gambling
casinoencasa.com,gambling
casinoencasa.es,gambling
casinoencasa.site,gambling
casinoencyclopedia.com,gambling
casinoenergie.com,gambling
casinoenhance.site,gambling
casinoenligne-belgique.com,gambling
casinoenligne-canada.ca,gambling
casinoenligne.monster,gambling
casinoenligne.news,gambling
casinoenligne777.net,gambling
casinoenlignearjel.com,gambling
casinoenlignecritique.fr,gambling
casinoenlignefrance.best,gambling
casinoenlignefranco.fr,gambling
casinoenligneluxembourg.com,gambling
casinoenligneo.com,gambling
casinoenlignesansdepot.com,gambling
casinoenlineagratis.com,gambling
casinoenlineahex.com,gambling
casinoenter.site,gambling
casinoentucasa.com,gambling
casinoenvivo.vip,gambling
casinoepoca.com,gambling
casinoerfahrungen.at,gambling
casinoerudenomrofus.com,gambling
casinoescaperesort.com,gambling
casinoespana.club,gambling
casinoespinho.top,gambling
casinoesplanade.top,gambling
casinoessence.site,gambling
casinoestarm.com,gambling
casinoestoril.top,gambling
casinoestrella.online,gambling
casinoestrella1.com,gambling
casinoestrelladealer.com,gambling
casinoethereal.shop,gambling
casinoethereal.site,gambling
casinoeu.com,gambling
casinoeuro.com,gambling
casinoeuro.fun,gambling
casinoeuro21.com,gambling
casinoeuro41.com,gambling
casinoeuro43.com,gambling
casinoeuro45.com,gambling
casinoeuropa.top,gambling
casinoeurope-online.com,gambling
casinoeuropeo.com,gambling
casinoeuropolska.com,gambling
casinoevasion.top,gambling
casinoevents.net,gambling
casinoeventsaustin.com,gambling
casinoevian.top,gambling
casinoevolve.fr,gambling
casinoexcaliber.com,gambling
casinoexclusive.top,gambling
casinoexperience.com,gambling
casinoexpertreviews.com,gambling
casinoexpo.se,gambling
casinoextra.casino,gambling
casinoextra.click,gambling
casinoextra.com,gambling
casinoextra.online,gambling
casinoextra.top,gambling
casinoextra100.com,gambling
casinoextra2.com,gambling
casinoextra2020.com,gambling
casinoextrabonanza.com,gambling
casinoextradealer.com,gambling
casinoextreme.bot,gambling
casinoextreme.com,gambling
casinoextreme.eu,gambling
casinoextreme.pro,gambling
casinoextreme.xyz,gambling
casinoextreme1.com,gambling
casinoextreme2.com,gambling
casinoextremebet.com,gambling
casinoextremebonus.com,gambling
casinoextremecode.com,gambling
casinoextremedeposit.com,gambling
casinoextremegame.com,gambling
casinofa.ru,gambling
casinofacts.net,gambling
casinofairspin.com,gambling
casinofashion.com,gambling
casinofeb.com,gambling
casinofeber.se,gambling
casinofesta.com,gambling
casinofetch.com,gambling
casinoff1.xyz,gambling
casinoff2.xyz,gambling
casinofiables.com,gambling
casinofib.com,gambling
casinofig.site,gambling
casinofigueira.top,gambling
casinofinal.com,gambling
casinofindr.com,gambling
casinofirma.com,gambling
casinoflan.site,gambling
casinoflask.shop,gambling
casinoflexible.site,gambling
casinoflick.site,gambling
casinofluent.site,gambling
casinofly.co,gambling
casinofm.de,gambling
casinofocused.shop,gambling
casinofocused.site,gambling
casinoforalle.dk,gambling
casinoforcanada.com,gambling
casinoforce.site,gambling
casinoforsjov.dk,gambling
casinofortunabet.top,gambling
casinofox.ar,gambling
casinofrancaislegal.fr,gambling
casinofrance10.com,gambling
casinofrance6.com,gambling
casinofranceenligne.com,gambling
casinofrauds.com,gambling
casinofreak.com,gambling
casinofreebies.ca,gambling
casinofreebonus.com,gambling
casinofreebonuses.info,gambling
casinofreegamesonlinereviews.com,gambling
casinofreeguide.info,gambling
casinofreespinsbonus.org,gambling
casinofresh-ate11.top,gambling
casinofresh-ate12.top,gambling
casinofresh-ate13.top,gambling
casinofresh-ate14.top,gambling
casinofresh-ate26.ru,gambling
casinofresh-cars.ru,gambling
casinofresh.space,gambling
casinofresh.win,gambling
casinofresh3.win,gambling
casinofresh4.win,gambling
casinofresh5.win,gambling
casinofreude.com,gambling
casinofriday.top,gambling
casinofriends.click,gambling
casinofuchsia.site,gambling
casinofullslot.shop,gambling
casinofuns.co,gambling
casinofused.site,gambling
casinofutbolete.online,gambling
casinofy.com,gambling
casinofy.it,gambling
casinofy.nl,gambling
casinofy.ro,gambling
casinogaja.com,gambling
casinogallop.shop,gambling
casinogallop.site,gambling
casinogama-dac.top,gambling
casinogama-dvs.top,gambling
casinogama-dwa.top,gambling
casinogama-fin.top,gambling
casinogama-ggj.top,gambling
casinogama-pem.top,gambling
casinogama-plp.top,gambling
casinogama-rbe.top,gambling
casinogama-sarelcom.ru,gambling
casinogama-sep.top,gambling
casinogama-srl.top,gambling
casinogama-vqx.top,gambling
casinogama.fun,gambling
casinogama.top,gambling
casinogama.xyz,gambling
casinogama3.win,gambling
casinogama315.win,gambling
casinogama4.win,gambling
casinogama414.win,gambling
casinogama563.win,gambling
casinogama7.ru,gambling
casinogama777.win,gambling
casinogambitpro.info,gambling
casinogambl.com,gambling
casinogamble.ca,gambling
casinogamble.se,gambling
casinogambleblog.com,gambling
casinogambler.net,gambling
casinogamblers.ru,gambling
casinogamblerush.info,gambling
casinogamblewave.com,gambling
casinogambling.about.com,gambling
casinogambling4free.com,gambling
casinogamblingbest.space,gambling
casinogamblingcasino.com,gambling
casinogamblingfun.com,gambling
casinogamblingsolutions.com,gambling
casinogamblingstrategy.org,gambling
casinogamblingtip.shop,gambling
casinogamdom-es.top,gambling
casinogamdom.top,gambling
casinogame.co.uk,gambling
casinogame365.com,gambling
casinogamedesk.com,gambling
casinogamer.org,gambling
casinogamerelay.com,gambling
casinogames-online.net,gambling
casinogames.nz,gambling
casinogames.wtf,gambling
casinogamesbro.com,gambling
casinogamesforsale.shop,gambling
casinogamesguides.com,gambling
casinogamesinindia.com,gambling
casinogamesk8.imgix.net,gambling
casinogamesonline.com,gambling
casinogamesquad.com,gambling
casinogamesreviewed.com,gambling
casinogameswisz.us,gambling
casinogameup.com,gambling
casinogamezstrategy.com,gambling
casinogaming.tech,gambling
casinogamingblog.com,gambling
casinogaminglab.shop,gambling
casinogamings.com,gambling
casinoganabet.top,gambling
casinoganaencasa.top,gambling
casinogane.com,gambling
casinogane.net,gambling
casinogap.org,gambling
casinogari.com,gambling
casinogates.info,gambling
casinogaze.xyz,gambling
casinogearhub.com,gambling
casinogeeks.tv,gambling
casinogeezer.com,gambling
casinogency.com,gambling
casinogenie.org,gambling
casinogenius.net,gambling
casinogenuine.site,gambling
casinogewinner.net,gambling
casinoggbet.ph,gambling
casinogiris.pro,gambling
casinoglamour.xyz,gambling
casinogleamz.com,gambling
casinoglide.com,gambling
casinoglintiq.com,gambling
casinoglobal.info,gambling
casinoglory.in,gambling
casinoglucksklee.de,gambling
casinogms-zerkalo.biz,gambling
casinogms.co,gambling
casinogms.info,gambling
casinogmsx.com,gambling
casinogo.top,gambling
casinogoales.com,gambling
casinogoblet.site,gambling
casinogokkast.eu,gambling
casinogold.com,gambling
casinogold.vip,gambling
casinogold88.net,gambling
casinogolden.xyz,gambling
casinogoldencrown.top,gambling
casinogoldenriviera.com,gambling
casinogoldi.xyz,gambling
casinogoldis.xyz,gambling
casinogoldmines.com,gambling
casinogoldpath.com,gambling
casinogolds.co,gambling
casinogolds.shop,gambling
casinogoldslot.online,gambling
casinogoldup.xyz,gambling
casinogoldvip.com,gambling
casinogoldy.xyz,gambling
casinogoldys.xyz,gambling
casinogolucky.shop,gambling
casinogor1lla.net,gambling
casinogorilla.com,gambling
casinogorylla.com,gambling
casinograndbay.com,gambling
casinograndevegas.fr,gambling
casinograndluxe.com,gambling
casinograndprix.com,gambling
casinogranmadrid.es,gambling
casinogranmadridonline.es,gambling
casinogranvia.com,gambling
casinogratis.com.ar,gambling
casinogratisspins.dk,gambling
casinogratogana.es,gambling
casinogratorama.org,gambling
casinogratuitenligne.net,gambling
casinogratuits.net,gambling
casinograz.top,gambling
casinogreen.co,gambling
casinogreen.shop,gambling
casinogrid.io,gambling
casinogrin.com,gambling
casinogrowthx.com,gambling
casinogslot.com,gambling
casinoguardian.co.uk,gambling
casinoguava.site,gambling
casinoguide.co.uk,gambling
casinoguide.guru,gambling
casinoguide.se,gambling
casinoguidecz.com,gambling
casinoguiderank.com,gambling
casinoguiderne.dk,gambling
casinoguideuk.site,gambling
casinogule.com,gambling
casinogumbet.com,gambling
casinoguru-en.com,gambling
casinogurube.com,gambling
casinogurunl.com,gambling
casinoguy.info,gambling
casinogy.com,gambling
casinohades.com,gambling
casinohades.net,gambling
casinohandy.site,gambling
casinohannover.top,gambling
casinohans.com,gambling
casinohappyluke.site,gambling
casinohaul.com,gambling
casinohawks.com,gambling
casinohearts.net,gambling
casinohelfer.de,gambling
casinohellspin.com,gambling
casinohelp.ru,gambling
casinoheroes.com,gambling
casinoheroes.top,gambling
casinohex.at,gambling
casinohex.co.uk,gambling
casinohex.co.za,gambling
casinohex.org,gambling
casinohex.pe,gambling
casinohexfrca.net,gambling
casinohighcountry.top,gambling
casinohimlen.dk,gambling
casinohits.info,gambling
casinohjem.com,gambling
casinoholdem.info,gambling
casinohoneys.com,gambling
casinohotel-24top.com,gambling
casinohotel-list.com,gambling
casinohotelaussie.com,gambling
casinohoteldiscounts.com,gambling
casinohotelforyou.com,gambling
casinohoteljoen.com,gambling
casinohotellux.com,gambling
casinohotels-beratung.com,gambling
casinohotels-besttop.com,gambling
casinohotels-listrest.com,gambling
casinohotels-review24.com,gambling
casinohotels-top1.com,gambling
casinohotels-top2024.com,gambling
casinohotels-top24.com,gambling
casinohotelschileblog.com,gambling
casinohotelschileinfo.com,gambling
casinohotelschilelist.com,gambling
casinohotelskerala.com,gambling
casinohotelslisttoday.com,gambling
casinohotelsprague.com,gambling
casinohotelstop2024.com,gambling
casinohotelstop24.com,gambling
casinohotlist10.com,gambling
casinohotshot.site,gambling
casinohouse.dk,gambling
casinohouse.se,gambling
casinohouse.top,gambling
casinohouseofpokies.com,gambling
casinohrv.com,gambling
casinohuay.com,gambling
casinohuayz.com,gambling
casinohubs168.com,gambling
casinohubslot.online,gambling
casinohunt.com,gambling
casinohyddan.se,gambling
casinohype.com,gambling
casinohype.io,gambling
casinohype.net,gambling
casinohype18.com,gambling
casinoice.click,gambling
casinoice.top,gambling
casinoice.world,gambling
casinoicecream.site,gambling
casinoicing.site,gambling
casinoidaho.com,gambling
casinoidanmark.com,gambling
casinoideal.eu,gambling
casinoider.com,gambling
casinoigri.bg,gambling
casinoimagine.site,gambling
casinoin-gr.com,gambling
casinoin.ie,gambling
casinoin.org,gambling
casinoinc.com,gambling
casinoindeutschland.com.de,gambling
casinoindigo.site,gambling
casinoinform.freehomepage.com,gambling
casinoinform.info,gambling
casinoinfosphere.info,gambling
casinoinfusion.site,gambling
casinoinjapan.com,gambling
casinoinkabet.top,gambling
casinoinn.com,gambling
casinoinquirer.com,gambling
casinoinsider.ca,gambling
casinoinsiderau.fun,gambling
casinoinspiration.dk,gambling
casinointense-aim.com,gambling
casinointense-base.com,gambling
casinointense-go.com,gambling
casinointense-hit.com,gambling
casinointense-last.com,gambling
casinointense-light.com,gambling
casinointense-must.com,gambling
casinointense-one.com,gambling
casinointense-page.com,gambling
casinointense-power.com,gambling
casinointense-ring.com,gambling
casinointense-roll.com,gambling
casinointense-set.com,gambling
casinointense-sphere.com,gambling
casinointense-table.com,gambling
casinointense-up.com,gambling
casinointense.top,gambling
casinointhailand.com,gambling
casinoinvent.shop,gambling
casinoinvent.site,gambling
casinoinvictus.com,gambling
casinoiran-apk.app,gambling
casinoirishluck.com,gambling
casinoisloty.com,gambling
casinoiso.com,gambling
casinoistana.net,gambling
casinoistana.online,gambling
casinoistic.xyz,gambling
casinoisverige.se,gambling
casinoitalian.com,gambling
casinoitalian.online,gambling
casinoitalianionline.net,gambling
casinoizi.kz,gambling
casinoizzi.top,gambling
casinoizzi.win,gambling
casinoizzi2.win,gambling
casinoizzi3.top,gambling
casinoizzi3.win,gambling
casinoizzi56.win,gambling
casinojack77.com,gambling
casinojackpot.app,gambling
casinojackpotking.com,gambling
casinojackpotslots.com,gambling
casinojackpottar.se,gambling
casinojager.com,gambling
casinojager.nl,gambling
casinojalights.com,gambling
casinojax.com,gambling
casinojefe.top,gambling
casinojet.best,gambling
casinojet.pro,gambling
casinojet.top,gambling
casinojetonline.kz,gambling
casinojetx.com,gambling
casinojinx.uk,gambling
casinojoey.com,gambling
casinojoka.info,gambling
casinojoka.top,gambling
casinojokabet.uk,gambling
casinojokaclub.info,gambling
casinojokaclub.net,gambling
casinojokafrance.com,gambling
casinojokavip.online,gambling
casinojokavip.top,gambling
casinojoker.xyz,gambling
casinojournal.com,gambling
casinojoy.app,gambling
casinojoy.com,gambling
casinojoy.games,gambling
casinojoy.pro,gambling
casinojoy.vip,gambling
casinojoy1.com,gambling
casinojoy2.com,gambling
casinojoy3.com,gambling
casinojoypalace.com,gambling
casinojpn.jp,gambling
casinojr9.com,gambling
casinojrmalaysia.com,gambling
casinojudge.net,gambling
casinojudi.id,gambling
casinojudiadvisor.net,gambling
casinojuicebet.com,gambling
casinojungle.ca,gambling
casinokade.online,gambling
casinokakadu.com,gambling
casinokampanj.se,gambling
casinokart.us,gambling
casinokartac.top,gambling
casinokasinos.se,gambling
casinokatalogen.nu,gambling
casinokatalogen.se,gambling
casinokats.com,gambling
casinokazansana101.com,gambling
casinokeeda.com,gambling
casinokennis.com,gambling
casinokent-ru.ru,gambling
casinokentucky.com,gambling
casinokentwins-online.ru,gambling
casinokeyfi.org,gambling
casinoki.com,gambling
casinokickstart.shop,gambling
casinokim.net,gambling
casinoking.be,gambling
casinoking.co.in,gambling
casinoking.co.nz,gambling
casinoking.com,gambling
casinoking.guru,gambling
casinokingc.cloud,gambling
casinokingdom.id,gambling
casinokingdom.top,gambling
casinokingdome.store,gambling
casinokings.site,gambling
casinokingspartners.com,gambling
casinokirolbet.top,gambling
casinokiwis.com,gambling
casinokld.com,gambling
casinoklr.com,gambling
casinoklubnika.ru,gambling
casinokmh.com,gambling
casinoknokke.top,gambling
casinokojan.se,gambling
casinokokemus.com,gambling
casinokometa.info,gambling
casinokometa.kz,gambling
casinokometa2024.ru,gambling
casinokonstanz.com,gambling
casinokonstanz.top,gambling
casinokorea777.com,gambling
casinokosmopole.com,gambling
casinokraken.top,gambling
casinokronos2.com,gambling
casinokronos3.com,gambling
casinokrpoker.shop,gambling
casinokrypto.com,gambling
casinoktx.com,gambling
casinokung.se,gambling
casinokursaal.top,gambling
casinokuwait.net,gambling
casinokz.org,gambling
casinol.ru,gambling
casinolabs.co,gambling
casinolabs.net,gambling
casinolager.com,gambling
casinolalabet.com,gambling
casinolalabet.org,gambling
casinolama.org,gambling
casinoland.co.za,gambling
casinoland.jp,gambling
casinoland.live,gambling
casinolandia.com,gambling
casinolangardens.com,gambling
casinolaosvegas.net,gambling
casinolariviera.net,gambling
casinolasvegas-online.com,gambling
casinolasvegas.com,gambling
casinolasvegaspool.online,gambling
casinolatinos.com,gambling
casinolayoutoppoker.shop,gambling
casinolead.ca,gambling
casinoleague.online,gambling
casinolefges.online,gambling
casinolegalenfrance.com,gambling
casinolegalfrancais.fr,gambling
casinolegzo.com,gambling
casinolegzo.org,gambling
casinolegzo1.org,gambling
casinolegzo2.org,gambling
casinolegzo2.win,gambling
casinolegzo3.org,gambling
casinolegzo4.org,gambling
casinolegzo5.org,gambling
casinolegzo6.org,gambling
casinolemmer.nl,gambling
casinoleo.xyz,gambling
casinoleon.com,gambling
casinoleon.top,gambling
casinolevant.cc,gambling
casinolevant.info,gambling
casinolevant.xyz,gambling
casinolevantadres.com,gambling
casinolevantgiris.net,gambling
casinolevs.com,gambling
casinolic.com,gambling
casinolifegame.shop,gambling
casinolifemagazine.com,gambling
casinolifemagazines.com,gambling
casinoliga88.com,gambling
casinolight.co,gambling
casinolignefrancais.com,gambling
casinolimitless.net,gambling
casinolimitless.org,gambling
casinolimo.net,gambling
casinoline.xyz,gambling
casinoline17.com,gambling
casinolineasocial.com,gambling
casinolinesite.com,gambling
casinolink.biz,gambling
casinolinkbuilding.com,gambling
casinoliplop.site,gambling
casinolisboa.top,gambling
casinolistaustralia.com,gambling
casinolister.co.uk,gambling
casinolistingonline.com,gambling
casinolistings.com,gambling
casinolistingshub.com,gambling
casinolistor.com,gambling
casinoliveswitch.com,gambling
casinolivet.dk,gambling
casinolivetonline.dk,gambling
casinolli303.com,gambling
casinolli304.com,gambling
casinollo.com,gambling
casinolockbetgame.shop,gambling
casinolockedslot.site,gambling
casinolodi.me,gambling
casinologin.co,gambling
casinologin.mobi,gambling
casinologinaustralia.com,gambling
casinologincanada.com,gambling
casinologinde.com,gambling
casinolooter.com,gambling
casinolottomatica.top,gambling
casinolounge.co.uk,gambling
casinolove.com,gambling
casinolove.link,gambling
casinolove.org,gambling
casinoluck.ca,gambling
casinoluck.com,gambling
casinoluckiaportugal.click,gambling
casinolucky88.link,gambling
casinoluckymoney.com,gambling
casinolugano.ch,gambling
casinolugano.top,gambling
casinoluncherpoker.site,gambling
casinolust.co,gambling
casinolux.com,gambling
casinoluxehotel2024.com,gambling
casinoluxepari.com,gambling
casinoluxor.com,gambling
casinoluxth.org,gambling
casinoly-it.com,gambling
casinoly12.com,gambling
casinolycasino.top,gambling
casinom-hub.com,gambling
casinom3bet.com,gambling
casinomachines.info,gambling
casinomadrynonline.top,gambling
casinomaestro.org,gambling
casinomagasinet.dk,gambling
casinomagazines.co.uk,gambling
casinomagic.info,gambling
casinomagic.top,gambling
casinomagiconline-argentina.com,gambling
casinomagiconline.top,gambling
casinomagiconlinebet.top,gambling
casinomagictouch.com,gambling
casinomagneten.se,gambling
casinomagyarorszag.com,gambling
casinomagzine.com,gambling
casinomalaysia.vip,gambling
casinomalta.se,gambling
casinomaltamgalicens.se,gambling
casinomamma.se,gambling
casinomanhattan.ro,gambling
casinomania.top,gambling
casinomariano.com,gambling
casinomark.co,gambling
casinomarketingclub.shop,gambling
casinomarketingexperts.com,gambling
casinomartini.com,gambling
casinomasonslots.com,gambling
casinomasonslots.nl,gambling
casinomassachusetts.com,gambling
casinomaster.live,gambling
casinomaster.site,gambling
casinomasteronline.com,gambling
casinomate1.com,gambling
casinomate3.com,gambling
casinomateau1.com,gambling
casinomates.com,gambling
casinomatic.com,gambling
casinomatters.com,gambling
casinomavens.com,gambling
casinomax.com,gambling
casinomax.io,gambling
casinomax.ru,gambling
casinomax.top,gambling
casinomaxbetsite.win,gambling
casinomaxclub.shop,gambling
casinomaxi-bonus.com,gambling
casinomaxi10.com,gambling
casinomaxi1000.info,gambling
casinomaxi1001.info,gambling
casinomaxi110.com,gambling
casinomaxi126.com,gambling
casinomaxi13.com,gambling
casinomaxi171.com,gambling
casinomaxi3.com,gambling
casinomaxi312.com,gambling
casinomaxi313.com,gambling
casinomaxi314.com,gambling
casinomaxi316.com,gambling
casinomaxi317.com,gambling
casinomaxi321.com,gambling
casinomaxi322.com,gambling
casinomaxi326.com,gambling
casinomaxi334.com,gambling
casinomaxi336.com,gambling
casinomaxi341.com,gambling
casinomaxi343.com,gambling
casinomaxi344.com,gambling
casinomaxi348.com,gambling
casinomaxi354.com,gambling
casinomaxi355.com,gambling
casinomaxi359.com,gambling
casinomaxi362.com,gambling
casinomaxi373.com,gambling
casinomaxi374.com,gambling
casinomaxi4.com,gambling
casinomaxi5.com,gambling
casinomaxi543.com,gambling
casinomaxi554.com,gambling
casinomaxi558.com,gambling
casinomaxi668.com,gambling
casinomaxi669.com,gambling
casinomaxi672.com,gambling
casinomaxi674.com,gambling
casinomaxi675.com,gambling
casinomaxi676.com,gambling
casinomaxi677.com,gambling
casinomaxi678.com,gambling
casinomaxi679.com,gambling
casinomaxi680.com,gambling
casinomaxi683.com,gambling
casinomaxi684.com,gambling
casinomaxi685.com,gambling
casinomaxi686.com,gambling
casinomaxi687.com,gambling
casinomaxi688.com,gambling
casinomaxi689.com,gambling
casinomaxi690.com,gambling
casinomaxi691.com,gambling
casinomaxi692.com,gambling
casinomaxi693.com,gambling
casinomaxi694.com,gambling
casinomaxi695.com,gambling
casinomaxi697.com,gambling
casinomaxi698.com,gambling
casinomaxi699.com,gambling
casinomaxi7.com,gambling
casinomaxi701.com,gambling
casinomaxi702.com,gambling
casinomaxi703.com,gambling
casinomaxi704.com,gambling
casinomaxi705.com,gambling
casinomaxi706.com,gambling
casinomaxi707.com,gambling
casinomaxi708.com,gambling
casinomaxi710.com,gambling
casinomaxi712.com,gambling
casinomaxi715.com,gambling
casinomaxi716.com,gambling
casinomaxi717.com,gambling
casinomaxi718.com,gambling
casinomaxi719.com,gambling
casinomaxi720.com,gambling
casinomaxi721.com,gambling
casinomaxi722.com,gambling
casinomaxi723.com,gambling
casinomaxi724.com,gambling
casinomaxi725.com,gambling
casinomaxi726.com,gambling
casinomaxi727.com,gambling
casinomaxi728.com,gambling
casinomaxi729.com,gambling
casinomaxi730.com,gambling
casinomaxi731.com,gambling
casinomaxi732.com,gambling
casinomaxi733.com,gambling
casinomaxi734.com,gambling
casinomaxi735.com,gambling
casinomaxi736.com,gambling
casinomaxi737.com,gambling
casinomaxi738.com,gambling
casinomaxi739.com,gambling
casinomaxi740.com,gambling
casinomaxi741.com,gambling
casinomaxi742.com,gambling
casinomaxi743.com,gambling
casinomaxi744.com,gambling
casinomaxi745.com,gambling
casinomaxi746.com,gambling
casinomaxi747.com,gambling
casinomaxi748.com,gambling
casinomaxi749.com,gambling
casinomaxi750.com,gambling
casinomaxi751.com,gambling
casinomaxi752.com,gambling
casinomaxi753.com,gambling
casinomaxi754.com,gambling
casinomaxi755.com,gambling
casinomaxi756.com,gambling
casinomaxi757.com,gambling
casinomaxi758.com,gambling
casinomaxi760.com,gambling
casinomaxi761.com,gambling
casinomaxi762.com,gambling
casinomaxi763.com,gambling
casinomaxi764.com,gambling
casinomaxi765.com,gambling
casinomaxi767.com,gambling
casinomaxi768.com,gambling
casinomaxi769.com,gambling
casinomaxi770.com,gambling
casinomaxi771.com,gambling
casinomaxi772.com,gambling
casinomaxi773.com,gambling
casinomaxi774.com,gambling
casinomaxi775.com,gambling
casinomaxi776.com,gambling
casinomaxi777.com,gambling
casinomaxi778.com,gambling
casinomaxi779.com,gambling
casinomaxi8.com,gambling
casinomaxi8001.com,gambling
casinomaxi801.com,gambling
casinomaxi9.com,gambling
casinomaxiguncel.com,gambling
casinomaxireklam.com,gambling
casinomaxisitesi.com,gambling
casinomaxonline.info,gambling
casinomaxonline.shop,gambling
casinomaxs.co,gambling
casinomazi.com,gambling
casinomcw-bangladesh.com,gambling
casinomcw.click,gambling
casinomcw.world,gambling
casinomcw19.com,gambling
casinomcwbangladesh.com,gambling
casinomcwcambodia.com,gambling
casinomcwphp.net,gambling
casinomcwvietnam.co,gambling
casinomcwvn.live,gambling
casinomech.in,gambling
casinomech.net,gambling
casinomediet.dk,gambling
casinomedspelpaus.net,gambling
casinomedsvensklicens.com,gambling
casinomedswish.net,gambling
casinomedswishuttag.com,gambling
casinomedtrustly.se,gambling
casinomedzimpler.se,gambling
casinomega.pro,gambling
casinomega475.com,gambling
casinomega476.com,gambling
casinomega477.com,gambling
casinomega478.com,gambling
casinomega479.com,gambling
casinomega480.com,gambling
casinomega481.com,gambling
casinomega482.com,gambling
casinomegabonus.pl,gambling
casinomegabonus.pro,gambling
casinomegagiris.pro,gambling
casinomegagirisadresi.pro,gambling
casinomegakasyno.pl,gambling
casinomegalogin.pl,gambling
casinomegalogowanie.pl,gambling
casinomegavip.pro,gambling
casinomekka.dk,gambling
casinomendrisio.top,gambling
casinomentor.com,gambling
casinomentor.info,gambling
casinomeritroyal.com,gambling
casinometer.co.uk,gambling
casinometric.com,gambling
casinometropol.cam,gambling
casinometropol.com.tr,gambling
casinometropol.world,gambling
casinometropol108.com,gambling
casinometropol11.com,gambling
casinometropol14.com,gambling
casinometropol188.com,gambling
casinometropol2.com,gambling
casinometropol298.com,gambling
casinometropol3.com,gambling
casinometropol4.com,gambling
casinometropol5.com,gambling
casinometropol531.com,gambling
casinometropol545.com,gambling
casinometropol6.com,gambling
casinometropol636.com,gambling
casinometropol638.com,gambling
casinometropol639.com,gambling
casinometropol640.com,gambling
casinometropol641.com,gambling
casinometropol642.com,gambling
casinometropol643.com,gambling
casinometropol644.com,gambling
casinometropol647.com,gambling
casinometropol649.com,gambling
casinometropol650.com,gambling
casinometropol651.com,gambling
casinometropol652.com,gambling
casinometropol653.com,gambling
casinometropol654.com,gambling
casinometropol655.com,gambling
casinometropol656.com,gambling
casinometropol657.com,gambling
casinometropol658.com,gambling
casinometropol659.com,gambling
casinometropol660.com,gambling
casinometropol661.com,gambling
casinometropol662.com,gambling
casinometropol663.com,gambling
casinometropol664.com,gambling
casinometropol665.com,gambling
casinometropol667.com,gambling
casinometropol668.com,gambling
casinometropol669.com,gambling
casinometropol670.com,gambling
casinometropol671.com,gambling
casinometropol672.com,gambling
casinometropol673.com,gambling
casinometropol674.com,gambling
casinometropol675.com,gambling
casinometropol677.com,gambling
casinometropol678.com,gambling
casinometropol679.com,gambling
casinometropol680.com,gambling
casinometropol681.com,gambling
casinometropol682.com,gambling
casinometropol683.com,gambling
casinometropol684.com,gambling
casinometropol685.com,gambling
casinometropol686.com,gambling
casinometropol687.com,gambling
casinometropol688.com,gambling
casinometropol689.com,gambling
casinometropol690.com,gambling
casinometropol691.com,gambling
casinometropol692.com,gambling
casinometropol693.com,gambling
casinometropol694.com,gambling
casinometropol695.com,gambling
casinometropol697.com,gambling
casinometropol698.com,gambling
casinometropol699.com,gambling
casinometropol7.com,gambling
casinometropol702.com,gambling
casinometropol703.com,gambling
casinometropol705.com,gambling
casinometropol706.com,gambling
casinometropol707.com,gambling
casinometropol708.com,gambling
casinometropol709.com,gambling
casinometropol710.com,gambling
casinometropol711.com,gambling
casinometropol712.com,gambling
casinometropol713.com,gambling
casinometropol714.com,gambling
casinometropol715.com,gambling
casinometropol716.com,gambling
casinometropol717.com,gambling
casinometropol718.com,gambling
casinometropol719.com,gambling
casinometropol720.com,gambling
casinometropol721.com,gambling
casinometropol722.com,gambling
casinometropol723.com,gambling
casinometropol725.com,gambling
casinometropol726.com,gambling
casinometropol727.com,gambling
casinometropol728.com,gambling
casinometropol729.com,gambling
casinometropol730.com,gambling
casinometropol731.com,gambling
casinometropol732.com,gambling
casinometropol733.com,gambling
casinometropol734.com,gambling
casinometropol735.com,gambling
casinometropol736.com,gambling
casinometropol737.com,gambling
casinometropol738.com,gambling
casinometropol739.com,gambling
casinometropol740.com,gambling
casinometropol741.com,gambling
casinometropol742.com,gambling
casinometropol743.com,gambling
casinometropol8.com,gambling
casinometropol8001.com,gambling
casinometropol9.com,gambling
casinometropolreklam.com,gambling
casinomexico.com,gambling
casinomidasespana.top,gambling
casinomiddelkerke.top,gambling
casinomidnight.com,gambling
casinomilyon.net,gambling
casinomilyon196.com,gambling
casinomilyon198.com,gambling
casinomilyon203.com,gambling
casinomilyon205.com,gambling
casinomilyon210.com,gambling
casinomilyon214.com,gambling
casinomilyon215.com,gambling
casinomilyon216.com,gambling
casinomilyon219.com,gambling
casinomilyon226.com,gambling
casinomilyon293.com,gambling
casinomilyon295.com,gambling
casinomilyon297.com,gambling
casinomilyon299.com,gambling
casinomilyon301.com,gambling
casinomilyon302.com,gambling
casinomilyon303.com,gambling
casinomilyon306.com,gambling
casinomilyon307.com,gambling
casinomilyon309.com,gambling
casinomilyon311.com,gambling
casinomilyon312.com,gambling
casinomilyon313.com,gambling
casinomilyon332.com,gambling
casinomilyon334.com,gambling
casinomir.com,gambling
casinomirage.com,gambling
casinomistercash.com,gambling
casinomitsofortauszahlung.com,gambling
casinomitwillkommensbonus.de,gambling
casinomoab.com,gambling
casinomobi1.com,gambling
casinomobi15.com,gambling
casinomobi2.com,gambling
casinomobi3.com,gambling
casinomobi4.com,gambling
casinomobi5.com,gambling
casinomobi6.com,gambling
casinomobi7.com,gambling
casinomobi8.com,gambling
casinomobilbonus.com,gambling
casinomobilebonuses.com,gambling
casinomobileusa.com,gambling
casinomobule.com,gambling
casinomodule.com,gambling
casinomonaco.top,gambling
casinomond.top,gambling
casinomonopoly.top,gambling
casinomonro-online.ru,gambling
casinomonrowin-online.ru,gambling
casinomontecarlo.top,gambling
casinomoonsau.com,gambling
casinomostbet-kz.ru,gambling
casinomya.info,gambling
casinomystake.fr,gambling
casinomystake.top,gambling
casinomythos.com,gambling
casinon-sverige.nu,gambling
casinon.com,gambling
casinon.in,gambling
casinon2022.se,gambling
casinonadbettingusa.com,gambling
casinonamur.top,gambling
casinonandbettingnl.com,gambling
casinonano.com,gambling
casinonapoleon.xyz,gambling
casinonational.com,gambling
casinonational.top,gambling
casinonationalpoker.site,gambling
casinonb.ca,gambling
casinonearme.review,gambling
casinonederlandonline.net,gambling
casinonetti.com,gambling
casinonetti.online,gambling
casinonetworkasia.com,gambling
casinonewhampshire.com,gambling
casinonews.ge,gambling
casinonewsdaily.com,gambling
casinonewshub.com,gambling
casinonewsmedia.com,gambling
casinonewspost.shop,gambling
casinoniagara.com,gambling
casinonic.com,gambling
casinonic.top,gambling
casinonicau.com,gambling
casinonicaustralia.com,gambling
casinonicplay.com,gambling
casinonicplay2.com,gambling
casinonieuwpoort.top,gambling
casinonieuws.nl,gambling
casinonl1ne.com,gambling
casinonl1ne.info,gambling
casinonlinebr.us,gambling
casinonlinenews.com,gambling
casinonlines.com,gambling
casinonmed.se,gambling
casinonmedlicens.se,gambling
casinonmedsvensklicens.online,gambling
casinonodepositbonus.ltd,gambling
casinononaams.biz,gambling
casinononaams.guru,gambling
casinononaams.site,gambling
casinononlinea.se,gambling
casinonorden.se,gambling
casinonorge.io,gambling
casinonorge.online,gambling
casinonotices.com,gambling
casinonotongamstop.ltd,gambling
casinonoxaustralia.com,gambling
casinonsvenska.eu,gambling
casinonutansvensklicens.club,gambling
casinonutomlands.se,gambling
casinony.com,gambling
casinonyny.com,gambling
casinonyttigt.se,gambling
casinonz10.com,gambling
casinooasisescape.com,gambling
casinoobjective.com,gambling
casinoodds.se,gambling
casinooffers.nl,gambling
casinoofficialnyirating2023.win,gambling
casinooffline.co,gambling
casinooffline.info,gambling
casinooffline.net,gambling
casinooffline.org,gambling
casinoofgold-hu.click,gambling
casinoofgold.top,gambling
casinooficialnoieirating2023.win,gambling
casinooficialraiting-2023.win,gambling
casinooftheearth.com,gambling
casinoofthekings.ca,gambling
casinoofthekings.com,gambling
casinoogspilleautomater.dk,gambling
casinoogspillemaskiner.dk,gambling
casinoohne1eurolimit.com,gambling
casinoohneanmeldung.io,gambling
casinoohnebonus.de,gambling
casinoohnelimit-de.com,gambling
casinoohnelugas.de,gambling
casinoohneoasis.app,gambling
casinoohneoasis.net,gambling
casinoohnesperrdatei.net,gambling
casinoohneverifizierung.org,gambling
casinooma.com,gambling
casinoone.top,gambling
casinoonline-bet.com,gambling
casinoonline-ca.com,gambling
casinoonline-ch.com,gambling
casinoonline-chile.cl,gambling
casinoonline-pt.com,gambling
casinoonline.com.ph,gambling
casinoonline.de,gambling
casinoonline.forumer.it,gambling
casinoonline.jp,gambling
casinoonline.kz,gambling
casinoonline.lt,gambling
casinoonline.partners,gambling
casinoonline.rs,gambling
casinoonline.so,gambling
casinoonline121.com,gambling
casinoonline21.com,gambling
casinoonline365.se,gambling
casinoonline39.com,gambling
casinoonline777.it,gambling
casinoonline888.com,gambling
casinoonlineaams.com,gambling
casinoonlineads.com,gambling
casinoonlineafrica.com,gambling
casinoonlineapp.ph,gambling
casinoonlinebang.com,gambling
casinoonlinebeton.com,gambling
casinoonlineca.ca,gambling
casinoonlinecambodia.com,gambling
casinoonlinecanadian.net,gambling
casinoonlineenchile.cl,gambling
casinoonlineespana.biz,gambling
casinoonlineespana.fun,gambling
casinoonlineespana.gratis,gambling
casinoonlinefrancais.fr,gambling
casinoonlinefrancais.info,gambling
casinoonlineiew.com,gambling
casinoonlineinus.com,gambling
casinoonlinek.com,gambling
casinoonlinelive.dk,gambling
casinoonlinemexico.info,gambling
casinoonlinenonaams.com,gambling
casinoonlinephilippines.net,gambling
casinoonlinerealmoney.best,gambling
casinoonlines.jp,gambling
casinoonlinesa.com,gambling
casinoonlinesingapore888.org,gambling
casinoonlineslots777.com,gambling
casinoonlinesoc.com,gambling
casinoonlinespielen.info,gambling
casinoonlinet.com,gambling
casinoonlinethai.com,gambling
casinoonlinethailand.com,gambling
casinoonlinetop.ru,gambling
casinoonlinetopreit2023.win,gambling
casinoonlinetopreitingi2023.win,gambling
casinoonlineuk.ltd,gambling
casinoonlineutankonto.se,gambling
casinoonlinevenezuela.net,gambling
casinoonlineww.com,gambling
casinoonnet.com,gambling
casinoontario10.com,gambling
casinooostende.top,gambling
casinooprom.com,gambling
casinoorient.com,gambling
casinoostar.com,gambling
casinooutlookappins.online,gambling
casinooversikt.com,gambling
casinooyunlari4.com,gambling
casinoozwin1.com,gambling
casinopacific.com,gambling
casinopack.co,gambling
casinopapperlop.site,gambling
casinoparadiset.com,gambling
casinoparatodos.org,gambling
casinopartiesinfranklin.com,gambling
casinopartiesinmonterey.com,gambling
casinopartiesinnashville.com,gambling
casinopartiesinreno.com,gambling
casinopartiesinsandiego.com,gambling
casinopartiesintampa.com,gambling
casinopartner.com,gambling
casinopartners.net,gambling
casinopartouche.org,gambling
casinopartycoach.com,gambling
casinopartyllc.com,gambling
casinopartymanager.com,gambling
casinopartypals.com,gambling
casinopartyplannersireland.com,gambling
casinopastime.com,gambling
casinopauseandplay.es,gambling
casinopawnbrokers.com.au,gambling
casinopaybymobile.top,gambling
casinopaymentgateway.com,gambling
casinopaymobile.com,gambling
casinopaynplay.se,gambling
casinopaypal-au.top,gambling
casinopaypal-es.top,gambling
casinopaypal.co.uk,gambling
casinopaypal.se,gambling
casinope.com,gambling
casinopea.org,gambling
casinopearls.com,gambling
casinopedia.com,gambling
casinopedia.org,gambling
casinopeep.com,gambling
casinopelican-top.com,gambling
casinopelurit.com,gambling
casinoper.com,gambling
casinoper056.com,gambling
casinoper083.com,gambling
casinoper143.com,gambling
casinoper202.com,gambling
casinoper256.com,gambling
casinoper352.com,gambling
casinoper355.com,gambling
casinoper451.com,gambling
casinoper478.com,gambling
casinoper528.com,gambling
casinoper619.com,gambling
casinoper648.com,gambling
casinoper790.com,gambling
casinoper859.com,gambling
casinoper882.com,gambling
casinoper904.com,gambling
casinoper911.com,gambling
casinoper973.com,gambling
casinoper976.com,gambling
casinoper998.com,gambling
casinopergiris.xyz,gambling
casinopesa.co.tz,gambling
casinopgslotufa.site,gambling
casinoph.cloud,gambling
casinoph.live,gambling
casinophd.com,gambling
casinophilippines10.com,gambling
casinophones.net,gambling
casinopicnic.com,gambling
casinopie.co.nz,gambling
casinopiernj.com,gambling
casinopiloot.com,gambling
casinopilot.ca,gambling
casinopilot24.com,gambling
casinopilota.it,gambling
casinopilotslot.site,gambling
casinopin-up.kz,gambling
casinopinctada.com,gambling
casinopinup-siteofficialnyiy777-win.win,gambling
casinopinup.com.mx,gambling
casinopinup.net,gambling
casinopinup.org,gambling
casinopinup777-win.win,gambling
casinopinupofficial777-win.top,gambling
casinopinupofficial777-win.win,gambling
casinopinupofficialnoie777-win.top,gambling
casinopinupofficialnoie777-win.win,gambling
casinopinupofficialnui777-win.win,gambling
casinopinupofficialnye777-win.top,gambling
casinopinupofficialnyoi777.win,gambling
casinopinupofficialnyy09-win.win,gambling
casinopinupofficialnyy153-win.win,gambling
casinopinupofficialnyy578-win.win,gambling
casinopinupofficialnyy87-win.win,gambling
casinopinupofficialnyyi4577-win.win,gambling
casinopinupofficialnyyi777-win.top,gambling
casinopinupofficialnyyi777-win.win,gambling
casinopinupofficianyi777.win,gambling
casinopinupoficial777-win.top,gambling
casinopinupsiteofficialnuie777-win.win,gambling
casinopinupsofficialniey77-win.win,gambling
casinopinupsofficialnoo77-win.win,gambling
casinopinupsofficialnoo888-win.win,gambling
casinopinuptop127-win.win,gambling
casinopinuptop221-win.win,gambling
casinopinuptop223-win.win,gambling
casinopinuptop227-win.win,gambling
casinopinuptop237-win.win,gambling
casinopinuptop7-win.win,gambling
casinopinuptop787-win.win,gambling
casinopl-pin-up.ru,gambling
casinoplan.co,gambling
casinoplan.shop,gambling
casinoplanet888.com,gambling
casinoplanete.com,gambling
casinoplatform.site,gambling
casinoplay-pin-up.ru,gambling
casinoplay-pin-up1.ru,gambling
casinoplay.co.za,gambling
casinoplay.com,gambling
casinoplay2023-pin-up.ru,gambling
casinoplay2win.us,gambling
casinoplaycraft.info,gambling
casinoplayer.com,gambling
casinoplayersadvocate.com,gambling
casinoplayofficialnyirating2023.win,gambling
casinoplaza.com,gambling
casinoplus-login.com.ph,gambling
casinoplus.com.ph,gambling
casinoplus.net.ph,gambling
casinoplus227.com,gambling
casinoplus229.com,gambling
casinoplus231.com,gambling
casinoplus233.com,gambling
casinoplus235.com,gambling
casinoplus236.com,gambling
casinoplus237.com,gambling
casinoplus238.com,gambling
casinoplus239.com,gambling
casinoplus241.com,gambling
casinoplus243.com,gambling
casinoplus245.com,gambling
casinoplus247.com,gambling
casinoplus88.info,gambling
casinoplusapp.com,gambling
casinoplusbet.com,gambling
casinopluslive.com,gambling
casinoplusonline.com,gambling
casinoplusonlineph.com,gambling
casinoplusph.net,gambling
casinoplusph.online,gambling
casinoplusphaa.com,gambling
casinopoint.in,gambling
casinopointcz.com,gambling
casinopoker.co,gambling
casinopokerdom.fun,gambling
casinopokerdom.org,gambling
casinopokerdomg.buzz,gambling
casinopokeritalia.it,gambling
casinopokerlook.site,gambling
casinopokerseo.com,gambling
casinopokies777.com,gambling
casinopokiessocial.com,gambling
casinopop236.com,gambling
casinopop237.com,gambling
casinopop238.com,gambling
casinopop241.com,gambling
casinopop242.com,gambling
casinopop243.com,gambling
casinopop244.com,gambling
casinopop245.com,gambling
casinoporium.xyz,gambling
casinoporn.com,gambling
casinoporn.net,gambling
casinoport359.com,gambling
casinoport367.com,gambling
casinoportugal-best.com,gambling
casinoportugal.online,gambling
casinoportugal.pt,gambling
casinoportugaljogos.com,gambling
casinoportugalonline.org,gambling
casinoposeidon.com,gambling
casinoposeidon.vip,gambling
casinopost.info,gambling
casinoposten.dk,gambling
casinopoundslot.site,gambling
casinopovoa.top,gambling
casinopower.club,gambling
casinoppoollholting.shop,gambling
casinopprom.com,gambling
casinoppum.com,gambling
casinopradise.site,gambling
casinopragmaticplay.com,gambling
casinopremiumclubs.com,gambling
casinoprenses1.com,gambling
casinopressen.se,gambling
casinoprestige.co.uk,gambling
casinopretoria.com,gambling
casinopride.online,gambling
casinoprime.info,gambling
casinoprimeonline.com,gambling
casinoprize.co.uk,gambling
casinopro.la,gambling
casinoprofessori.fi,gambling
casinoprogressives.com,gambling
casinoprom-app.com,gambling
casinoprom-giris.com,gambling
casinoprom-sikayetvar.com,gambling
casinoprom.info,gambling
casinoprom.net,gambling
casinoprom.org,gambling
casinoprom.top,gambling
casinoprom.xyz,gambling
casinoprombonus.com,gambling
casinopromcanlidestek.com,gambling
casinopromcasino.com,gambling
casinopromgiris.com,gambling
casinopromgirisi.com,gambling
casinopromgirisyap.com,gambling
casinopromguncel.com,gambling
casinopromguncelgiris.com,gambling
casinopromm.com,gambling
casinoprommail.com,gambling
casinopromo365.com,gambling
casinopromot.net,gambling
casinopromote.com,gambling
casinopromotion.com,gambling
casinopromreferral.com,gambling
casinopromsikayet.com,gambling
casinopromtwitter.com,gambling
casinopromuyelik.com,gambling
casinopronews.com,gambling
casinoproom.com,gambling
casinoproper.com,gambling
casinoproplay88.com,gambling
casinoproplay88.us,gambling
casinoprrom.com,gambling
casinopt.pt,gambling
casinopulpo.com,gambling
casinopunkz.com,gambling
casinopunkz.games,gambling
casinoqueen.in,gambling
casinoquesthub.com,gambling
casinoquestrealm.com,gambling
casinoquickpicks.online,gambling
casinoquill.com,gambling
casinor.info,gambling
casinor7online.site,gambling
casinor7online.xyz,gambling
casinora-cd.top,gambling
casinora-hrg.top,gambling
casinora-mir.top,gambling
casinora-ujw.top,gambling
casinora-vj.top,gambling
casinorabona.it,gambling
casinoradar.live,gambling
casinoraitingsite-top2023.win,gambling
casinoraitingsitetop1-2023.win,gambling
casinoraitingsitetop2-2023.win,gambling
casinoraitingsitetop2023.win,gambling
casinoraja.in,gambling
casinorama.com,gambling
casinoramada155.com,gambling
casinoramada47.com,gambling
casinorange.com,gambling
casinorankedsite.com,gambling
casinorankedweb.com,gambling
casinoranking.lv,gambling
casinorankings.com,gambling
casinorankingsite.com,gambling
casinorate2023ru.ru,gambling
casinorate3.ru,gambling
casinorate4.ru,gambling
casinorates.online,gambling
casinoratgeber.de,gambling
casinorating-belgium.com,gambling
casinoratingguide.com,gambling
casinoratingofficial-2023.win,gambling
casinoratingofficial1-2023.win,gambling
casinoratingofficial3-2023.win,gambling
casinoratingofficial5-2023.win,gambling
casinoratingslot-2023.win,gambling
casinoratingto10-2023.win,gambling
casinoratingto63-2023.win,gambling
casinoratingto87-2023.win,gambling
casinoratingtop6.win,gambling
casinoratingtopsloty1-2023.win,gambling
casinoratingtopsloty2-2023.win,gambling
casinoratingtopsloty2023.win,gambling
casinoray.co,gambling
casinoreal.pt,gambling
casinoreal.vip,gambling
casinorealcashslots.com,gambling
casinorealmoney.us,gambling
casinorealmoneyboz.com,gambling
casinorealmoneydob.com,gambling
casinorealmoneytgrf.com,gambling
casinorealmoneyx.com,gambling
casinorealmoneyy.com,gambling
casinorealusa.com,gambling
casinorecension.net,gambling
casinorecensioner.nu,gambling
casinoredir.com,gambling
casinoreg.net,gambling
casinoregina.com,gambling
casinoreise.com,gambling
casinorejtingtop724-2023.win,gambling
casinorejtingtop794-2023.win,gambling
casinorejtingtop84-2023.win,gambling
casinorejtingtop962-2023.win,gambling
casinorelaxtable.shop,gambling
casinoreport.nl,gambling
casinoreports.ca,gambling
casinoreports.com,gambling
casinoresortwin.com,gambling
casinoresourcecorp.com,gambling
casinoreviewbangladesh.com,gambling
casinoreviewer.org,gambling
casinoreviewers.com,gambling
casinoreviewlist.com,gambling
casinoreviewru4.top,gambling
casinoreviews.com,gambling
casinoreviews.net,gambling
casinoreviews.net.nz,gambling
casinoreviews.nl,gambling
casinoreviewsandbonuses.com,gambling
casinorevolution.net,gambling
casinorewards.co.uk,gambling
casinorewards.com,gambling
casinorewards.info,gambling
casinorewardsportal.online,gambling
casinorex.com,gambling
casinorex.top,gambling
casinoreytingtop-2023.win,gambling
casinoriget.dk,gambling
casinorio.bet,gambling
casinoriobet.cloud,gambling
casinoriouruguay.com,gambling
casinority.com,gambling
casinoriva.com,gambling
casinorivernile.com,gambling
casinoriviera.top,gambling
casinorkent.top,gambling
casinoroar.com,gambling
casinorobots.com,gambling
casinorocket.com,gambling
casinorollingwave.info,gambling
casinoroo.io,gambling
casinoroom.top,gambling
casinoroom.vip,gambling
casinoroomkaszino.top,gambling
casinorosario.top,gambling
casinoroulette.it,gambling
casinoroundtable.com,gambling
casinorounter.site,gambling
casinorox-auto3.com,gambling
casinorox-auto3.ru,gambling
casinorox-ry18.ru,gambling
casinorox-ry1t.com,gambling
casinorox-ry4.top,gambling
casinorox-ry5.top,gambling
casinorox.ru.com,gambling
casinoroxy.top,gambling
casinoroyal.club,gambling
casinoroyal.cv,gambling
casinoroyal224.com,gambling
casinoroyal224.link,gambling
casinoroyaldragon.com,gambling
casinoroyale88.net,gambling
casinoroyalecasino.com,gambling
casinoroyalehotel.com,gambling
casinoroyalflush.online,gambling
casinoroyaltyclub.com,gambling
casinoroyaltyclub.shop,gambling
casinoru-2023.ru,gambling
casinoru-ratingtop1-2023.win,gambling
casinoru-ratingtop2023.win,gambling
casinoru1-2023.ru,gambling
casinoru12.win,gambling
casinoru2-2023.ru,gambling
casinoru25.win,gambling
casinoru257.win,gambling
casinoru3-2023.ru,gambling
casinoru4-2023.ru,gambling
casinoru5-2023.ru,gambling
casinoru735.win,gambling
casinoru90.win,gambling
casinoru99.win,gambling
casinoruby.net,gambling
casinoruby88.com,gambling
casinorulz.com,gambling
casinorummypool.online,gambling
casinorushde.com,gambling
casinorushpl.com,gambling
casinorust.com,gambling
casinory.xyz,gambling
casinos---frank.ru,gambling
casinos-555.com,gambling
casinos-advisor.com,gambling
casinos-affiliate.com,gambling
casinos-agent.com,gambling
casinos-best.online,gambling
casinos-best.site,gambling
casinos-biz.com,gambling
casinos-bonuscodes.com,gambling
casinos-california.com,gambling
casinos-canadiens.org,gambling
casinos-crusino.com,gambling
casinos-curacao.com,gambling
casinos-elslot.com,gambling
casinos-en-francais.com,gambling
casinos-en-ligne-de-france.com,gambling
casinos-en-ligne.fr,gambling
casinos-en-linea.mx,gambling
casinos-enligne.com,gambling
casinos-escape.com,gambling
casinos-experts.com,gambling
casinos-f1.pl,gambling
casinos-gold.top,gambling
casinos-golden.com,gambling
casinos-goldis.xyz,gambling
casinos-goldup.xyz,gambling
casinos-guide-onnet.info,gambling
casinos-guru.com,gambling
casinos-hits.com,gambling
casinos-home.com,gambling
casinos-in-washington-state.com,gambling
casinos-india.in,gambling
casinos-jackpots.net,gambling
casinos-jet.com,gambling
casinos-legzo.ru,gambling
casinos-lewus.xyz,gambling
casinos-mate.com,gambling
casinos-melbet-bonuses.pw,gambling
casinos-mga.com,gambling
casinos-mit-googlepay.top,gambling
casinos-money.xyz,gambling
casinos-neteller.com,gambling
casinos-newz.com,gambling
casinos-non-uk.com,gambling
casinos-online-en-mexico.mx,gambling
casinos-online-en-peru.pe,gambling
casinos-online.id,gambling
casinos-online.org,gambling
casinos-opiniones.com,gambling
casinos-payid.com,gambling
casinos-pinup-officialniy777-win.win,gambling
casinos-pinup.com,gambling
casinos-pinup.net,gambling
casinos-portugal.info,gambling
casinos-review.in,gambling
casinos-rus.com,gambling
casinos-seguros.com,gambling
casinos-slots.xyz,gambling
casinos-starda.com,gambling
casinos-starda.ru,gambling
casinos-top.net,gambling
casinos-utan-svensk-licens.com,gambling
casinos-vavada.online,gambling
casinos-vavada.pro,gambling
casinos-vergleich.de,gambling
casinos-virtuels.net,gambling
casinos-volna.top,gambling
casinos-volna23.top,gambling
casinos-x-officia2321.win,gambling
casinos-x-officia421.win,gambling
casinos-x-officia425.win,gambling
casinos-x-officia478.win,gambling
casinos-x-officia742.win,gambling
casinos-x-official689.win,gambling
casinos-x13.win,gambling
casinos-x86.win,gambling
casinos-x95.win,gambling
casinos-yyy.com,gambling
casinos.9-online.com,gambling
casinos.at,gambling
casinos.buzz,gambling
casinos.cc,gambling
casinos.cl,gambling
casinos.co.za,gambling
casinos.com,gambling
casinos.com.co,gambling
casinos.com.ec,gambling
casinos.com.py,gambling
casinos.com.ve,gambling
casinos.de,gambling
casinos.guru,gambling
casinos.it,gambling
casinos.stills.com,gambling
casinos.uk.com,gambling
casinos.us,gambling
casinos.vip,gambling
casinos123.com,gambling
casinos2023.net,gambling
casinos24.nl,gambling
casinos247.net,gambling
casinos24online.com,gambling
casinos2go.com,gambling
casinos2win.com,gambling
casinos411.com,gambling
casinos69.com,gambling
casinosafe.se,gambling
casinosafety.xyz,gambling
casinosajter.co,gambling
casinosalesmaster.com,gambling
casinosallinfo.com,gambling
casinosalmon.com,gambling
casinosaloons.com,gambling
casinosamachar.com,gambling
casinosanalyzer.ca,gambling
casinosanalyzer.com,gambling
casinosandco.com,gambling
casinosanlyzer.com,gambling
casinosanremo.it,gambling
casinosanremo.top,gambling
casinosansdepot.org,gambling
casinosansinscription.com,gambling
casinosantafe.top,gambling
casinosapproved.info,gambling
casinosarg.com,gambling
casinosatta.com,gambling
casinosau.net,gambling
casinosaurie.se,gambling
casinosavenue.com,gambling
casinosaware.ca,gambling
casinosaware.com,gambling
casinosbanger.com,gambling
casinosbarriere.com,gambling
casinosbewertung.de,gambling
casinosbola.com,gambling
casinosbonusar.nu,gambling
casinoscad.com,gambling
casinoscamalerts.com,gambling
casinoscanada.com,gambling
casinoscanada.reviews,gambling
casinoschilenos.cl,gambling
casinosconnect.shop,gambling
casinoscore.click,gambling
casinoscores.top,gambling
casinoscout.ca,gambling
casinoscout.com,gambling
casinoscout.io,gambling
casinoscout.nl,gambling
casinoscratchmania.com,gambling
casinoscripting.com,gambling
casinosdays.com,gambling
casinosdio.com,gambling
casinosdiver.com,gambling
casinosdppac.com,gambling
casinosduquebec.com,gambling
casinoseasy.com,gambling
casinoseasydeposit.com,gambling
casinosecret.com,gambling
casinoseed.com,gambling
casinoseeker.net,gambling
casinoseemed.com,gambling
casinosehub.com,gambling
casinoselector.best,gambling
casinoselector.info,gambling
casinoselector.live,gambling
casinoselector.net,gambling
casinoselladas.pro,gambling
casinoselslotz.com,gambling
casinoseninternet.com,gambling
casinosenlaweb.com,gambling
casinosenligne-francais.co,gambling
casinosenligne.net,gambling
casinosenligneavis.com,gambling
casinosenlignecanada.ca,gambling
casinosenlignesuisse.com,gambling
casinosensei.co,gambling
casinosensualmassagelondon.uk,gambling
casinoseo.net,gambling
casinoserious.com,gambling
casinoservice.org,gambling
casinosespanol.com,gambling
casinoseven.uk,gambling
casinosfellow.com,gambling
casinosfest.com,gambling
casinosflash.com,gambling
casinosfolder.com,gambling
casinosfor.com,gambling
casinosforfun.com,gambling
casinosfrancaisenligne.fr,gambling
casinosfresh.com,gambling
casinosgold.club,gambling
casinosgold.net,gambling
casinosgold.top,gambling
casinosgold.vip,gambling
casinosgolden.xyz,gambling
casinosgolder.xyz,gambling
casinosgoldi.xyz,gambling
casinosgoldis.xyz,gambling
casinosgolds.xyz,gambling
casinosgoldup.xyz,gambling
casinosgoldy.com,gambling
casinoshare.ca,gambling
casinoshare.eu,gambling
casinoshareonline.click,gambling
casinoshark.eu,gambling
casinoshart.com,gambling
casinoshka.buzz,gambling
casinoshka.live,gambling
casinoshka.monster,gambling
casinoshka.shop,gambling
casinoshka.site,gambling
casinoshka.today,gambling
casinoshka1.buzz,gambling
casinoshka2.buzz,gambling
casinoshka3.buzz,gambling
casinosholland.nl,gambling
casinoshopufabet.online,gambling
casinoshopusa.com,gambling
casinoshortfom.site,gambling
casinoshouse.co,gambling
casinoshouseslot.shop,gambling
casinoshowboat.site,gambling
casinoshowhand.com,gambling
casinoshub.com,gambling
casinoshunter.com,gambling
casinosicht.com,gambling
casinosicurionline.net,gambling
casinosidor.site,gambling
casinosieger.top,gambling
casinosignupbonus.ltd,gambling
casinosilver.co.uk,gambling
casinosin.in,gambling
casinosinaia.top,gambling
casinosinchile.com,gambling
casinosindian.com,gambling
casinosingapore.online,gambling
casinosingup.com,gambling
casinosinontario.net,gambling
casinosinus.com,gambling
casinosisal.top,gambling
casinosisland.com,gambling
casinosite.fun,gambling
casinosite.link,gambling
casinosite.one,gambling
casinosite.win,gambling
casinosite.zone,gambling
casinosite777.info,gambling
casinosite777.top,gambling
casinosite88.com,gambling
casinosite934.com,gambling
casinositebonuslari.com,gambling
casinositefinder.com,gambling
casinositeguide.com,gambling
casinositehome.com,gambling
casinositehot.com,gambling
casinositekim.com,gambling
casinositeking.com,gambling
casinositeleeri.com,gambling
casinositeler2024.com,gambling
casinositeleri-giris-tr.com,gambling
casinositeleri-giris.com,gambling
casinositeleri.fun,gambling
casinositeleri.me,gambling
casinositeleri2024.org,gambling
casinositenet.com,gambling
casinositeonline.net,gambling
casinositepick.com,gambling
casinositerank.com,gambling
casinosites.club,gambling
casinosites.kr,gambling
casinosites.one,gambling
casinosites.tech,gambling
casinositescanada.net,gambling
casinositesi.co,gambling
casinositesoffers.org.uk,gambling
casinositesreview.io,gambling
casinositesuk.ltd,gambling
casinositesuk.net,gambling
casinositetop.com,gambling
casinositewiki.com,gambling
casinositezone.com,gambling
casinosjouer.com,gambling
casinosjungle.com,gambling
casinoskandal.com,gambling
casinoskateco.com,gambling
casinoskorona777.click,gambling
casinoslegzo.ru,gambling
casinoslev.xyz,gambling
casinosleva.xyz,gambling
casinoslewa.xyz,gambling
casinoslewus.xyz,gambling
casinoslotcards.my.id,gambling
casinoslotes.com,gambling
casinoslotgiris.com,gambling
casinoslotland.online,gambling
casinoslotloubster.site,gambling
casinoslotmachine.org,gambling
casinoslotmachinegames.com,gambling
casinoslotmachines.co,gambling
casinoslotmagzine.shop,gambling
casinoslotmixer.net,gambling
casinoslotonline.info,gambling
casinoslotonlinehouse.com,gambling
casinoslotpokerbreak.shop,gambling
casinoslots.cl,gambling
casinoslots.co.za,gambling
casinoslotsbest87.com,gambling
casinoslotsbonus.net,gambling
casinoslotsbonuses.net,gambling
casinoslotsbonusguide.com,gambling
casinoslotsdanmark.dk,gambling
casinoslotsensation.net,gambling
casinoslotshub.co.uk,gambling
casinoslotsmachineonline.shop,gambling
casinoslotsonline.dk,gambling
casinoslotsvibes.com,gambling
casinoslottyway.com,gambling
casinoslotwin.site,gambling
casinoslotworld.com,gambling
casinoslovenia.com,gambling
casinoslovenija10.com,gambling
casinoslovenske.com,gambling
casinosmagik.com,gambling
casinosmalaysiaonline.com,gambling
casinosmart.co,gambling
casinosmart.io,gambling
casinosmash.com,gambling
casinosmax.com,gambling
casinosmetideal.org,gambling
casinosminnesota.com,gambling
casinosmoney.xyz,gambling
casinosnabbauttag.net,gambling
casinosnai.net,gambling
casinosnavi.com,gambling
casinosnederland.com,gambling
casinosnet.us,gambling
casinosniffer.com,gambling
casinosnobrasil.com.br,gambling
casinosnotonbetstop.com,gambling
casinosnotonbetstop.org,gambling
casinosnotongamstop.eu,gambling
casinosnotongamstop.ltd,gambling
casinosnotongamstop.net,gambling
casinosnotongamstop.online,gambling
casinosnotongamstop.org,gambling
casinosnotongamstopuk.co.uk,gambling
casinosnotongamstopuk.ltd,gambling
casinosnuevos.org,gambling
casinosnz.io,gambling
casinosoc88.com,gambling
casinosocialeonline.com,gambling
casinosocialite.us,gambling
casinosocialmedia.site,gambling
casinosofcanada.vip,gambling
casinosofficialnoyeraiting-2023.win,gambling
casinosofficials-2022.win,gambling
casinosofficials712.win,gambling
casinosofficials996.win,gambling
casinosoficialnotopraiting-2023.win,gambling
casinosoficialnoyeraiting-2023.win,gambling
casinosoficialnoyiraiting-2023.win,gambling
casinosofla.com,gambling
casinosofortauszahlung.top,gambling
casinosoft.com,gambling
casinosoft.net,gambling
casinosoftheyear.shop,gambling
casinosohneoasis.net,gambling
casinosohub.us,gambling
casinosol-hostel10.ru,gambling
casinosol-hostel11.ru,gambling
casinosol-hostel4.top,gambling
casinosol-hostel5.top,gambling
casinosol-hostel6.ru,gambling
casinosol-hostel6.top,gambling
casinosol-hostel7.ru,gambling
casinosol-hostel9.ru,gambling
casinosol-zapr11.top,gambling
casinosol-zapr12.top,gambling
casinosol-zapr13.top,gambling
casinosol-zapr14.top,gambling
casinosol-zapr15.top,gambling
casinosol-zapr16.top,gambling
casinosol-zapr19.top,gambling
casinosol.win,gambling
casinosol1.win,gambling
casinosol2.win,gambling
casinosol3.win,gambling
casinosolstice.com,gambling
casinosolutionmarket.com,gambling
casinosolverde.top,gambling
casinosomot.com,gambling
casinosonline-canada.ca,gambling
casinosonline-portugal.com,gambling
casinosonline.ca,gambling
casinosonline.store,gambling
casinosonlineargentina.com,gambling
casinosonlineaus.com,gambling
casinosonlinecanadians.com,gambling
casinosonlinecasinos.org,gambling
casinosonlinefiables.net,gambling
casinosonlinegambling.info,gambling
casinosonlinehex.cl,gambling
casinosonlinemalaysia.com,gambling
casinosonlineparaguay.net,gambling
casinosonlinerealmoney.site,gambling
casinosonlinereview.com,gambling
casinosonlineusaplay.com,gambling
casinosonlinex.com,gambling
casinosonthenet.net,gambling
casinosophus.com,gambling
casinosort.com,gambling
casinosource.co.uk,gambling
casinosouth.co.za,gambling
casinosouthside.com,gambling
casinospace.at,gambling
casinospalace.com,gambling
casinospark-win.win,gambling
casinosparklen.com,gambling
casinospeed.co.uk,gambling
casinospelbonusar.se,gambling
casinospelen.online,gambling
casinospelguiden.com,gambling
casinospelstoppen.se,gambling
casinospelutansvensklicens.com,gambling
casinospesialisten.net,gambling
casinospielen.de,gambling
casinospieles.de,gambling
casinospilleautomater.dk,gambling
casinospilleautomaterne.dk,gambling
casinospillemaskine.dk,gambling
casinospillemaskinerne.dk,gambling
casinospilleren.dk,gambling
casinospillerne.dk,gambling
casinospinamba.com,gambling
casinospinn.com,gambling
casinospinpalaceonline.com,gambling
casinospins.nz,gambling
casinospins.online,gambling
casinospinsamba.com,gambling
casinospinshub.com,gambling
casinospinsup.com,gambling
casinosplendido.com,gambling
casinosporinternet.com,gambling
casinosport88.rest,gambling
casinosport88.today,gambling
casinosport88.world,gambling
casinosport888.org,gambling
casinosportfeld.site,gambling
casinosportium.click,gambling
casinospot.de,gambling
casinospot.info,gambling
casinospotfr.com,gambling
casinospotz.info,gambling
casinospress.com,gambling
casinosprut.net,gambling
casinosquad.ch,gambling
casinosquire.com,gambling
casinosrating.in,gambling
casinosreporting.com,gambling
casinosresorts.net,gambling
casinosreveal.com,gambling
casinosreview.ca,gambling
casinosru.info,gambling
casinoss.info,gambling
casinosselector.com,gambling
casinosslot.co.uk,gambling
casinossolution.com,gambling
casinossuissesenligne.ch,gambling
casinossuissesenligne.com,gambling
casinossweeps.com,gambling
casinostake.com,gambling
casinostake.top,gambling
casinostake.xyz,gambling
casinostakeland.com,gambling
casinostalk.com,gambling
casinostandpunkte.com,gambling
casinostar.top,gambling
casinostarda-lermontov.ru,gambling
casinostarda.site,gambling
casinostardaclub.ru,gambling
casinostardasite.ru,gambling
casinostars.io,gambling
casinostars.se,gambling
casinostartguthaben.com,gambling
casinostaybliss.com,gambling
casinostellare.top,gambling
casinosters.ca,gambling
casinosters.cl,gambling
casinosters.com,gambling
casinosteward.com,gambling
casinostgilles.fr,gambling
casinostickywilds.com,gambling
casinostin.info,gambling
casinostock.pro,gambling
casinostockpile.com,gambling
casinostoreslot.site,gambling
casinostrategi.se,gambling
casinostrategyguides.com,gambling
casinostrategytips.com,gambling
casinostreet.xyz,gambling
casinostrike.net,gambling
casinostructuyen.live,gambling
casinostudy.org,gambling
casinostugan.com,gambling
casinostylese.shop,gambling
casinosuite.co,gambling
casinosuizo.com,gambling
casinosuper.id,gambling
casinosupply.com,gambling
casinosur.com,gambling
casinosurfacing.com,gambling
casinosurfplattan.com,gambling
casinosuriphone.net,gambling
casinosvavada7777wx.ru,gambling
casinosvip.vip,gambling
casinosvirtuales.es,gambling
casinosvirtualesargentina.com,gambling
casinosvirtuels.ch,gambling
casinosvivodom.info,gambling
casinosvizzera.com,gambling
casinosvolna-23.top,gambling
casinosvolna.top,gambling
casinosvolna23.top,gambling
casinosvyvodom.com,gambling
casinoswatches.com,gambling
casinoswe.se,gambling
casinoswikionline.org,gambling
casinoswikionline1.com,gambling
casinoswikionline2.com,gambling
casinoswins.com,gambling
casinoswish-se.top,gambling
casinoswiz.com,gambling
casinoswolf.com,gambling
casinosworld.ca,gambling
casinosworldsite.com,gambling
casinosx.com,gambling
casinosykaaa.ru,gambling
casinosyrup.com,gambling
casinosyslotsonline.com,gambling
casinosytragamonedas.com,gambling
casinoszondercruks.nu,gambling
casinoszondercruksonline.com,gambling
casinot.biz,gambling
casinotable777.co,gambling
casinotableufabet.online,gambling
casinotaka.com,gambling
casinotalk.com,gambling
casinotalk.se,gambling
casinotangtien.com,gambling
casinotavsiyem.com,gambling
casinotears.com,gambling
casinotears.vegas,gambling
casinotechnieken.nl,gambling
casinotempen.se,gambling
casinoterrazur.com,gambling
casinoterritory.games,gambling
casinoterrousaly.com,gambling
casinotesla132.com,gambling
casinotesla133.com,gambling
casinotesla134.com,gambling
casinotesla137.com,gambling
casinotest.com,gambling
casinotest.de,gambling
casinotester.se,gambling
casinotg.org,gambling
casinotgame.com,gambling
casinothabet.site,gambling
casinothais.com,gambling
casinothegame.com,gambling
casinothrillpeak.info,gambling
casinothrillshub.com,gambling
casinothrillzonline.com,gambling
casinothrillzonline.shop,gambling
casinoths.com,gambling
casinotic.online,gambling
casinotic1.online,gambling
casinotice.com,gambling
casinotiger-argentina.com,gambling
casinotimesnews.com,gambling
casinotio100.com,gambling
casinotip.us,gambling
casinotips.ph,gambling
casinotitanonlinef.tech,gambling
casinoto.com,gambling
casinotochka.com,gambling
casinotochka.space,gambling
casinotodoslots.click,gambling
casinotogether.com,gambling
casinotogetherfrance.com,gambling
casinotoken.com,gambling
casinotokyo.com,gambling
casinotoledo.es,gambling
casinotologin.com,gambling
casinotooper.site,gambling
casinotop.at,gambling
casinotop.co.nz,gambling
casinotop.com,gambling
casinotop1.net,gambling
casinotop10.net,gambling
casinotop10.nl,gambling
casinotop3.com,gambling
casinotop5.jp,gambling
casinotophotelbest.com,gambling
casinotophotelwk.com,gambling
casinotoplistofhotel.com,gambling
casinotopp.net,gambling
casinotopplistan.com,gambling
casinotopplisten.com,gambling
casinotopreports.com,gambling
casinotopsonline.com,gambling
casinotorget.se,gambling
casinotoronto.online,gambling
casinotortuga.top,gambling
casinototek.com,gambling
casinotr.live,gambling
casinotransportationassociates.com,gambling
casinotraps.com,gambling
casinotreasure.com,gambling
casinotreasuresg.site,gambling
casinotrend.ru,gambling
casinotrenmang.net,gambling
casinotriomphe.com,gambling
casinotriumf.se,gambling
casinotrkiye.icu,gambling
casinotropez-web.com,gambling
casinotropez.com,gambling
casinotropezbonuscode.org,gambling
casinotructuyen.org,gambling
casinotructuyen.wiki,gambling
casinotructuyen24.com,gambling
casinotructuyenonline.com,gambling
casinotructuyenuytin.org,gambling
casinotructuyenvn.org,gambling
casinotrucyen.com,gambling
casinotrust.com,gambling
casinotrust.org,gambling
casinoua.club,gambling
casinoua.org,gambling
casinoufabetgambling.site,gambling
casinoufapokerslot.site,gambling
casinoufatrade.site,gambling
casinouk.online,gambling
casinoultra.me,gambling
casinounique.com,gambling
casinounique.es,gambling
casinounique.org,gambling
casinouniverse.com,gambling
casinouniversiteit.com,gambling
casinounlim-1.click,gambling
casinounlim-1.ru,gambling
casinounlim-2.click,gambling
casinounlim-2.ru,gambling
casinounlim-3.click,gambling
casinounlim-3.ru,gambling
casinounlim-5.ru,gambling
casinounlim.buzz,gambling
casinounlim.click,gambling
casinounlim1.click,gambling
casinounlim2.click,gambling
casinounlim5.ru,gambling
casinous.com,gambling
casinousa.com,gambling
casinousaaproved.com,gambling
casinousdt-trc20.top,gambling
casinouserversport.site,gambling
casinousl.se,gambling
casinoutah.com,gambling
casinoutan-svensk-licens.com,gambling
casinoutan.se,gambling
casinoutandokument.se,gambling
casinoutankonto.net,gambling
casinoutankontot.se,gambling
casinoutanregistrering.info,gambling
casinoutanspellicens.org,gambling
casinoutanspelpaus.io,gambling
casinoutansvensklicens.co,gambling
casinoutansvensklicens.ltd,gambling
casinoutansvensklicens.net,gambling
casinoutansvensklicens.sv,gambling
casinoutansvensklicensbankid.com,gambling
casinoutansvensklicenslista.com,gambling
casinoutanverifiering.org,gambling
casinoutomlands.se,gambling
casinoutopia.com,gambling
casinouytin.online,gambling
casinov.se,gambling
casinova.org,gambling
casinovale.com.tr,gambling
casinovale.world,gambling
casinovalkenburg.top,gambling
casinovalley.org,gambling
casinovalwave.com,gambling
casinovamp.com,gambling
casinovan.se,gambling
casinovanger.com,gambling
casinovanguards.shop,gambling
casinovations.com,gambling
casinovator.com,gambling
casinovavada.org,gambling
casinovavada.website,gambling
casinovbanball.com,gambling
casinovegasnights.online,gambling
casinovegasusa.com,gambling
casinovegasvibes.online,gambling
casinovelvetvault.site,gambling
casinovendors.com,gambling
casinovenezia.it,gambling
casinovenicemacao.com,gambling
casinovenicemacau.com,gambling
casinoveraejohn.top,gambling
casinoverdiener.com,gambling
casinovergelijker.net,gambling
casinovergelijkingen.com,gambling
casinovergleich.biz,gambling
casinovergleich.eu,gambling
casinoverse.xyz,gambling
casinoversus808.info,gambling
casinovhod.com.ua,gambling
casinoviet.shop,gambling
casinovietnamreviews.com,gambling
casinoviewers.shop,gambling
casinoviking.io,gambling
casinovilamoura.top,gambling
casinovincente.com,gambling
casinovip.cc,gambling
casinovip.pro,gambling
casinovip.top,gambling
casinovip365.com,gambling
casinovirtuel.net,gambling
casinovirusufa.online,gambling
casinovision.co,gambling
casinovn.link,gambling
casinovodka.shop,gambling
casinovodka71.ru,gambling
casinovolcano24.com,gambling
casinovolna-2023.top,gambling
casinovolna-ma10.top,gambling
casinovolna-ma11.top,gambling
casinovolna-ma12.top,gambling
casinovolna-maz.com,gambling
casinovolna-maz.top,gambling
casinovolna-maz11.top,gambling
casinovolna-maz3.top,gambling
casinovolna-maz4.top,gambling
casinovolna-maz5.top,gambling
casinovolna-maz6.top,gambling
casinovolna-maz9.top,gambling
casinovolna-play.kz,gambling
casinovolna.com.ua,gambling
casinovolna.info,gambling
casinovolna.kz,gambling
casinovolna.net,gambling
casinovolna.online,gambling
casinovolna.org,gambling
casinovolna2.ru,gambling
casinovulcan-royal.com,gambling
casinovulcan.ninja,gambling
casinovulcan.photos,gambling
casinovulcan.rodeo,gambling
casinovulcan.trade,gambling
casinovulcan.webcam,gambling
casinovulkan-ar.top,gambling
casinovulkan-ua.top,gambling
casinovulkan.ninja,gambling
casinovulkan.win,gambling
casinovulkanonline.info,gambling
casinovunipalace.com,gambling
casinovv.com,gambling
casinowagerspot.com,gambling
casinowalls.com,gambling
casinowar.site,gambling
casinowatchnj.com,gambling
casinoway.ca,gambling
casinoways.com,gambling
casinoways1.com,gambling
casinowayzz.com,gambling
casinoweb.org,gambling
casinowebmoney-uk.top,gambling
casinowebmoney.org,gambling
casinowed.com,gambling
casinoweissbet.ru,gambling
casinowelcome-bonus.co.uk,gambling
casinowelt.org,gambling
casinowhat.net,gambling
casinowhat.org,gambling
casinowhizz.com,gambling
casinowien.top,gambling
casinowif.com,gambling
casinowiki.io,gambling
casinowikipedia.org,gambling
casinowin.ca,gambling
casinowin365.com,gambling
casinowinchilecl.top,gambling
casinowings.com,gambling
casinowings.se,gambling
casinowingyor.hu,gambling
casinowinner.click,gambling
casinowinner.club,gambling
casinowinner.com,gambling
casinowinner.io,gambling
casinowinner.top,gambling
casinowinnerbet.site,gambling
casinowinnerfree.com,gambling
casinowinning.net,gambling
casinowinningpulse.info,gambling
casinowinningsecrets.info,gambling
casinowinningwave.info,gambling
casinowinorama.com,gambling
casinowinoui-france.com,gambling
casinowinpot.top,gambling
casinowins4.info,gambling
casinowire.io,gambling
casinowired.com,gambling
casinowis.com,gambling
casinowis1.ru,gambling
casinowis10.ru,gambling
casinowis3.ru,gambling
casinowis8.ru,gambling
casinowis9.ru,gambling
casinowisonline.ru,gambling
casinowithbonus.com,gambling
casinowithbonus.online,gambling
casinowithbonusnodeposit.com,gambling
casinowithdrawaltimes.com,gambling
casinowizard.co.nz,gambling
casinowizard.com,gambling
casinowj.com,gambling
casinowolverhampton.com,gambling
casinowondenemebonusu.com,gambling
casinowondiscount.com,gambling
casinowork.co,gambling
casinoworker.com.au,gambling
casinoworkers.com.au,gambling
casinoworld123.info,gambling
casinoworldamerica.com,gambling
casinoworldfive.com,gambling
casinoworldhotelbest.com,gambling
casinoworldmedia.com,gambling
casinowulcan.ninja,gambling
casinox-4114.ru,gambling
casinox-4787.top,gambling
casinox-8315.ru,gambling
casinox-aet.top,gambling
casinox-all.top,gambling
casinox-arr.top,gambling
casinox-awd.top,gambling
casinox-az.top,gambling
casinox-azy.top,gambling
casinox-band.ru,gambling
casinox-bdz.top,gambling
casinox-biw.top,gambling
casinox-bonus2024.ru,gambling
casinox-bonus623.ru,gambling
casinox-bux.top,gambling
casinox-cas1.xyz,gambling
casinox-casino.homes,gambling
casinox-cherry.ru,gambling
casinox-cok.top,gambling
casinox-cqi.top,gambling
casinox-cun.top,gambling
casinox-czi.top,gambling
casinox-dbe.top,gambling
casinox-ddd.top,gambling
casinox-dk.top,gambling
casinox-dyo.top,gambling
casinox-efr.top,gambling
casinox-el1.top,gambling
casinox-eot.top,gambling
casinox-epb.top,gambling
casinox-fby.top,gambling
casinox-fft.top,gambling
casinox-fhg.top,gambling
casinox-fi.space,gambling
casinox-fmr.top,gambling
casinox-free.shop,gambling
casinox-fvf.top,gambling
casinox-gam2.top,gambling
casinox-gci.top,gambling
casinox-gcr.top,gambling
casinox-get.homes,gambling
casinox-gold.ru,gambling
casinox-gwq.top,gambling
casinox-gxn.top,gambling
casinox-het.top,gambling
casinox-hik.top,gambling
casinox-hqz.top,gambling
casinox-hrm.top,gambling
casinox-ift.top,gambling
casinox-igp.top,gambling
casinox-ikf.top,gambling
casinox-iok.top,gambling
casinox-ipt.top,gambling
casinox-irf.top,gambling
casinox-isr.top,gambling
casinox-ixa.top,gambling
casinox-izk.top,gambling
casinox-jdf.top,gambling
casinox-jkd.top,gambling
casinox-jru.top,gambling
casinox-js1.top,gambling
casinox-jyz.top,gambling
casinox-jzv.top,gambling
casinox-kazino.homes,gambling
casinox-kja.top,gambling
casinox-ks.top,gambling
casinox-kwe.top,gambling
casinox-lbn.top,gambling
casinox-lfx.top,gambling
casinox-ljb.top,gambling
casinox-loy.top,gambling
casinox-lza.top,gambling
casinox-mgm.top,gambling
casinox-mjm.top,gambling
casinox-mqc.top,gambling
casinox-mui.top,gambling
casinox-nmr.top,gambling
casinox-no.space,gambling
casinox-npm.top,gambling
casinox-nux.top,gambling
casinox-ocw.top,gambling
casinox-offsite293.ru,gambling
casinox-okr.top,gambling
casinox-online-ru.site,gambling
casinox-online.biz,gambling
casinox-online.live,gambling
casinox-online.org,gambling
casinox-online.quest,gambling
casinox-oue.top,gambling
casinox-oxg.top,gambling
casinox-plm.top,gambling
casinox-psk.top,gambling
casinox-ptk.top,gambling
casinox-qbn.top,gambling
casinox-qfb.top,gambling
casinox-qlb.top,gambling
casinox-qop.top,gambling
casinox-qsq.top,gambling
casinox-qub.top,gambling
casinox-qux.top,gambling
casinox-qyw.top,gambling
casinox-qzx.top,gambling
casinox-rbt.top,gambling
casinox-rbv.top,gambling
casinox-real.ru,gambling
casinox-red.ru,gambling
casinox-registraciya.ru,gambling
casinox-rok.top,gambling
casinox-ru1.xyz,gambling
casinox-rus3.top,gambling
casinox-rwf.top,gambling
casinox-sch.top,gambling
casinox-sde.top,gambling
casinox-site.info,gambling
casinox-slm.top,gambling
casinox-slots.homes,gambling
casinox-snq.top,gambling
casinox-sweden.space,gambling
casinox-sxa.top,gambling
casinox-thp.top,gambling
casinox-tiktok.ru,gambling
casinox-tod.top,gambling
casinox-uxj.top,gambling
casinox-vhf.top,gambling
casinox-vjs.top,gambling
casinox-vml.top,gambling
casinox-vmo.top,gambling
casinox-vni.top,gambling
casinox-wpi.top,gambling
casinox-wpj.top,gambling
casinox-wui.top,gambling
casinox-x2356.win,gambling
casinox-x2489.win,gambling
casinox-x26.win,gambling
casinox-x667.win,gambling
casinox-x951.win,gambling
casinox-xbt.top,gambling
casinox-xng.top,gambling
casinox-xoh.top,gambling
casinox-xuc.top,gambling
casinox-xyu.top,gambling
casinox-ybg.top,gambling
casinox-yda.top,gambling
casinox-yuu.top,gambling
casinox-ze.xyz,gambling
casinox-zerkalo.info,gambling
casinox-zerkalo.net,gambling
casinox-zlg.top,gambling
casinox-zry.top,gambling
casinox-ztn.top,gambling
casinox-zxt.top,gambling
casinox.one,gambling
casinox16.online,gambling
casinox2624.ru,gambling
casinox29-official.ru,gambling
casinox3-sonic.ru,gambling
casinox321.ru,gambling
casinox678.ru,gambling
casinox736.win,gambling
casinox765.ru,gambling
casinox888.ru,gambling
casinoxaeon.com,gambling
casinoxbetmax.ru,gambling
casinoxkz.org,gambling
casinoxl.nl,gambling
casinoxlilegambling.shop,gambling
casinoxluck-619.ru,gambling
casinoxluxury.ru,gambling
casinoxmans.ru,gambling
casinoxonline3.ru,gambling
casinoxpeak.ru,gambling
casinoxq.ru,gambling
casinoxreal.ru,gambling
casinoxreg.ru,gambling
casinoxsite.shop,gambling
casinoxslots.ru,gambling
casinoxvnp.com,gambling
casinoxvortex.ru,gambling
casinoxx.site,gambling
casinoxxl.net,gambling
casinoyabby.net,gambling
casinoyabby.org,gambling
casinoyabby.us,gambling
casinoyajuego.top,gambling
casinoyes.top,gambling
casinoyoume.com,gambling
casinoyra.nu,gambling
casinoyyoutslot.online,gambling
casinoyyy-online.com,gambling
casinoz-gold.com,gambling
casinoz-gold.net,gambling
casinoz-gold.top,gambling
casinoz-gold.vip,gambling
casinoz-goldi.xyz,gambling
casinoz-goldis.top,gambling
casinoz-goldis.xyz,gambling
casinoz-golds.xyz,gambling
casinoz-goldup.xyz,gambling
casinoz-goldys.xyz,gambling
casinoz-legzo.ru,gambling
casinoz-lewus.xyz,gambling
casinoz-money.xyz,gambling
casinoz-riobet.space,gambling
casinoz-slots.xyz,gambling
casinoz.club,gambling
casinoz5.biz,gambling
casinoza.com,gambling
casinozanos.pro,gambling
casinozaragoza.es,gambling
casinozdeluxe.com,gambling
casinozer-france.com,gambling
casinozer-portugal.click,gambling
casinozer.com,gambling
casinozer.win,gambling
casinozeta-ar.com,gambling
casinozeta-club.pro,gambling
casinozeta.net,gambling
casinozeta.top,gambling
casinozeus-ar.co,gambling
casinozeus.bet,gambling
casinozeus.by,gambling
casinozeus.click,gambling
casinozeus.com.ua,gambling
casinozeus.de,gambling
casinozeus.gold,gambling
casinozeus.icu,gambling
casinozeus.io,gambling
casinozeus.la,gambling
casinozeus.net,gambling
casinozeus.nl,gambling
casinozeusar.com,gambling
casinozgold.club,gambling
casinozgold.net,gambling
casinozgold.vip,gambling
casinozgolder.xyz,gambling
casinozgoldi.top,gambling
casinozgoldi.xyz,gambling
casinozgolds.xyz,gambling
casinozgoldup.xyz,gambling
casinozgoldy.com,gambling
casinozgoldys.xyz,gambling
casinoziest.com,gambling
casinozlegzo.ru,gambling
casinozlevs.com,gambling
casinozlewus.xyz,gambling
casinozlucky.com,gambling
casinozluxury.com,gambling
casinozmoney.xyz,gambling
casinozmoneys.com,gambling
casinozodiac-sk.click,gambling
casinozodiac.top,gambling
casinozonder.net,gambling
casinozonderidin.net,gambling
casinozonderlicentie.io,gambling
casinozonderregistratie.net,gambling
casinozone.live,gambling
casinozortea.com,gambling
casinozru.com,gambling
casinozselector.com,gambling
casinozstream.xyz,gambling
casinuscasinos.com,gambling
casinyeam-casino.me,gambling
casion-casino.com,gambling
casipolcasino.com,gambling
casitsu.com,gambling
casocialcasinogames.com,gambling
casombie-casino.top,gambling
casombiecasino.top,gambling
casoo.com,gambling
cassava.net,gambling
cassino-1xslots512.ru,gambling
cassino-casinox477.ru,gambling
cassino-grandcasino870.ru,gambling
castlerockcasinoh.website,gambling
casualpoker.com,gambling
casumo-casino.top,gambling
casumocasino.click,gambling
casumocasino.top,gambling
cat-casino-10s.com,gambling
cat-casino-12s.com,gambling
cat-casino-13s.com,gambling
cat-casino-2s.com,gambling
cat-casino-3s.com,gambling
cat-casino-4s.com,gambling
cat-casino-5s.com,gambling
cat-casino-9s.com,gambling
cat-casino-bmw.buzz,gambling
cat-casino-bonnus.online,gambling
cat-casino-bonus.buzz,gambling
cat-casino-club.top,gambling
cat-casino-code.buzz,gambling
cat-casino-gmi.buzz,gambling
cat-casino-gmt.buzz,gambling
cat-casino-gmu.buzz,gambling
cat-casino-gmy.buzz,gambling
cat-casino-gsv.buzz,gambling
cat-casino-gsv.com,gambling
cat-casino-hws.buzz,gambling
cat-casino-iue.buzz,gambling
cat-casino-jjr.buzz,gambling
cat-casino-meow.site,gambling
cat-casino-meow.top,gambling
cat-casino-mobile.club,gambling
cat-casino-mxy.buzz,gambling
cat-casino-nmo.buzz,gambling
cat-casino-nmy.buzz,gambling
cat-casino-ocu.buzz,gambling
cat-casino-officialsite12.win,gambling
cat-casino-officialsite224.win,gambling
cat-casino-officialsite225.win,gambling
cat-casino-online.ru,gambling
cat-casino-online2.top,gambling
cat-casino-online3.top,gambling
cat-casino-online4.top,gambling
cat-casino-play.site,gambling
cat-casino-play521.ru,gambling
cat-casino-play532.ru,gambling
cat-casino-play601.ru,gambling
cat-casino-play602.ru,gambling
cat-casino-registracia.ru,gambling
cat-casino-registraciya777w.ru,gambling
cat-casino-registraciya77w.ru,gambling
cat-casino-rgb.buzz,gambling
cat-casino-s.com,gambling
cat-casino-sc.buzz,gambling
cat-casino-site18.win,gambling
cat-casino-slot.com,gambling
cat-casino-slots.ru,gambling
cat-casino-sm.buzz,gambling
cat-casino-sn.buzz,gambling
cat-casino-sx.buzz,gambling
cat-casino-tcr.buzz,gambling
cat-casino-tct.buzz,gambling
cat-casino-tcy.buzz,gambling
cat-casino-vjk.buzz,gambling
cat-casino-win7x77.ru,gambling
cat-casino.cfd,gambling
cat-casino.co,gambling
cat-casino.digital,gambling
cat-casino.homes,gambling
cat-casino.network,gambling
cat-casino.org,gambling
cat-casino.skin,gambling
cat-casino.space,gambling
cat-casino.su,gambling
cat-casino.tech,gambling
cat-casino01t4.xyz,gambling
cat-casino0gnz.xyz,gambling
cat-casino13k5.xyz,gambling
cat-casino19ml.xyz,gambling
cat-casino1s.top,gambling
cat-casino2.top,gambling
cat-casino2fw1.xyz,gambling
cat-casino30.buzz,gambling
cat-casino31.buzz,gambling
cat-casino32ln.xyz,gambling
cat-casino33.buzz,gambling
cat-casino35.buzz,gambling
cat-casino350j.xyz,gambling
cat-casino37.buzz,gambling
cat-casino38.buzz,gambling
cat-casino39.buzz,gambling
cat-casino395s.buzz,gambling
cat-casino3kos.xyz,gambling
cat-casino41.ru,gambling
cat-casino44.buzz,gambling
cat-casino48.buzz,gambling
cat-casino49.buzz,gambling
cat-casino492c.buzz,gambling
cat-casino4y03.xyz,gambling
cat-casino51.buzz,gambling
cat-casino52.buzz,gambling
cat-casino53.buzz,gambling
cat-casino54.buzz,gambling
cat-casino589.win,gambling
cat-casino5b47.buzz,gambling
cat-casino5c7p.xyz,gambling
cat-casino5qlp.xyz,gambling
cat-casino6175.xyz,gambling
cat-casino61o7.xyz,gambling
cat-casino673.win,gambling
cat-casino7dy2.xyz,gambling
cat-casino7xqy.xyz,gambling
cat-casino87bz.xyz,gambling
cat-casino87pd.xyz,gambling
cat-casino984.win,gambling
cat-casino985.win,gambling
cat-casino989i.xyz,gambling
cat-casino9csc.xyz,gambling
cat-casino9srt.buzz,gambling
cat-casinos.top,gambling
catcasino-0z.top,gambling
catcasino-1.xyz,gambling
catcasino-1r.top,gambling
catcasino-3n.top,gambling
catcasino-3w.top,gambling
catcasino-4i.top,gambling
catcasino-5a.top,gambling
catcasino-5h.top,gambling
catcasino-5k.top,gambling
catcasino-5m.top,gambling
catcasino-6o.top,gambling
catcasino-6s.top,gambling
catcasino-6u.top,gambling
catcasino-7d.top,gambling
catcasino-8a.top,gambling
catcasino-8c.top,gambling
catcasino-8m.top,gambling
catcasino-9d.top,gambling
catcasino-9g.top,gambling
catcasino-9j.top,gambling
catcasino-9y.top,gambling
catcasino-ams.top,gambling
catcasino-bbl.top,gambling
catcasino-dtp.top,gambling
catcasino-eck.top,gambling
catcasino-ewc.top,gambling
catcasino-forcd.top,gambling
catcasino-ghw.top,gambling
catcasino-gw.top,gambling
catcasino-ill.top,gambling
catcasino-jtb.top,gambling
catcasino-kbf.top,gambling
catcasino-kpc.top,gambling
catcasino-lbw.top,gambling
catcasino-lha.top,gambling
catcasino-lyg.top,gambling
catcasino-lzp.top,gambling
catcasino-nan.top,gambling
catcasino-nfl.top,gambling
catcasino-nhf.top,gambling
catcasino-official57.win,gambling
catcasino-official827.win,gambling
catcasino-official87.win,gambling
catcasino-officials17.win,gambling
catcasino-officials174.win,gambling
catcasino-officials275.win,gambling
catcasino-online.click,gambling
catcasino-oo10.ru,gambling
catcasino-oo9.ru,gambling
catcasino-paq.top,gambling
catcasino-pdh.top,gambling
catcasino-pzx.top,gambling
catcasino-qif.top,gambling
catcasino-qiy.top,gambling
catcasino-rte.top,gambling
catcasino-rya.top,gambling
catcasino-sav.top,gambling
catcasino-site121.win,gambling
catcasino-site123.win,gambling
catcasino-site196.win,gambling
catcasino-tc.top,gambling
catcasino-tel.top,gambling
catcasino-top1.com,gambling
catcasino-uim.top,gambling
catcasino-uol.top,gambling
catcasino-uxy.top,gambling
catcasino-vft.top,gambling
catcasino-vxi.top,gambling
catcasino-wbz.top,gambling
catcasino-whb.top,gambling
catcasino-wxr.top,gambling
catcasino-xgh.top,gambling
catcasino-xuw.buzz,gambling
catcasino-ybt.top,gambling
catcasino-ygy.top,gambling
catcasino-ymw.top,gambling
catcasino-yql.top,gambling
catcasino-yra.top,gambling
catcasino-zgl.top,gambling
catcasino.biz,gambling
catcasino.com.kz,gambling
catcasino.cyou,gambling
catcasino.lol,gambling
catcasino.makeup,gambling
catcasino.world,gambling
catcasino.ws,gambling
catcasino10.com,gambling
catcasino12.top,gambling
catcasino127.ru,gambling
catcasino15.top,gambling
catcasino16.top,gambling
catcasino17.top,gambling
catcasino19.top,gambling
catcasino2.lol,gambling
catcasino2.quest,gambling
catcasino2.ru,gambling
catcasino25.com,gambling
catcasino28.win,gambling
catcasino31.win,gambling
catcasino33.win,gambling
catcasino37.com,gambling
catcasino410.com,gambling
catcasino416.com,gambling
catcasino430.com,gambling
catcasino44.ru,gambling
catcasino47.com,gambling
catcasino5.store,gambling
catcasino531.win,gambling
catcasino535.win,gambling
catcasino537.com,gambling
catcasino555.win,gambling
catcasino56.com,gambling
catcasino59.com,gambling
catcasino63.ru,gambling
catcasino64.com,gambling
catcasino670.com,gambling
catcasino689.win,gambling
catcasino69.online,gambling
catcasino7.com,gambling
catcasino703.com,gambling
catcasino74.com,gambling
catcasino777.com,gambling
catcasino779.com,gambling
catcasino852.com,gambling
catcasino928.win,gambling
catcasino995.com,gambling
catcasinoplaerb7x7.ru,gambling
catcasinoplaerc7x7.ru,gambling
catcasinos.buzz,gambling
catcasinos.win,gambling
catcasinos1q.ru,gambling
catcasinovhod.fun,gambling
catcasinox.ru,gambling
catcat66onlinecasinosingapore.xyz,gambling
cathedralcasino.com,gambling
catscasino.online,gambling
cazino-garilla-casino.ru,gambling
cazino-slots.xyz,gambling
cazinos-slots.xyz,gambling
cazzino-joycasino87.ru,gambling
cazzino-maxbet331.ru,gambling
cazzinocasinox-747.ru,gambling
cbet.gg,gambling
cbet.lt,gambling
cbet138.com,gambling
cbetmirror.com,gambling
cbi-legzo-casino.top,gambling
cbi-legzo-casino2.top,gambling
cbi-legzo-casino3.top,gambling
cc6-casino.site,gambling
cc6casino.net,gambling
cc6casino.online,gambling
cc6casino.site,gambling
cc6casinologin.online,gambling
cc6onlinecasino.ph,gambling
ccasino.com,gambling
cccasino.us,gambling
cclubonline.net.ar,gambling
cdacasino.com,gambling
cdn.korte.ca,gambling
cdn.synctv.com,gambling
cdpoker.com,gambling
cdpoker.fr,gambling
cds.bet,gambling
cdsindia.org,gambling
ceasarbingo.com,gambling
ceasares.net,gambling
ceasargamez.com,gambling
ceasarmusic.com,gambling
ceasarplace.com,gambling
ceasars-boston.com,gambling
ceasars-palace.com,gambling
ceasarsentertainment.net,gambling
ceasarsonline.com,gambling
ceasarspalaceinfo.com,gambling
ceasersentertainment.com,gambling
ceasersentertainment.net,gambling
ceaserspalace2000.net,gambling
cedro-uva.org,drugs
ceesarpoker.com,gambling
ceida.net.au,drugs
celebbingo.com,gambling
celebpoker.com,gambling
celllottery.com,gambling
cellwarp.com,drugs
celsius-casino-fr.com,gambling
celsius-casino-france.com,gambling
celsiuscasino.top,gambling
celsomiguez.com,gambling
celtabet651.com,gambling
celtabet652.com,gambling
celtabet654.com,gambling
celtabet655.com,gambling
celtabet656.com,gambling
celtabet657.com,gambling
celtabet659.com,gambling
celtabet660.com,gambling
celtabet661.com,gambling
celtabet662.com,gambling
celtabet706.com,gambling
celtabet707.com,gambling
celtabet708.com,gambling
celtabet709.com,gambling
celtabet710.com,gambling
celtabet711.com,gambling
celtabet712.com,gambling
celtabet713.com,gambling
celtabet714.com,gambling
celtabet715.com,gambling
celtabet718.com,gambling
celtabet719.com,gambling
celtabet720.com,gambling
celticcasinowin.com,gambling
celuapuestas-casino.com,gambling
cengkram-elang188.store,gambling
centerstripcasino.com,gambling
centralcasino.site,gambling
centrcasino.com,gambling
centrebet.com,gambling
centroapuesta.com,gambling
cerberuscasino.com,gambling
certifiedcasino.com,gambling
cesar.umd.edu,drugs
cesarentertainment.com,gambling
cesarspoconoslots.com,gambling
ceskecasino.best,gambling
cgine2024.org,gambling
cgoasiacasino.com,gambling
cgtgroupecasino.com,gambling
champ-casino.site,gambling
champagnecasino.com,gambling
champagnecreditscasinoi.fun,gambling
champion-casino-fki.cfd,gambling
champion-casino-mirror.pw,gambling
champion-casino-xta.buzz,gambling
champion-casino-xtg.buzz,gambling
champion-casino-zerkalo578.win,gambling
champion-casino.kz,gambling
champion-casino.ltd,gambling
champion-casino.one,gambling
champion-casino.quest,gambling
champion-casino.rocks,gambling
champion-casino.skin,gambling
champion-casino.vip,gambling
champion-casino.work,gambling
champion-casino.world,gambling
champion-casino1.space,gambling
champion-casino140.fun,gambling
champion-casino140.ru,gambling
champion-casino141.ru,gambling
champion-casino3sy.xyz,gambling
champion-casino74l.buzz,gambling
champion-casino8ri.buzz,gambling
champion-casinov.ru,gambling
championcasino-band.ru,gambling
championcasino.club,gambling
championcasino.mobi,gambling
championcasino.world,gambling
championcasinotop.com,gambling
championcasinoz.ru,gambling
championcasinozerkalo.site,gambling
championscasino.click,gambling
championscasino.fun,gambling
championscasino.life,gambling
championscasinoonlline6.win,gambling
championshotelandcasino.com,gambling
championslots-casino9.top,gambling
championslots.win,gambling
championsscasino.autos,gambling
championsscasino.click,gambling
championsslots.online,gambling
championsslots.ru,gambling
chance-casino.fr,gambling
chance.cz,gambling
chancecasino.top,gambling
changes.org,drugs
changetheclimate.org,drugs
chanzcasino.top,gambling
charlescasino.uk,gambling
charliesthaisilk.co.uk,drugs
charlotteaupoker.com,gambling
charmcasinoclub.com,gambling
charmmemedia.com,gambling
chat.orion.de,gambling
chatter.uol.com.br,gambling
chcasinosoft.com,gambling
cheapbaccarratcasinogame.com,gambling
cheapcasino.site,gambling
cheaperthandirt.com,dangerous_material
cheapslotscasino.com,gambling
cheapxblackjackgamez.com,gambling
cheatland.com,gambling
checkonlinecasinos.com,gambling
cheeba.org,drugs
cheechandchong.com,drugs
cheekycasino.london,gambling
chemexper.be,drugs
chemfinder.cambridgesoft.com,drugs
chempincasino.ru,gambling
chempion-casino.ltd,gambling
chempionbet.ru,gambling
chemweb.calpoly.edu,drugs
chericasino.com,gambling
chericasino.top,gambling
cherokeecasino.com,gambling
cherry-champion610.ru,gambling
cherrycasino.com,gambling
cherrygoldcasino.com,gambling
cherrygoldcasino.top,gambling
cherryredcasino.com,gambling
cherryslotscasino.site,gambling
chianglaicasino.com,gambling
chickenranchcasinoresort.com,gambling
chiefcasinos.ca,gambling
chile-casino.cl,gambling
chilecasinohoteldeals.com,gambling
chilecasinohotelslist.com,gambling
chiletopcasino.com,gambling
chilipari.fr,gambling
chilipoker.com,gambling
chillcasinoa.online,gambling
chilli6.com,gambling
chillpharm.com,drugs
chimecasino.com,gambling
chinaseriesofpoker.com,gambling
chinookwindscasino.com,gambling
chipcountcasino.com,gambling
chipincasino.com,gambling
chips-casino.com,gambling
chipzcasino.top,gambling
choctawcasinos.com,gambling
choegocasino.com,gambling
choiceonlinecasino.com,gambling
choicerewardsatharrahsatlanticcity.com,gambling
choicerewardsatsheratontunica.com,gambling
choicerewardssheratontunica.com,gambling
choicesatharrahscherokee.com,gambling
choicesatharrahsnola.com,gambling
choicesatharrahsstlouis.com,gambling
choicesathorseshoe.com,gambling
choicesathorseshoetunica.com,gambling
choicesatsheratontunica.com,gambling
choisecasino.co.uk,gambling
choke-wahines.com,drugs
chooseonlinecasino.com,gambling
chorse.it,gambling
chosen-onlinecasinos-sites.info,gambling
christchurchcasino.co.nz,gambling
chugga.fr,gambling
chumashcasino.com,gambling
chumbacasino.com,gambling
chumbacasinos.org,gambling
chumbacasinoss888.education,gambling
chumbacasinotips.com,gambling
chumbadcasino.com,gambling
cigarettesamerica.com,drugs
cimfpanama2024.com,gambling
circbet99.com,gambling
circus-casino.top,gambling
circus-casinos.co.uk,gambling
circusbet.fr,gambling
circusbet.rs,gambling
circuscasino.fr,gambling
circuscasino.rs,gambling
city-joycasino866.ru,gambling
citybingo.com,gambling
citycenteronline-casino.top,gambling
citycenteronlinecasino.top,gambling
cityclubcasino.com,gambling
cityofblackjack.com,gambling
cityonlinecasino.com,gambling
cjpf.org,drugs
clara-casino.com,gambling
clawcasino.info,gambling
clbanners20.com,gambling
cleartest.com,drugs
clearwatercasino.com,gambling
cleocasino.site,gambling
cleopatracasino.com,gambling
cleopatracasino.net,gambling
cleopatracasinopokies.com,gambling
cleopatras-casino.com,gambling
cleopatraspalacecasino.com,gambling
clevelandcasinoguide.com,gambling
clevercasino.info,gambling
click2thecasinos.com,gambling
click4casinos.net,gambling
clickadu.com,gambling
clickandbuy-casino.nl,gambling
clickandbuycasino-nl.top,gambling
cliffcastlecasinohotel.com,gambling
clovercasino.online,gambling
clovercasinozone.com,gambling
club-de-poker.fr,gambling
club-joy-casino.pro,gambling
club-joy-casino.xyz,gambling
club-sol-casino.ru,gambling
club-vulkan-casino.beauty,gambling
club-vulkan-casino.bond,gambling
club-vulkan-casino.cam,gambling
club-vulkan-casino.click,gambling
club-vulkan-casino.ink,gambling
club-vulkan-casino.live,gambling
club8casino.com,gambling
club8casino.net,gambling
club99slots.com,gambling
clubbellagiocasino.com,gambling
clubbellagiocasino.net,gambling
clubcasinox.org,gambling
clubchance.com,gambling
clubdicecasino.com,gambling
clubdrugs.org,drugs
clubmardigrascasino.com,gambling
clubnichkacasino.com,gambling
clubnika-casino-club.ru,gambling
clubnika-casino.info,gambling
clubnikacasino6.ru,gambling
clubnikacasinobonus.ru,gambling
clubpoker.net,gambling
clubriocasino.com,gambling
clubscasino.info,gambling
clubvegasslots.com,gambling
clubvipcasino.com,gambling
clubvulkangambling.com,gambling
cmd31.com,gambling
cncrenegade.com,gambling
cnsproductions.com,drugs
cobbercasino.com,gambling
cobracasino.com,gambling
cobracasino15.com,gambling
cobracasino25.com,gambling
cocaine-test.net,drugs
cocaine-test.nl,drugs
cocaine.org,drugs
cocoacasino.click,gambling
coconuttickets.com,gambling
coconutwhite.com,gambling
cocoricode.com,gambling
codecasino.com,gambling
codeinepub.tripod.com,drugs
codelagos.org,gambling
codeland.fr,gambling
codeotop.com,gambling
codere-casino.es,gambling
codere-casino.mx,gambling
codere.bet.ar,gambling
codere.com.co,gambling
codere.es,gambling
coderecasino.top,gambling
codes-gratis.com,gambling
codeskado.com,gambling
coevordencasino.com,gambling
coffee-smart-shop.info,drugs
coffeebingo.com,gambling
coffeeshop-guide.com,drugs
cognitiveliberty.org,drugs
coin-casinoz.xyz,gambling
coincasinoreviews.com,gambling
coincasinosite.com,gambling
coincasinoz.xyz,gambling
coincrowncasino.com,gambling
coinpoker.com,gambling
cokecasino.com,gambling
cola-casinoaa.com,gambling
colacasino.top,gambling
coldslots.com,gambling
collectcasino.info,gambling
collectioncasino.info,gambling
coloksgp026.com,gambling
coloksgp53.com,gambling
coloradolottery.com,gambling
colorslots2024.online,gambling
coltpoker.com,gambling
columbcasino.ru,gambling
columbus-casino-info.top,gambling
columbus-casino.best,gambling
columbus-casino.cam,gambling
columbus-casino.run,gambling
columbus-casino1.com,gambling
columbus-casinovhod.win,gambling
columbuscasino.pro,gambling
colvillecasinos.com,gambling
comanchecachecasino.com,gambling
combatcasino.info,gambling
comboslots.com,gambling
comeon-casino.click,gambling
comeon-casino.top,gambling
comeon-casino.world,gambling
comeon.com,gambling
comeoncasino.click,gambling
comeoncasino.top,gambling
comeoncasinoapp.com,gambling
cometa-casino.com,gambling
cometa-casino.fun,gambling
cometa-casino.top,gambling
cometa-casino2.ru,gambling
comicplay-casino.com,gambling
comischecasinos.de,gambling
comment-gagne.org,gambling
commentgagner.org,gambling
commercecasino.com,gambling
communitycasinoclub.com,gambling
comoganharnocasino.world,gambling
comp-sol-casino.ru,gambling
comp-solcasino.top,gambling
comparacasino.it,gambling
compare-online-casinos.co.uk,gambling
compcasino.co.uk,gambling
competitivechallenge.com,gambling
completecasinolist.com,gambling
concept420.com,drugs
conceptcasino.info,gambling
concursodevinosrealcasinodemadrid.es,gambling
conline-casinos-hub.com,gambling
connect-casinox377.ru,gambling
connectcasinoroad.org,gambling
conqst-casino.com,gambling
conquercasino.com,gambling
consciousnesscafe.org,drugs
conti-casino.ro,gambling
conticasino.top,gambling
conticasinoonline.top,gambling
cookie-casino.org,gambling
cookie-casino.top,gambling
cookiecasino.biz,gambling
cookiecasino.click,gambling
cookiecasino.com,gambling
cookiecasino.online,gambling
cookiecasino.top,gambling
cookiecasino5.com,gambling
cookiecasino777.com,gambling
cookiecasinobonus.de,gambling
cookiescasino.nl,gambling
coolbet.com,gambling
coolcasino.top,gambling
coolcasinooffers.com,gambling
coolcat-casino.com,gambling
coolcatcasino.top,gambling
coolhandpoker.com,gambling
coolwincasino.com,gambling
cooncasino.com,gambling
cooncasino1.com,gambling
coopers365casino.com,gambling
copenhagencasino.top,gambling
coracasinospot.com,gambling
coral.co.uk,gambling
coralcasinobonaire.com,gambling
coralpoker.com,gambling
cordialito.la,gambling
corea-casino.com,gambling
coronacasino86.com,gambling
correctcasinos.com,gambling
corridacasinoenlinea.com,gambling
cosmobetcasino.uk,gambling
cosmocasino.top,gambling
cosmolot-casino.org,gambling
cosmolotcasino.org,gambling
cosmolotcasino.top,gambling
cosmoslotscasino.com,gambling
cosmoslotsonline.com,gambling
costabingo.com,gambling
costagames.com,gambling
cotedazurpalace.com,gambling
cottonclub-texasholdem.it,gambling
couchcasino.review,gambling
coupedumonde-pari.fr,gambling
coushattacasinoresort.com,gambling
cowboycasino.net,gambling
crackhead801.tripod.com,drugs
craftcasinos.com,gambling
craps.com,gambling
crash-casino.kz,gambling
crash-gambling.games,gambling
crash-gambling.kz,gambling
crashcasinogame.com,gambling
crashcasinogame.net,gambling
crashgambler.io,gambling
crashgambling.guru,gambling
crashoutcasino.fun,gambling
crazy-win-casino.com,gambling
crazycasinocash.com,gambling
crazyfox-casino.top,gambling
crazyfoxcasino.click,gambling
crazyfoxcasino.top,gambling
crazyjoe.org,drugs
crazyslot.org,gambling
crazyslots.com,gambling
crazyslots.eu,gambling
crazyslotsonlinecasino.com,gambling
crazystar-casino.com,gambling
crazytimecasino.click,gambling
crazytimecasinos.com,gambling
crazzzyslots2024.online,gambling
credit-card-casinos.net,gambling
creditcardcasino-us.top,gambling
cresus-casino-france.com,gambling
cresus-casino.click,gambling
cresus-online-casino.com,gambling
cresuscasino.com,gambling
cresuscasino.top,gambling
crew2000.co.uk,drugs
crgamble.ca,gambling
crgamble.com,gambling
cricbabacasino.com,gambling
cricbabacasino.in,gambling
cricbattle.com,gambling
cricketweb.net,gambling
crickexcasino.click,gambling
crickexcasino.top,gambling
cricncasino.shop,gambling
cristal-casino.net,gambling
cristal-palace-casino.ru,gambling
cristalcasino.online,gambling
criticasacasinos.com,gambling
crixcbet99.com,gambling
croatiatopcasinos.com,gambling
crocasino.top,gambling
crocastuce.fr,gambling
croco-casino.com,gambling
crococasino1.com,gambling
crown89-casino.me,gambling
crowncasino-online.com,gambling
crowncasino-sydney.com,gambling
crowncasinopokies.com,gambling
crowncoinscasino.com,gambling
cruceshotelboutique.com.ar,gambling
crucible-of-slots.com,gambling
crusino-casino-online.com,gambling
crusino-casinos.com,gambling
crusinocasino.net,gambling
cruzinocasino.com,gambling
cryptcasinobet.pro,gambling
crypto-casinoblog.com,gambling
crypto-casinos-australia.com,gambling
crypto-casinos.wiki,gambling
cryptobetsports.com,gambling
cryptobitcoincasinos.net,gambling
cryptoboss-casino-a1r.ru,gambling
cryptoboss-casino-best.top,gambling
cryptoboss-casino-f6w.ru,gambling
cryptoboss-casino-g7x.ru,gambling
cryptoboss-casino-h8y.ru,gambling
cryptoboss-casino-i5r.ru,gambling
cryptoboss-casino-j6q.ru,gambling
cryptoboss-casino-k7p.ru,gambling
cryptoboss-casino-live.top,gambling
cryptoboss-casino-live1.top,gambling
cryptoboss-casino-live5.top,gambling
cryptoboss-casino-official.site,gambling
cryptoboss-casino-online.top,gambling
cryptoboss-casino-tops.ru,gambling
cryptoboss-casino.com,gambling
cryptoboss-casino.top,gambling
cryptoboss-casinoq.ru,gambling
cryptoboss-casinotop.pw,gambling
cryptobosscasino.com,gambling
cryptobosscasino.kz,gambling
cryptobosscasino1.live,gambling
cryptobosscasino112.ru,gambling
cryptobosscasino15.com,gambling
cryptobosscasino1616.ru,gambling
cryptobosscasino18.com,gambling
cryptobosscasino2.com,gambling
cryptobosscasino20.com,gambling
cryptobosscasino23.com,gambling
cryptobosscasino29.com,gambling
cryptobosscasino30.com,gambling
cryptobosscasino35.com,gambling
cryptobosscasino4.ru,gambling
cryptobosscasinoofficial.online,gambling
cryptobosscasinoregistration.online,gambling
cryptocasino.ws,gambling
cryptocasino4u.com,gambling
cryptocasinoarcade.com,gambling
cryptocasinoarcades.com,gambling
cryptocasinoexperts.com,gambling
cryptocasinofinder.org,gambling
cryptocasinoguid.com,gambling
cryptocasinomaster.com,gambling
cryptocasinonet.com,gambling
cryptocasinorank.com,gambling
cryptocasinorankings.net,gambling
cryptocasinos-au.com,gambling
cryptocasinos.com,gambling
cryptocasinos.ltd,gambling
cryptocasinous.ltd,gambling
cryptocurrencycasinosus.com,gambling
cryptogambling.bot,gambling
cryptogambling.com,gambling
cryptogamblinghelper.com,gambling
cryptogamblingoffers.com,gambling
cryptogamblingsite.org,gambling
cryptoleo-casino.com,gambling
cryptoluckcasino.com,gambling
cryptomaxcasino.com,gambling
cs.deals,gambling
cs2casino.games,gambling
csb777.com,gambling
csgo-gambling.org,gambling
csgoatse.com,gambling
csgocasino.gg,gambling
csgoempire.com,gambling
csgofast.com,gambling
csgofast123.com,gambling
csgojoker.com,gambling
csgolive.com,gambling
csgolounge.com,gambling
csgoluck.com,gambling
csgoroll.com,gambling
cuan128link.org,gambling
cuan1gamblefun.cc,gambling
cuan1gamblefun.top,gambling
cuanlagidwcasino.us,gambling
cuanpoker88.com,gambling
cuanteruscasino288.com,gambling
cuantoacuanto.com,gambling
cubscast.com,gambling
cuci22.com,gambling
cuecasino.xyz,gambling
culture-cannabis.be,drugs
curacao-online-casinos.com,gambling
curacaocasino.se,gambling
curebet22.com,gambling
curebet7.com,gambling
cures-not-wars.org,drugs
cwinz-casino.pro,gambling
cyber-head-shop.com,drugs
cyber-vulkan.bet,gambling
cyber.bet,gambling
cyberbetcasino.com,gambling
cyberexcaliburcasino.com,gambling
cyberheadshop.com,drugs
cyberspacegambling.net,gambling
cybersportsbet.com,gambling
cybertimeonlinecasino.com,gambling
cynocasino.co.uk,gambling
cypruscasinoonline.com,gambling
cyrptocasino.com,gambling
d105xpbtjj9cjp.cloudfront.net,gambling
dabetcasino.lol,gambling
dachbetcasino.top,gambling
daddy---casino.online,gambling
daddy-casino-amp2.ru,gambling
daddy-casino-amp5.ru,gambling
daddy-casino-daddy.ru,gambling
daddy-casino-dzs.top,gambling
daddy-casino-game.ru,gambling
daddy-casino-online.ru,gambling
daddy-casino-online.town,gambling
daddy-casino-promo.com,gambling
daddy-casino-zer.top,gambling
daddy-casino-zerkaloo.ru,gambling
daddy-casino.biz,gambling
daddy-casino.casa,gambling
daddy-casino.cfd,gambling
daddy-casino.company,gambling
daddy-casino.cool,gambling
daddy-casino.digital,gambling
daddy-casino.lol,gambling
daddy-casino.mobi,gambling
daddy-casino.shop,gambling
daddy-casino.team,gambling
daddy-casino111.fun,gambling
daddy-casino112.fun,gambling
daddy-casinoplay.ru,gambling
daddy-casinos.com,gambling
daddy-daddy-casino.ru,gambling
daddy-wincasino.ru,gambling
daddy1casino.com,gambling
daddy2casino.ru,gambling
daddycasino-017.buzz,gambling
daddycasino-022.buzz,gambling
daddycasino-057.buzz,gambling
daddycasino-180.buzz,gambling
daddycasino-245.buzz,gambling
daddycasino-272.buzz,gambling
daddycasino-295.buzz,gambling
daddycasino-312.buzz,gambling
daddycasino-33.buzz,gambling
daddycasino-469.buzz,gambling
daddycasino-513.buzz,gambling
daddycasino-621.buzz,gambling
daddycasino-682.buzz,gambling
daddycasino-692.buzz,gambling
daddycasino-812.buzz,gambling
daddycasino-857.buzz,gambling
daddycasino-935.buzz,gambling
daddycasino-996.buzz,gambling
daddycasino-btc.ru,gambling
daddycasino-pay.ru,gambling
daddycasino-play.ru,gambling
daddycasino-rusite14.top,gambling
daddycasino-rusite30.top,gambling
daddycasino-site.ru,gambling
daddycasino-siteru.top,gambling
daddycasino-vhh.top,gambling
daddycasino-z.ru,gambling
daddycasino.directory,gambling
daddycasino.exchange,gambling
daddycasino.games,gambling
daddycasino.kz,gambling
daddycasino.monster,gambling
daddycasino.org,gambling
daddycasino.pro,gambling
daddycasino.promo,gambling
daddycasino.sbs,gambling
daddycasino.win,gambling
daddycasino1.cafe,gambling
daddycasino1.com,gambling
daddycasino100fs.com,gambling
daddycasino101.com,gambling
daddycasino111.ru,gambling
daddycasino1f.ru,gambling
daddycasino1w.ru,gambling
daddycasino2024.fun,gambling
daddycasino2024.ru,gambling
daddycasino21.com,gambling
daddycasino24.com,gambling
daddycasino28.com,gambling
daddycasino2f.ru,gambling
daddycasino2h.ru,gambling
daddycasino2k.ru,gambling
daddycasino3d.ru,gambling
daddycasino3h.ru,gambling
daddycasino464.com,gambling
daddycasino48.com,gambling
daddycasino4a.ru,gambling
daddycasino4g.ru,gambling
daddycasino5n.ru,gambling
daddycasino5t.ru,gambling
daddycasino6x.ru,gambling
daddycasino720.com,gambling
daddycasino77.ru,gambling
daddycasino784.com,gambling
daddycasino792.com,gambling
daddycasino938.com,gambling
daddycasino982.com,gambling
daddycasinobtc.ru,gambling
daddycasinoc.online,gambling
daddycasinoi.ru,gambling
daddycasinoonline.win,gambling
daddycasinoonline1.win,gambling
daddycasinoonline2.win,gambling
daddycasinopay-online.ru,gambling
daddycasinopay.com,gambling
daddycasinopay.ru,gambling
daddycasinopay.space,gambling
daddycasinopro.win,gambling
daddycasinopro1.win,gambling
daddycasinoru.win,gambling
daddycasinoru2.win,gambling
daddycasinorussia.win,gambling
daddycasinorussia1.win,gambling
daddycasinorussia2.win,gambling
daddycasinos.ru,gambling
daddycasinos.win,gambling
daddycasinos1.win,gambling
daddycasinos3.win,gambling
daddycasinosplay.ru,gambling
daddycasinotop.win,gambling
daddycasinotop1.win,gambling
daddycasinotop23.win,gambling
daddycasinotop25.win,gambling
daddycasinousdt.ru,gambling
daddycasinov1.site,gambling
daddycasinox.ru,gambling
daddycasinoy.ru,gambling
daddycasinoz.com,gambling
daddyscasino.win,gambling
daddyscasino1.win,gambling
daddyskins.com,gambling
daddywincasino-online.ru,gambling
daddyy-casinoo.ru,gambling
daduslot88asli.com,gambling
dadycasino.com,gambling
dafabet.com,gambling
dafabetcasino.lol,gambling
dafabetcasino.site,gambling
dafapoker.com,gambling
daftarjudibola.com,gambling
daftarjudicasino.com,gambling
daftarlivecasino.live,gambling
daftarpokeronline.com,gambling
dagacasino.club,gambling
dagacasino.vip,gambling
dahoodcasino.com,gambling
dailydose.net,drugs
dailysmoker.com,drugs
daisybingo.com,gambling
dallascasinoevent.com,gambling
dama-casinos.com,gambling
dama-nv-casinos.com,gambling
daman-casino.net,gambling
dancecasino.site,gambling
dancesite.com,drugs
danielniko.dev,gambling
danludangambler.com,gambling
danskacasinos.com,gambling
danskcasinodanmark.dk,gambling
danskcasinolive.dk,gambling
danskcasinoonline.dk,gambling
danskcasinotips.dk,gambling
daphnescapades.com,gambling
dariominieri.com,gambling
darkfolio.com,gambling
darrelgambler.com,gambling
darrellthegambler.com,gambling
dasbeste5onlinecasinos9.com,gambling
dascasinohotels.com,gambling
dash-casino-us.top,gambling
dasistcasino.com,gambling
dasisttopcasinohotels.com,gambling
daspoker.com,gambling
databet.ec,gambling
datdrop.com,gambling
datosdeparleygratis.com,gambling
davaowin-casino.me,gambling
davaowincasino.com,gambling
davegas11.com,gambling
davegas15.com,gambling
davegas2.com,gambling
davegas9.com,gambling
davilcasino.com,gambling
dayofshow.com,gambling
daznbet-casino.click,gambling
daznbet.fr,gambling
dbbcasino.com,gambling
dbbcasino.net,gambling
dbbcasino.org,gambling
dbbcasino3.com,gambling
dbbcasino8.com,gambling
dbltotobest.com,gambling
dbossescasino.top,gambling
dcasino-pgs01.xyz,gambling
dcasinopp1.cc,gambling
dcasinotop.club,gambling
dcasinotop.xyz,gambling
dclottery.com,gambling
dctcasino.co,gambling
dd7casino.com,gambling
ddlddl.free.fr,dangerous_material
ddwcasino88win.top,gambling
ddwcasino88win.vip,gambling
ddwi.com,drugs
de-casino-spiele.com,gambling
de-topcasinolist.com,gambling
dealbetcasino.uk,gambling
dealemupcasino.net,gambling
dealgamble.com,gambling
deandeluca.com,gambling
debonosdecasinos.es,gambling
decasino.be,gambling
decasino.me,gambling
decasinopro.org,gambling
decasinos.io,gambling
deccasino.com,gambling
deckocasino.com,gambling
dedanskecasinoer.dk,gambling
dedekcasino.top,gambling
dedicated-poker.com,gambling
defeatthecasinos.com,gambling
defininghopes.com,gambling
degencasino.fun,gambling
delapantogel.com,gambling
delivercasino.com,gambling
delorocasino.com,gambling
deltacasino.info,gambling
deltatoto.com,gambling
deltin-casino.in,gambling
deltin7-casino.com,gambling
deltincasinoviewer.com,gambling
deluxe-casino.pw,gambling
deluxecasino-playn.ru,gambling
deluxecasino-playx.ru,gambling
deluxejoycasino-42.ru,gambling
deluxorcasino.com,gambling
demo-jeux-casino.mondo-casinos.com,gambling
dendycasino15.com,gambling
dendycasino16.com,gambling
dendycasino18.com,gambling
dengebet247.com,gambling
dengebet249.com,gambling
dengebet251.com,gambling
dengebet254.com,gambling
dengebet257.com,gambling
dengebet260.com,gambling
dengebet261.com,gambling
dengebet262.com,gambling
dengebet264.com,gambling
dengebet266.com,gambling
dengebet267.com,gambling
denmarkcasinoking.com,gambling
denmarkgamblehubzone.com,gambling
denmarkslotsmania.com,gambling
deoxy.org,drugs
descargarcasino.info,gambling
desdelasvegas.com,gambling
desertnightscasino.com,gambling
designcasinos.co,gambling
designcasinos.shop,gambling
destinyspins.com,gambling
detektifslotsindo.com,gambling
detroitcasinocouncil.org,gambling
deuceswildcasino.net,gambling
deutschcasinospiele.de,gambling
deutschlandcasinos.info,gambling
deutschlandcasinosocial.com,gambling
deutschslots.net,gambling
devenir-gangster.com,gambling
dewa-casino.vip,gambling
dewacasino.cam,gambling
dewacasino.com,gambling
dewacasino.link,gambling
dewacasino168.bar,gambling
dewacasino168.cloud,gambling
dewacasino168.com,gambling
dewacasino168.fun,gambling
dewacasino168.hair,gambling
dewacasino168.life,gambling
dewacasino168.net,gambling
dewacasino168.store,gambling
dewacasino168.world,gambling
dewacasino168alt.xyz,gambling
dewacasino168amp.site,gambling
dewacasino168fun.com,gambling
dewacasino168jp.top,gambling
dewacasino168petir.click,gambling
dewacasino168vip.com,gambling
dewacasino388.co,gambling
dewacasino388.com,gambling
dewacasino388.org,gambling
dewacasinoaja.us,gambling
dewacasinopage.com,gambling
dewacasinortpweb.autos,gambling
dewacasinoslot.us,gambling
dewacasinoslot.xyz,gambling
dewajudionline.com,gambling
dewataslotstgel.cc,gambling
dewcasino.biz,gambling
dewcasinopro.com,gambling
dewi365casino.com,gambling
dewicasino.art,gambling
dewicasino.online,gambling
dewicasino88king.com,gambling
dewitogel.com,gambling
dex.port5.com,drugs
dextromethorphan.ws,drugs
dextroverse.org,drugs
dgcasino.top,gambling
dgpoker88.vip,gambling
dhlottery.co.kr,gambling
dhx4dpremier.one,gambling
diamondcasino.club,gambling
diamondcasino.co.uk,gambling
diamondcasinogame.com,gambling
diamondclubcasino.com,gambling
diamondfuncasino.co.uk,gambling
diamondluckcasino.com,gambling
diamondpalacecasinog.online,gambling
diamondreelscasino.top,gambling
dicecasino.info,gambling
digicasino.net,gambling
dimebagcasinoh.store,gambling
dinamitbet140.com,gambling
dinastycasino.com,gambling
dingcasino.com,gambling
dinhcasino.com,gambling
dinobingo.com,gambling
directcasino.co,gambling
directcasino.shop,gambling
directlinecasino.com,gambling
directtablewareproducts.com,gambling
discountcasino.cam,gambling
discountcasino.top,gambling
discountcasino101.com,gambling
discountcasino148.com,gambling
discountcasino171.com,gambling
discountcasino179.com,gambling
discountcasino180.com,gambling
discountcasino182.com,gambling
discountcasino183.com,gambling
discountcasino187.com,gambling
discountcasino188.com,gambling
discountcasino189.com,gambling
discountcasino190.com,gambling
discountcasino191.com,gambling
discountcasino196.com,gambling
discountcasino197.com,gambling
discountcasino198.com,gambling
discountcasino200.com,gambling
discountcasino201.com,gambling
discountcasino203.com,gambling
discountcasino204.com,gambling
discountcasino206.com,gambling
discountcasino207.com,gambling
discountcasino208.com,gambling
discountcasino209.com,gambling
discountcasino210.com,gambling
discountcasino211.com,gambling
discountcasino213.com,gambling
discountcasino214.com,gambling
discountcasino216.com,gambling
discountcasino217.com,gambling
discountcasino218.com,gambling
discountcasino219.com,gambling
discountcasino221.com,gambling
discountcasino224.com,gambling
discountcasino225.com,gambling
discountcasino226.com,gambling
discountcasino228.com,gambling
discountcasino229.com,gambling
discountcasino230.com,gambling
discountcasino231.com,gambling
discountcasino233.com,gambling
discountcasino235.com,gambling
discountcasino237.com,gambling
discountcasino238.com,gambling
discountcasino239.com,gambling
discountcasino242.com,gambling
discountcasino246.com,gambling
discountcasino250.com,gambling
discountcasino251.com,gambling
discountcasino252.com,gambling
discountcasino254.com,gambling
discountcasino255.com,gambling
discountcasino257.com,gambling
discountcasino259.com,gambling
discountcasino260.com,gambling
discountcasino261.com,gambling
discountcasino262.com,gambling
discountcasino264.com,gambling
discountcasino265.com,gambling
discountcasino266.com,gambling
discountcasino267.com,gambling
discountcasino271.com,gambling
discountcasino276.com,gambling
discountcasino277.com,gambling
discountcasino282.com,gambling
discountcasino289.com,gambling
discountcasino295.com,gambling
discountcasino298.com,gambling
discountcasino3.com,gambling
discountcasino303.com,gambling
discountcasino305.com,gambling
discountcasino307.com,gambling
discountcasino308.com,gambling
discountcasino309.com,gambling
discountcasino310.com,gambling
discountcasino313.com,gambling
discountcasino314.com,gambling
discountcasino315.com,gambling
discountcasino316.com,gambling
discountcasino317.com,gambling
discountcasino318.com,gambling
discountcasino320.com,gambling
discountcasino321.com,gambling
discountcasino322.com,gambling
discountcasino323.com,gambling
discountcasino324.com,gambling
discountcasino325.com,gambling
discountcasino326.com,gambling
discountcasino328.com,gambling
discountcasino329.com,gambling
discountcasino330.com,gambling
discountcasino335.com,gambling
discountcasino36.com,gambling
discountcasino452.com,gambling
discountcasino519.com,gambling
discountcasino56.com,gambling
discountcasino8000.com,gambling
discountcasino8002.com,gambling
discountcasino8003.com,gambling
discountcasino8004.com,gambling
discountcasino84.com,gambling
discountcasino86.com,gambling
discountcasino87.com,gambling
discountcasino88.com,gambling
discountcasino89.com,gambling
discountcasino90.com,gambling
discountcasino92.com,gambling
discovercasino.site,gambling
discoverycasino.info,gambling
distancesfrom.in,gambling
distribucodes.com,gambling
ditcasinosite.dk,gambling
ditobet.com,gambling
divawins.com,gambling
divinoplay.com,gambling
diwataplaycasino.site,gambling
diyarbetcasino.com,gambling
djigiseeds.com,drugs
djslot.net,gambling
dk7casino.live,gambling
dkcasinoer.dk,gambling
dlmanuals.com,gambling
dlx-casino.org,gambling
dlx-casino.top,gambling
dlxcasino1.com,gambling
dlxcasino2.com,gambling
dlxcasino3.com,gambling
dlxcasino5.online,gambling
dlxcasino7.casa,gambling
dmtc.com,gambling
doctorbetcasino.com,gambling
doge-casino.top,gambling
doge7casino.com,gambling
dogecoin-casino-us.top,gambling
dogecoin-casinos.net,gambling
doggocasino.top,gambling
dogobet47.com,gambling
dogslots.xyz,gambling
doitnow.org,drugs
dollarcasino.info,gambling
dollarcasinos.xyz,gambling
dollarstormslots.com,gambling
dollycasino-hu.click,gambling
dollycasino.co.nz,gambling
dollycasino.one,gambling
dollycasino.top,gambling
dollycasino102.com,gambling
dollycasinos.com,gambling
domgamecasino.top,gambling
don-rox-casino.com,gambling
donbetcasino.uk,gambling
dope-seeds.com,drugs
doracasinoslot.com,gambling
doubeucasino.com,gambling
doubledeckblackjack.com,gambling
doubledowncasino.com,gambling
doubledowncasino2.com,gambling
doubledowncasinofreechips.net,gambling
doublestarcasino.top,gambling
doubleucasino.com,gambling
doupcasino.info,gambling
down-booter.fr,dangerous_material
download-slotmachines.com,gambling
download-slots-game.com,gambling
downstreamcasino.com,gambling
downundercasinosocial.com,gambling
doxxbet.casino,gambling
doylesroom.com,gambling
dpf.org,drugs
dr-bet-casino.co.uk,gambling
dr-bet-casino.com,gambling
dr-betcasino.co.uk,gambling
draftkings.com,gambling
draftkingsatcasinoqueen.com,gambling
dragon-kingdom-casino.com,gambling
dragon-money-casino.live,gambling
dragon-money-casino.pro,gambling
dragon-money-casino.today,gambling
dragon-money-casinos.today,gambling
dragon-money-casinos.top,gambling
dragoncasino.com,gambling
dragonfishslotsites.com,gambling
dragonfishtech.com,gambling
dragonmoney-casino.ru,gambling
dragonmoneycasino.fun,gambling
dragonmoneycasino.win,gambling
dragonmoneycasino3.win,gambling
dragonmoneycasino777.win,gambling
dragonmoneycasinoofficial.top,gambling
dragonmoneycasinotop777.win,gambling
dragonslots.club,gambling
dragonslots.dev,gambling
dragonslots.us,gambling
dragonslots.vip,gambling
dragonslots88.store,gambling
dragonslotsgg.org,gambling
drakecasino.eu,gambling
drawingclasses.co.za,gambling
drbet-casino.org,gambling
drcasinosite.com,gambling
drchronic.com,drugs
dream11.com,gambling
dreamcasino.info,gambling
dreams-casino-online.com,gambling
dreamscasino.io,gambling
dreamscasino.top,gambling
dreamscasinoio.top,gambling
dreamvegascasino.top,gambling
dreamzcasinos.com,gambling
drf.com,gambling
drfenespanol.com,gambling
drgambling.co.ke,gambling
drgncasino.fun,gambling
drgncasino.top,gambling
drgncasino.xyz,gambling
drgncasino1.top,gambling
drgreenstore.com,drugs
drift--casino.site,gambling
drift-casino-3place.top,gambling
drift-casino-help.com,gambling
drift-casino-help.ru,gambling
drift-casino-help6.ru,gambling
drift-casino-help9.ru,gambling
drift-casino-hot.club,gambling
drift-casino-site.ru,gambling
drift-casino-win.net,gambling
drift-casino.best,gambling
drift-casino.bike,gambling
drift-casinos.pw,gambling
drift24casino.com,gambling
drift24casino.top,gambling
drift24casino1.top,gambling
drift24casino2.top,gambling
drift24casino3.top,gambling
drift24casino4.top,gambling
driftasino.xyz,gambling
driftcasino-3place.ru,gambling
driftcasino-3place1.ru,gambling
driftcasino-3place2.ru,gambling
driftcasino-3place2.top,gambling
driftcasino-3place3.ru,gambling
driftcasino-3place3.top,gambling
driftcasino-3place4.ru,gambling
driftcasino-3place4.top,gambling
driftcasino-3place5.ru,gambling
driftcasino-3place5.top,gambling
driftcasino-3place6.top,gambling
driftcasino-3place7.top,gambling
driftcasino-div10.ru,gambling
driftcasino-div7.ru,gambling
driftcasino-div8.ru,gambling
driftcasino-div9.ru,gambling
driftcasino-divo.com,gambling
driftcasino-divo.ru,gambling
driftcasino-divo1.ru,gambling
driftcasino-divo2.ru,gambling
driftcasino-divo3.ru,gambling
driftcasino-divo4.ru,gambling
driftcasino-divo5.ru,gambling
driftcasino-divo6.ru,gambling
driftcasino-help.ru,gambling
driftcasino-help1.ru,gambling
driftcasino-help3.ru,gambling
driftcasino-inwars.ru,gambling
driftcasino-inwars2.ru,gambling
driftcasino-inwars3.ru,gambling
driftcasino-inwars5.ru,gambling
driftcasino-inwars6.ru,gambling
driftcasino-inwars7.ru,gambling
driftcasino-sk2.com,gambling
driftcasino-trans10.ru,gambling
driftcasino-trans11.ru,gambling
driftcasino-trans12.ru,gambling
driftcasino-trans2.top,gambling
driftcasino-trans3.top,gambling
driftcasino-trans4.top,gambling
driftcasino-trans5.ru,gambling
driftcasino-trans5.top,gambling
driftcasino-trans6.ru,gambling
driftcasino-trans9.ru,gambling
driftcasino-tuva.ru,gambling
driftcasino-tuva1.ru,gambling
driftcasino-tuva10.top,gambling
driftcasino-tuva16.ru,gambling
driftcasino-tuva17.ru,gambling
driftcasino-tuva18.ru,gambling
driftcasino-tuva1t.com,gambling
driftcasino-tuva2.ru,gambling
driftcasino-tuva3.top,gambling
driftcasino-tuva4.top,gambling
driftcasino-tuva5.top,gambling
driftcasino-tuva6.top,gambling
driftcasino-tuva7.top,gambling
driftcasino-tuva8.top,gambling
driftcasino-tuva9.top,gambling
driftcasino.biz,gambling
driftcasino.page,gambling
driftcasino.top,gambling
driftcasinonozol.com,gambling
driftcasinonozol.top,gambling
driftcasinonozol1.ru,gambling
driftcasinonozol10.ru,gambling
driftcasinonozol2.ru,gambling
driftcasinonozol2.top,gambling
driftcasinonozol3.ru,gambling
driftcasinonozol4.ru,gambling
driftcasinonozol7.ru,gambling
driftcasinonozol8.ru,gambling
driftcasinonozol9.ru,gambling
drifter.best,gambling
driftfriends.com,gambling
driftgame.space,gambling
driftino.cash,gambling
drip--casinos.online,gambling
drip-casino-1.com,gambling
drip-casino-ru.com,gambling
drip-casino-ru.ru,gambling
drip-casino-ru1.ru,gambling
drip-casino-slot.com,gambling
drip-casino-slot.ru,gambling
drip-casino-theatre2030.com,gambling
drip-casino-top.com,gambling
drip-casino-top.ru,gambling
drip-casino-top1.ru,gambling
drip-casino-top2.ru,gambling
drip-casino-top3.ru,gambling
drip-casino-visa1.com,gambling
drip-casino-voshod.com,gambling
drip-casino-zerkalo.ru,gambling
drip-casino.fr,gambling
drip-casino1.ru,gambling
drip-casinos.com,gambling
drip-casinos.top,gambling
drip-casinos.vip,gambling
dripcasino-1.com,gambling
dripcasino-100.com,gambling
dripcasino-101.com,gambling
dripcasino-102.com,gambling
dripcasino-104.com,gambling
dripcasino-2.ru,gambling
dripcasino-200.com,gambling
dripcasino-201.com,gambling
dripcasino-202.com,gambling
dripcasino-203.com,gambling
dripcasino-204.com,gambling
dripcasino-3.ru,gambling
dripcasino-300.com,gambling
dripcasino-301.com,gambling
dripcasino-303.com,gambling
dripcasino-400.com,gambling
dripcasino-401.com,gambling
dripcasino-402.com,gambling
dripcasino-403.com,gambling
dripcasino-501.com,gambling
dripcasino-5ka.ru,gambling
dripcasino-600.com,gambling
dripcasino-601.com,gambling
dripcasino-603.com,gambling
dripcasino-604.com,gambling
dripcasino-701.com,gambling
dripcasino-art.com,gambling
dripcasino-art.ru,gambling
dripcasino-art1.ru,gambling
dripcasino-art2.ru,gambling
dripcasino-art3.ru,gambling
dripcasino-art4.ru,gambling
dripcasino-art5.ru,gambling
dripcasino-bezdeposita.ru,gambling
dripcasino-carp.ru,gambling
dripcasino-ceramica.ru,gambling
dripcasino-dkz.com,gambling
dripcasino-dkz.ru,gambling
dripcasino-dkz1.ru,gambling
dripcasino-fruit.com.ua,gambling
dripcasino-gos.com,gambling
dripcasino-gos.ru,gambling
dripcasino-nice.ru,gambling
dripcasino-official.win,gambling
dripcasino-ogme.ru,gambling
dripcasino-onlin.ru,gambling
dripcasino-online.ru,gambling
dripcasino-online16.ru,gambling
dripcasino-online19.ru,gambling
dripcasino-online20.ru,gambling
dripcasino-online21.ru,gambling
dripcasino-online23.ru,gambling
dripcasino-online26.ru,gambling
dripcasino-online29.ru,gambling
dripcasino-online37.ru,gambling
dripcasino-online38.ru,gambling
dripcasino-online52.ru,gambling
dripcasino-online56.ru,gambling
dripcasino-online59.ru,gambling
dripcasino-online62.ru,gambling
dripcasino-online64.ru,gambling
dripcasino-online66.ru,gambling
dripcasino-online72.ru,gambling
dripcasino-online74.ru,gambling
dripcasino-online75.ru,gambling
dripcasino-play.com,gambling
dripcasino-scan.com,gambling
dripcasino-slot.com,gambling
dripcasino-slot.ru,gambling
dripcasino-slot2.ru,gambling
dripcasino-slot3.ru,gambling
dripcasino-slots.ru,gambling
dripcasino-subli.ru,gambling
dripcasino-tepluck.ru,gambling
dripcasino-tra.com,gambling
dripcasino-winner.ru,gambling
dripcasino.com.ua,gambling
dripcasino.de,gambling
dripcasino11.com,gambling
dripcasino13.com,gambling
dripcasino14.com,gambling
dripcasino16.com,gambling
dripcasino17.com,gambling
dripcasino2023.ru,gambling
dripcasino30.com,gambling
dripcasino38.com,gambling
dripcasino44.com,gambling
dripcasinoigrat.win,gambling
dripcasinolet.com,gambling
dripcasinolet.ru,gambling
dripcasinolet6.ru,gambling
dripcasinolet7.ru,gambling
dripcasinoofficial7-win.win,gambling
dripcasinoofficialsite.win,gambling
dripcasinoofficialsite221.win,gambling
dripcasinoonline.win,gambling
dripcasinoonline432.win,gambling
dripcasinoru.com,gambling
dripcasinos.com,gambling
dripcasinotop5-win.win,gambling
dripcasinovip1.com,gambling
dripcasinovip5.com,gambling
dripcasinowin-online.ru,gambling
dripcasinowin.com,gambling
dripcasinowins-online.ru,gambling
dripcasinowins.ru,gambling
dripwincasino.ru,gambling
drivecasino.info,gambling
drivecasino.site,gambling
drogart.org,drugs
drogeninfo.de,drugs
druckgluckcasino.top,gambling
drugactionnetwork.com,drugs
drugfreeworkplace.com,drugs
druglibrary.org,drugs
drugpeace.org,drugs
drugpolicyalliance.org,drugs
drugs-forum.com,drugs
drugs-plaza.com,drugs
drugs-test.nl,drugs
drugs.gov.uk,drugs
drugs.greenparty.org.uk,drugs
drugsense.org,drugs
drugsforum.nl,drugs
drugsinfofile.com,drugs
drugsinfoteam.nl,drugs
drugtestinfo.com,drugs
drugtesting.freeservers.com,drugs
drugtestingnews.com,drugs
drugtext.nl,drugs
drugworld.org,drugs
dubai-casino.click,gambling
dubai-casino.co,gambling
dubai7casino.in,gambling
dubaicasino.click,gambling
dubaicasino.games,gambling
dubaicasino.mobi,gambling
dubaicasino88.top,gambling
dubaicasinobonuses.com,gambling
dubelisysea.com,gambling
dublinbet-casino-france.com,gambling
duchescasino.xyz,gambling
duchesnegov.net,gambling
duckyluck.ag,gambling
dudcasino.xyz,gambling
dudescasino.info,gambling
duelbits.com,gambling
duelcasino.info,gambling
duelcasinos.shop,gambling
duelz-casino-uk.com,gambling
duelzcasino.click,gambling
duivencasino.com,gambling
dumas-trial.nl,gambling
dumbcasinowomen.com,gambling
dundeeslots.com,gambling
dundercasino.click,gambling
dundercasino.top,gambling
duniaromano.com,gambling
dunlop.id,gambling
dutatoto.com,gambling
dutch-passion.nl,drugs
dutch-seeds.com,drugs
dutchslots.net,gambling
dutchtalk.com,gambling
duxcasino.click,gambling
duxcasino.top,gambling
dv-lottery.net,gambling
dv-lottery.org,gambling
dv-lottery.us,gambling
dvanonline.com,gambling
dvcasino.top,gambling
dvcasino.us,gambling
dvlotterystategov.us,gambling
dw-casino.org,gambling
dw-casino.us,gambling
dw88.net,gambling
dw88.org,gambling
dw88casino.cc,gambling
dw88gacor.pages.dev,gambling
dwacasinopt.biz,gambling
dwacasinopt.vip,gambling
dwcasino-top.cc,gambling
dwcasino-top.us,gambling
dwcasino.cc,gambling
dwcasino88.us,gambling
dwcasinocuan.art,gambling
dwcasinomenang.art,gambling
dwcasinomenang.vip,gambling
dwcasinopp.top,gambling
dwcasinopp.vip,gambling
dwcasinopp.xyz,gambling
dwcasinoppg.cc,gambling
dwcasinoppg.site,gambling
dwcasinospin.com,gambling
dwcasinospin.us,gambling
dwcasinotop.vip,gambling
dwcasinotop.xyz,gambling
dwptogelgo.com,gambling
dwptogelpay.com,gambling
dwt4slotsbe3t88.store,gambling
dwtaslots.xyz,gambling
dwtaslotsbet88.site,gambling
dwtjitu.com,gambling
dwv99bros.art,gambling
dwv99cold.com,gambling
dxmstories.com,drugs
dyutabhumicasinocruises.com,gambling
e-casino.tv,gambling
e-gunparts.com,dangerous_material
e-lottery-syndicat-mondial.fr.nr,gambling
e-onlineblackjack.com,gambling
e-socialcasino.com,gambling
e-walletcasino.com,gambling
e777.net,gambling
e8casino.com,gambling
e99mb.com,gambling
e99mb.xyz,gambling
eac2024.org,gambling
eastmidlandsgambling.nhs.uk,gambling
easy-lottery.net,gambling
easybetcasino.vip,gambling
easybets.com,gambling
easycasino.co,gambling
easycasinos.net,gambling
easycasinos.org,gambling
easycasinos.site,gambling
easymoneyblackjack.com,gambling
easyrollerscasino.com,gambling
easyslots.com,gambling
ebellagiocasino.com,gambling
ebet.co.za,gambling
ebetusa.com,gambling
ebetx.pl,gambling
ebookcasino.info,gambling
ecasino.cz,gambling
ecasino.ing,gambling
ecasinobonuscodes.com,gambling
ecasinoevents.com,gambling
ecasinovip.xyz,gambling
echeck-casinos.ca,gambling
echeckcasinosusaplayers.com,gambling
echte-slots.com,gambling
echtgeld-casino.net,gambling
echtgeld-casino.online,gambling
echtgeld-casinos.net,gambling
echtgeldcasino.co,gambling
eclipsecasino.org,gambling
eclipsecasino.top,gambling
ecopayz-casino-ca.top,gambling
ecopayz-casino-de.top,gambling
ecopayz-casino-us.top,gambling
ecopayz-casino.top,gambling
ecopayzcasinos.ca,gambling
ecstasy.org,drugs
ecua.bet,gambling
ecuabet.com,gambling
ecuabet.com.ec,gambling
ecwoncasino.com,gambling
edcluckycasino.net,gambling
edgewater-casino.com,gambling
edinburghfuncasino.com,gambling
edlanews.com,gambling
eduliscasino.xyz,gambling
ee88.casino,gambling
efbetcasino.net,gambling
efesbetcasino.com,gambling
efesbetcasino366.com,gambling
efescasino3.com,gambling
efficientcasino.info,gambling
efortuna.pl,gambling
efortunacasino.top,gambling
eftcasino.com,gambling
eg33casino.click,gambling
egambler.com,gambling
egamescasino.net,gambling
egamescasinos.com,gambling
egamingonline.com,gambling
egcasino.site,gambling
egyptiangoldcasino.com,gambling
el-blackjack.es,gambling
el-royale-casino.org,gambling
elang178win.com,gambling
elang367-aja.site,gambling
elang77.net,gambling
elangtangkas.org,gambling
elblackjack.es,gambling
elcortezhotelcasino.com,gambling
eldorado--casino.site,gambling
eldorado-24-casino.org,gambling
eldorado-casino-0u.ru,gambling
eldorado-casino-4w.ru,gambling
eldorado-casino-6a.ru,gambling
eldorado-casino-7e.ru,gambling
eldorado-casino-fv.ru,gambling
eldorado-casino-p7.ru,gambling
eldorado-casino-ru.com,gambling
eldorado-casino-sq.ru,gambling
eldorado-casino-w9.ru,gambling
eldorado-casino.best,gambling
eldorado-casino.cam,gambling
eldorado-casino.company,gambling
eldorado-casino.loan,gambling
eldorado-casino.money,gambling
eldorado-casino.online,gambling
eldorado-casino.report,gambling
eldorado-casino.ro,gambling
eldorado-casino.site,gambling
eldorado-casino.tips,gambling
eldorado-casinos.online,gambling
eldorado24casino.online,gambling
eldoradocasino-051.buzz,gambling
eldoradocasino-145.buzz,gambling
eldoradocasino-157.buzz,gambling
eldoradocasino-167.buzz,gambling
eldoradocasino-250.buzz,gambling
eldoradocasino-272.buzz,gambling
eldoradocasino-282.buzz,gambling
eldoradocasino-293.buzz,gambling
eldoradocasino-297.buzz,gambling
eldoradocasino-300.buzz,gambling
eldoradocasino-305.buzz,gambling
eldoradocasino-330.buzz,gambling
eldoradocasino-345.buzz,gambling
eldoradocasino-369.buzz,gambling
eldoradocasino-494.buzz,gambling
eldoradocasino-496.buzz,gambling
eldoradocasino-498.buzz,gambling
eldoradocasino-507.buzz,gambling
eldoradocasino-531.buzz,gambling
eldoradocasino-578.buzz,gambling
eldoradocasino-592.buzz,gambling
eldoradocasino-682.buzz,gambling
eldoradocasino-719.buzz,gambling
eldoradocasino-731.buzz,gambling
eldoradocasino-824.buzz,gambling
eldoradocasino-829.buzz,gambling
eldoradocasino-836.buzz,gambling
eldoradocasino-873.buzz,gambling
eldoradocasino-879.buzz,gambling
eldoradocasino-881.buzz,gambling
eldoradocasino-903.buzz,gambling
eldoradocasino-936.buzz,gambling
eldoradocasino-944.buzz,gambling
eldoradocasino-960.buzz,gambling
eldoradocasino-965.buzz,gambling
eldoradocasino-967.buzz,gambling
eldoradocasino-969.buzz,gambling
eldoradocasino-979.buzz,gambling
eldoradocasino-994.buzz,gambling
eldoradocasino-aag.top,gambling
eldoradocasino-adn.top,gambling
eldoradocasino-afj.top,gambling
eldoradocasino-afr.top,gambling
eldoradocasino-aim.top,gambling
eldoradocasino-aix.top,gambling
eldoradocasino-alh.top,gambling
eldoradocasino-amy.top,gambling
eldoradocasino-aps.top,gambling
eldoradocasino-aql.top,gambling
eldoradocasino-arb.top,gambling
eldoradocasino-arz.top,gambling
eldoradocasino-aso.top,gambling
eldoradocasino-ath.top,gambling
eldoradocasino-atm.top,gambling
eldoradocasino-atn.top,gambling
eldoradocasino-atz.top,gambling
eldoradocasino-aum.top,gambling
eldoradocasino-avg.top,gambling
eldoradocasino-avy.top,gambling
eldoradocasino-awj.top,gambling
eldoradocasino-awq.top,gambling
eldoradocasino-axr.top,gambling
eldoradocasino-ayc.top,gambling
eldoradocasino-ayf.top,gambling
eldoradocasino-ayu.top,gambling
eldoradocasino-bad.top,gambling
eldoradocasino-baf.top,gambling
eldoradocasino-band.ru,gambling
eldoradocasino-bdk.top,gambling
eldoradocasino-bey.top,gambling
eldoradocasino-bff.top,gambling
eldoradocasino-bgv.top,gambling
eldoradocasino-bix.top,gambling
eldoradocasino-bmz.top,gambling
eldoradocasino-box.top,gambling
eldoradocasino-brp.top,gambling
eldoradocasino-bsm.top,gambling
eldoradocasino-bsz.top,gambling
eldoradocasino-bti.top,gambling
eldoradocasino-buo.top,gambling
eldoradocasino-bvc.top,gambling
eldoradocasino-bvt.top,gambling
eldoradocasino-bwb.top,gambling
eldoradocasino-byp.top,gambling
eldoradocasino-cbi.top,gambling
eldoradocasino-cbk.top,gambling
eldoradocasino-ccx.top,gambling
eldoradocasino-cdy.top,gambling
eldoradocasino-cea.top,gambling
eldoradocasino-cep.top,gambling
eldoradocasino-cfr.top,gambling
eldoradocasino-cjc.top,gambling
eldoradocasino-cli.top,gambling
eldoradocasino-cls.top,gambling
eldoradocasino-crw.top,gambling
eldoradocasino-ctf.top,gambling
eldoradocasino-cti.top,gambling
eldoradocasino-cto.top,gambling
eldoradocasino-cud.top,gambling
eldoradocasino-cug.top,gambling
eldoradocasino-cxu.top,gambling
eldoradocasino-cyd.top,gambling
eldoradocasino-czi.top,gambling
eldoradocasino-daa.top,gambling
eldoradocasino-dcw.top,gambling
eldoradocasino-dgv.top,gambling
eldoradocasino-dmr.top,gambling
eldoradocasino-dna.top,gambling
eldoradocasino-doa.top,gambling
eldoradocasino-dop.top,gambling
eldoradocasino-dqb.top,gambling
eldoradocasino-dsu.top,gambling
eldoradocasino-duj.top,gambling
eldoradocasino-dve.top,gambling
eldoradocasino-dwe.top,gambling
eldoradocasino-dwp.top,gambling
eldoradocasino-dxw.top,gambling
eldoradocasino-dyj.top,gambling
eldoradocasino-dzp.top,gambling
eldoradocasino-ecy.top,gambling
eldoradocasino-edq.top,gambling
eldoradocasino-edy.top,gambling
eldoradocasino-efg.top,gambling
eldoradocasino-egb.top,gambling
eldoradocasino-egi.top,gambling
eldoradocasino-ejp.top,gambling
eldoradocasino-ejx.top,gambling
eldoradocasino-ekx.top,gambling
eldoradocasino-eqv.top,gambling
eldoradocasino-etb.top,gambling
eldoradocasino-euk.top,gambling
eldoradocasino-evv.top,gambling
eldoradocasino-ewm.top,gambling
eldoradocasino-ews.top,gambling
eldoradocasino-exd.top,gambling
eldoradocasino-eyf.top,gambling
eldoradocasino-eyv.top,gambling
eldoradocasino-fag.top,gambling
eldoradocasino-fbf.top,gambling
eldoradocasino-fbx.top,gambling
eldoradocasino-fcv.top,gambling
eldoradocasino-fdg.top,gambling
eldoradocasino-fdr.top,gambling
eldoradocasino-feo.top,gambling
eldoradocasino-fil.top,gambling
eldoradocasino-foe.top,gambling
eldoradocasino-fqd.top,gambling
eldoradocasino-fqi.top,gambling
eldoradocasino-fum.top,gambling
eldoradocasino-fus.top,gambling
eldoradocasino-fut.top,gambling
eldoradocasino-fvb.top,gambling
eldoradocasino-fvo.top,gambling
eldoradocasino-fxr.top,gambling
eldoradocasino-fyl.top,gambling
eldoradocasino-fyz.top,gambling
eldoradocasino-fzp.top,gambling
eldoradocasino-gbd.top,gambling
eldoradocasino-gcn.top,gambling
eldoradocasino-geh.top,gambling
eldoradocasino-gfr.top,gambling
eldoradocasino-gfx.top,gambling
eldoradocasino-ggo.top,gambling
eldoradocasino-gil.top,gambling
eldoradocasino-gjn.top,gambling
eldoradocasino-gka.top,gambling
eldoradocasino-glr.top,gambling
eldoradocasino-gly.top,gambling
eldoradocasino-gsj.top,gambling
eldoradocasino-gvx.top,gambling
eldoradocasino-gwu.top,gambling
eldoradocasino-gxm.top,gambling
eldoradocasino-gys.top,gambling
eldoradocasino-gzy.top,gambling
eldoradocasino-gzz.top,gambling
eldoradocasino-hbz.top,gambling
eldoradocasino-hcr.top,gambling
eldoradocasino-hdz.top,gambling
eldoradocasino-hef.top,gambling
eldoradocasino-hey.top,gambling
eldoradocasino-hgx.top,gambling
eldoradocasino-hkp.top,gambling
eldoradocasino-hkw.top,gambling
eldoradocasino-hob.top,gambling
eldoradocasino-hoz.top,gambling
eldoradocasino-hqv.top,gambling
eldoradocasino-hrx.top,gambling
eldoradocasino-hsi.top,gambling
eldoradocasino-hvu.top,gambling
eldoradocasino-hwf.top,gambling
eldoradocasino-hwq.top,gambling
eldoradocasino-hxr.top,gambling
eldoradocasino-hzj.top,gambling
eldoradocasino-idd.top,gambling
eldoradocasino-idx.top,gambling
eldoradocasino-ieg.top,gambling
eldoradocasino-ies.top,gambling
eldoradocasino-ifq.top,gambling
eldoradocasino-igp.top,gambling
eldoradocasino-ihf.top,gambling
eldoradocasino-ihg.top,gambling
eldoradocasino-ihj.top,gambling
eldoradocasino-ilr.top,gambling
eldoradocasino-imf.top,gambling
eldoradocasino-imi.top,gambling
eldoradocasino-ipe.top,gambling
eldoradocasino-ipx.top,gambling
eldoradocasino-iqr.top,gambling
eldoradocasino-isc.top,gambling
eldoradocasino-itn.top,gambling
eldoradocasino-iup.top,gambling
eldoradocasino-ivu.top,gambling
eldoradocasino-ivw.top,gambling
eldoradocasino-iwg.top,gambling
eldoradocasino-iyj.top,gambling
eldoradocasino-jam.top,gambling
eldoradocasino-jbm.top,gambling
eldoradocasino-jcv.top,gambling
eldoradocasino-jcw.top,gambling
eldoradocasino-jei.top,gambling
eldoradocasino-jeo.top,gambling
eldoradocasino-jfc.top,gambling
eldoradocasino-jfv.top,gambling
eldoradocasino-jgi.top,gambling
eldoradocasino-jjt.top,gambling
eldoradocasino-jkk.top,gambling
eldoradocasino-job.top,gambling
eldoradocasino-jpk.top,gambling
eldoradocasino-jsf.top,gambling
eldoradocasino-jsg.top,gambling
eldoradocasino-jsr.top,gambling
eldoradocasino-jtt.top,gambling
eldoradocasino-jxr.top,gambling
eldoradocasino-jzg.top,gambling
eldoradocasino-jzh.top,gambling
eldoradocasino-kbo.top,gambling
eldoradocasino-kex.top,gambling
eldoradocasino-kfy.top,gambling
eldoradocasino-kgj.top,gambling
eldoradocasino-khr.top,gambling
eldoradocasino-kiy.top,gambling
eldoradocasino-kjk.top,gambling
eldoradocasino-klw.top,gambling
eldoradocasino-kqo.top,gambling
eldoradocasino-ktd.top,gambling
eldoradocasino-kul.top,gambling
eldoradocasino-kvb.top,gambling
eldoradocasino-kvv.top,gambling
eldoradocasino-kwa.top,gambling
eldoradocasino-laz.top,gambling
eldoradocasino-lcd.top,gambling
eldoradocasino-lcn.top,gambling
eldoradocasino-lcx.top,gambling
eldoradocasino-lda.top,gambling
eldoradocasino-ldi.top,gambling
eldoradocasino-lic.top,gambling
eldoradocasino-ljg.top,gambling
eldoradocasino-ljy.top,gambling
eldoradocasino-llj.top,gambling
eldoradocasino-lmv.top,gambling
eldoradocasino-lpe.top,gambling
eldoradocasino-lpu.top,gambling
eldoradocasino-lqm.top,gambling
eldoradocasino-lqq.top,gambling
eldoradocasino-lqz.top,gambling
eldoradocasino-lrd.top,gambling
eldoradocasino-lrs.top,gambling
eldoradocasino-lrz.top,gambling
eldoradocasino-lsr.top,gambling
eldoradocasino-ltc.top,gambling
eldoradocasino-luv.top,gambling
eldoradocasino-lws.top,gambling
eldoradocasino-lyf.top,gambling
eldoradocasino-lyk.top,gambling
eldoradocasino-lzu.top,gambling
eldoradocasino-mbp.top,gambling
eldoradocasino-mbt.top,gambling
eldoradocasino-mcu.top,gambling
eldoradocasino-mfj.top,gambling
eldoradocasino-mfo.top,gambling
eldoradocasino-mgy.top,gambling
eldoradocasino-mjp.top,gambling
eldoradocasino-mjr.top,gambling
eldoradocasino-mnn.top,gambling
eldoradocasino-mrd.top,gambling
eldoradocasino-mrw.top,gambling
eldoradocasino-mup.top,gambling
eldoradocasino-muu.top,gambling
eldoradocasino-mvd.top,gambling
eldoradocasino-mvi.top,gambling
eldoradocasino-mwp.top,gambling
eldoradocasino-myo.top,gambling
eldoradocasino-myx.top,gambling
eldoradocasino-ncl.top,gambling
eldoradocasino-ndj.top,gambling
eldoradocasino-nfh.top,gambling
eldoradocasino-nga.top,gambling
eldoradocasino-ngu.top,gambling
eldoradocasino-njy.top,gambling
eldoradocasino-nlj.top,gambling
eldoradocasino-non.top,gambling
eldoradocasino-npi.top,gambling
eldoradocasino-nqq.top,gambling
eldoradocasino-nrd.top,gambling
eldoradocasino-nrn.top,gambling
eldoradocasino-nsc.top,gambling
eldoradocasino-nub.top,gambling
eldoradocasino-nvr.top,gambling
eldoradocasino-nzl.top,gambling
eldoradocasino-oaq.top,gambling
eldoradocasino-oaw.top,gambling
eldoradocasino-obs.top,gambling
eldoradocasino-obt.top,gambling
eldoradocasino-oca.top,gambling
eldoradocasino-ohc.top,gambling
eldoradocasino-oiu.top,gambling
eldoradocasino-ojc.top,gambling
eldoradocasino-okb.top,gambling
eldoradocasino-okx.top,gambling
eldoradocasino-ols.top,gambling
eldoradocasino-omj.top,gambling
eldoradocasino-ooc.top,gambling
eldoradocasino-oox.top,gambling
eldoradocasino-oqn.top,gambling
eldoradocasino-osh.top,gambling
eldoradocasino-osz.top,gambling
eldoradocasino-ote.top,gambling
eldoradocasino-oth.top,gambling
eldoradocasino-oto.top,gambling
eldoradocasino-oua.top,gambling
eldoradocasino-ous.top,gambling
eldoradocasino-oyd.top,gambling
eldoradocasino-oyn.top,gambling
eldoradocasino-oze.top,gambling
eldoradocasino-pbg.top,gambling
eldoradocasino-pei.top,gambling
eldoradocasino-peq.top,gambling
eldoradocasino-pih.top,gambling
eldoradocasino-pim.top,gambling
eldoradocasino-pju.top,gambling
eldoradocasino-pkx.top,gambling
eldoradocasino-pla.top,gambling
eldoradocasino-plc.top,gambling
eldoradocasino-pnf.top,gambling
eldoradocasino-pov.top,gambling
eldoradocasino-psa.top,gambling
eldoradocasino-pta.top,gambling
eldoradocasino-ptg.top,gambling
eldoradocasino-qbj.top,gambling
eldoradocasino-qcl.top,gambling
eldoradocasino-qdf.top,gambling
eldoradocasino-qdx.top,gambling
eldoradocasino-qfr.top,gambling
eldoradocasino-qhl.top,gambling
eldoradocasino-qih.top,gambling
eldoradocasino-qjd.top,gambling
eldoradocasino-qmh.top,gambling
eldoradocasino-qph.top,gambling
eldoradocasino-qqv.top,gambling
eldoradocasino-qta.top,gambling
eldoradocasino-qus.top,gambling
eldoradocasino-qwu.top,gambling
eldoradocasino-qxo.top,gambling
eldoradocasino-qyn.top,gambling
eldoradocasino-rbs.top,gambling
eldoradocasino-rcn.top,gambling
eldoradocasino-rdo.top,gambling
eldoradocasino-rez.top,gambling
eldoradocasino-rij.top,gambling
eldoradocasino-rns.top,gambling
eldoradocasino-roo.top,gambling
eldoradocasino-rov.top,gambling
eldoradocasino-rpp.top,gambling
eldoradocasino-ruw.top,gambling
eldoradocasino-rvn.top,gambling
eldoradocasino-rwe.top,gambling
eldoradocasino-rxx.top,gambling
eldoradocasino-rzt.top,gambling
eldoradocasino-sbq.top,gambling
eldoradocasino-sdy.top,gambling
eldoradocasino-see.top,gambling
eldoradocasino-shz.top,gambling
eldoradocasino-sjd.top,gambling
eldoradocasino-sjk.top,gambling
eldoradocasino-slc.top,gambling
eldoradocasino-soa.top,gambling
eldoradocasino-son.top,gambling
eldoradocasino-sqe.top,gambling
eldoradocasino-sqk.top,gambling
eldoradocasino-sqx.top,gambling
eldoradocasino-sqy.top,gambling
eldoradocasino-srl.top,gambling
eldoradocasino-srv.top,gambling
eldoradocasino-stq.top,gambling
eldoradocasino-swg.top,gambling
eldoradocasino-sxm.top,gambling
eldoradocasino-tcb.top,gambling
eldoradocasino-tcu.top,gambling
eldoradocasino-tcy.top,gambling
eldoradocasino-ten.top,gambling
eldoradocasino-tfc.top,gambling
eldoradocasino-tfn.top,gambling
eldoradocasino-tfu.top,gambling
eldoradocasino-tg.xyz,gambling
eldoradocasino-til.top,gambling
eldoradocasino-tjr.top,gambling
eldoradocasino-tjt.top,gambling
eldoradocasino-tph.top,gambling
eldoradocasino-tpw.top,gambling
eldoradocasino-tsd.top,gambling
eldoradocasino-tsv.top,gambling
eldoradocasino-tsx.top,gambling
eldoradocasino-tts.top,gambling
eldoradocasino-tuj.top,gambling
eldoradocasino-tvj.top,gambling
eldoradocasino-txs.top,gambling
eldoradocasino-ucs.top,gambling
eldoradocasino-ufv.top,gambling
eldoradocasino-ugd.top,gambling
eldoradocasino-ugk.top,gambling
eldoradocasino-ugq.top,gambling
eldoradocasino-uie.top,gambling
eldoradocasino-uil.top,gambling
eldoradocasino-uks.top,gambling
eldoradocasino-ukv.top,gambling
eldoradocasino-uld.top,gambling
eldoradocasino-umd.top,gambling
eldoradocasino-uok.top,gambling
eldoradocasino-upx.top,gambling
eldoradocasino-uri.top,gambling
eldoradocasino-urs.top,gambling
eldoradocasino-usj.top,gambling
eldoradocasino-uvf.top,gambling
eldoradocasino-vbh.top,gambling
eldoradocasino-vbq.top,gambling
eldoradocasino-vcr.top,gambling
eldoradocasino-vee.top,gambling
eldoradocasino-vey.top,gambling
eldoradocasino-vll.top,gambling
eldoradocasino-vma.top,gambling
eldoradocasino-vpg.top,gambling
eldoradocasino-vpl.top,gambling
eldoradocasino-vrb.top,gambling
eldoradocasino-vrm.top,gambling
eldoradocasino-vrp.top,gambling
eldoradocasino-vtg.top,gambling
eldoradocasino-vvd.top,gambling
eldoradocasino-vvv.top,gambling
eldoradocasino-vwd.top,gambling
eldoradocasino-vwn.top,gambling
eldoradocasino-wcm.top,gambling
eldoradocasino-wdd.top,gambling
eldoradocasino-wdf.top,gambling
eldoradocasino-wfm.top,gambling
eldoradocasino-wfq.top,gambling
eldoradocasino-wgk.top,gambling
eldoradocasino-wgl.top,gambling
eldoradocasino-whk.top,gambling
eldoradocasino-wkj.top,gambling
eldoradocasino-wky.top,gambling
eldoradocasino-wlr.top,gambling
eldoradocasino-wpj.top,gambling
eldoradocasino-wqe.top,gambling
eldoradocasino-wtg.top,gambling
eldoradocasino-wtj.top,gambling
eldoradocasino-wxx.top,gambling
eldoradocasino-wyx.top,gambling
eldoradocasino-xas.top,gambling
eldoradocasino-xdq.top,gambling
eldoradocasino-xdr.top,gambling
eldoradocasino-xep.top,gambling
eldoradocasino-xfz.top,gambling
eldoradocasino-xih.top,gambling
eldoradocasino-xio.top,gambling
eldoradocasino-xjw.top,gambling
eldoradocasino-xkd.top,gambling
eldoradocasino-xkm.top,gambling
eldoradocasino-xmt.top,gambling
eldoradocasino-xnw.top,gambling
eldoradocasino-xpd.top,gambling
eldoradocasino-xru.top,gambling
eldoradocasino-xts.top,gambling
eldoradocasino-xua.top,gambling
eldoradocasino-xug.top,gambling
eldoradocasino-xwn.top,gambling
eldoradocasino-xys.top,gambling
eldoradocasino-xzd.top,gambling
eldoradocasino-yaq.top,gambling
eldoradocasino-yav.top,gambling
eldoradocasino-ybj.top,gambling
eldoradocasino-ybw.top,gambling
eldoradocasino-ych.top,gambling
eldoradocasino-yem.top,gambling
eldoradocasino-ygq.top,gambling
eldoradocasino-ygv.top,gambling
eldoradocasino-yhf.top,gambling
eldoradocasino-yku.top,gambling
eldoradocasino-ylp.top,gambling
eldoradocasino-ymu.top,gambling
eldoradocasino-yob.top,gambling
eldoradocasino-ypt.top,gambling
eldoradocasino-yqt.top,gambling
eldoradocasino-zcf.top,gambling
eldoradocasino-zdv.top,gambling
eldoradocasino-zev.top,gambling
eldoradocasino-zka.top,gambling
eldoradocasino-zki.top,gambling
eldoradocasino-zol.top,gambling
eldoradocasino-zqt.top,gambling
eldoradocasino-zrw.top,gambling
eldoradocasino-zsy.top,gambling
eldoradocasino-zua.top,gambling
eldoradocasino-zul.top,gambling
eldoradocasino-zxs.top,gambling
eldoradocasino-zyj.top,gambling
eldoradocasino-zzi.top,gambling
eldoradocasino.best,gambling
eldoradocasino.casino,gambling
eldoradocasino.co,gambling
eldoradocasino.company,gambling
eldoradocasino.live,gambling
eldoradocasino.pro,gambling
eldoradocasino.space,gambling
eldoradocasino.world,gambling
eldoradocasinobonus.ru,gambling
eldos-casino.com,gambling
electric-casino.com,gambling
eleveniaindonesia.com,gambling
elganador.com,gambling
elgrandatero.com.ve,gambling
elinmejorable.com,gambling
elitcasino.com.tr,gambling
elitcasino188.com,gambling
elitecasinoclub.com,gambling
elitecasinogetaway.com,gambling
eliteedgecasino.com,gambling
elitehotelcasino2024.com,gambling
eliteplaycasino.com,gambling
elitiko.com,gambling
ellis-island-online-casino.com,gambling
ellisislandcasino.com,gambling
elpaso411.com,gambling
elpotroroberto.com,gambling
elroyalecasino.com,gambling
elroyalecasino.top,gambling
elroyalecasinobonus.com,gambling
elroyalecasinobonuses.com,gambling
elsanjuancasino.com,gambling
elslots-casino.org,gambling
elslots-joy.com,gambling
eltcasino365.com,gambling
elyucasino.com,gambling
elyucasino1.com,gambling
emcdda.eu.int,drugs
emellegamble.com,gambling
emeraldcasinosite.com,gambling
emeraldcasinotwo88.com,gambling
emeraldqueencasino.xyz,gambling
emiratescasino.com,gambling
emojinocasino.net,gambling
emojinocasino.top,gambling
empire.koipasti.tv,gambling
empire88casino.com,gambling
empirecitycasino.com,gambling
empirepoker.com,gambling
emputogel.com,gambling
emucasino.com,gambling
emucasino.top,gambling
en-fresh-casino.com,gambling
enemycasino.com,gambling
energisecasino.info,gambling
energy-casino.app,gambling
energy-casino.org,gambling
energy-casino1.com,gambling
energycasino-pl.com,gambling
energycasino.click,gambling
energycasino.com,gambling
energycasino.space,gambling
energycasino.top,gambling
energycasino.world,gambling
energycasinobonus.pl,gambling
energycasinobonus.top,gambling
energypluselectric.com,gambling
enfer-des-codes.net,gambling
engleslotcasinoufabet.shop,gambling
englishonlinecasino.com,gambling
enguvenilircasinositeleri.net,gambling
eniyicasinositesi.net,gambling
eniyionlinecasino.com,gambling
enjoy123.net,gambling
enjoycasino.top,gambling
enlignecasinoavis.com,gambling
enlignecasinofr.com,gambling
entercash-casinos.top,gambling
entheogen.com,drugs
entheogenreview.com,drugs
entrarcasino.com,gambling
entropaycasino-uk.top,gambling
entropaycasino.ca,gambling
eo-sol-casino.com,gambling
eofegamblingservice.nhs.uk,gambling
epic-casino.com,gambling
epiccasino.top,gambling
epiccasinopremium.com,gambling
epicgambler.com,gambling
epicjackpotcasino.com,gambling
epicwin138co.vercel.app,gambling
era188n.com,gambling
era77ca.com,gambling
ercdc.org,gambling
erel-fresh-casino.com,gambling
ermelocasino.com,gambling
ernestcasino.com,gambling
eropa4dturbo.com,gambling
eropa99nolimit.com,gambling
eropa99ny.com,gambling
eropachoice.com,gambling
erowid.org,drugs
errdocs.excite.com,drugs
es-casinority.com,gambling
es-casinos.com,gambling
es.womeninagscience.org,gambling
escapetoharrahsac.com,gambling
esccasino.top,gambling
esco7.click,gambling
eslots.wiki,gambling
espacechristianepeugeot.org,gambling
espanolsocialcasino.com,gambling
espnbet.com,gambling
esportesdasorte.com,gambling
esportsbetting.com,gambling
essencecasino.info,gambling
estelarbet.vip,gambling
estorilsolcasinos.pt,gambling
estrelabet.com,gambling
estrella-casino.com,gambling
estrellaspokertour.com,gambling
ethcasino-play.ru,gambling
ethcasino.club,gambling
etherdice.io,gambling
ethereum-casino-us.top,gambling
ethereum-casino.top,gambling
etoto.pl,gambling
eu.casinomidas.com,gambling
eu9-casinoonline.com,gambling
eubetcasino-indonesia.com,gambling
eubetcasino-malaysia.com,gambling
eubetcasino-sg.com,gambling
eucasino.com,gambling
eucasinofreespins.com,gambling
eucasinoutanlicens.io,gambling
euindiathinktanks.com,gambling
eurasiacasinolasvegas.com,gambling
eurobarre.com,gambling
eurobet.it,gambling
eurobetslots.com,gambling
eurocasino-live.com,gambling
eurocasino.com,gambling
eurocasinodirectory.com,gambling
eurocasinogir.com,gambling
eurocasinojackpot.com,gambling
eurocasinoo.org,gambling
eurocasinosites.com,gambling
eurogambling.org,gambling
eurogrand.com,gambling
eurojeux.hbg.fr,gambling
eurokingcasino.net,gambling
europaacasino.com,gambling
europacasino-fr.com,gambling
europacasino-sloty.xyz,gambling
europacasino.com,gambling
europacasino.top,gambling
europalacecasino.top,gambling
european-poker.com,gambling
europeancasinoawards.com,gambling
europeancasinobonuses.com,gambling
europeancasinodirectory.com,gambling
europeancasinos.net,gambling
europeanpokertour.com,gambling
europlaycasino.com,gambling
europoker.com,gambling
eurosportbet.fr,gambling
eurovore.com,gambling
euroworldslots.com,gambling
euslots.net,gambling
euwincasino.top,gambling
eve-rave.de,drugs
everestpoker.com,gambling
everestpoker.fr,gambling
everestpoker.net,gambling
everum-casinos.com,gambling
everumcasino18.eu,gambling
everumcasino20.eu,gambling
everygame.eu,gambling
everyonedoesit.com,drugs
everypoker.com,gambling
everything420.com,drugs
evesica.com,gambling
evo-casino.vip,gambling
evobet.com,gambling
evocasinos.com,gambling
evolutioncasino.io,gambling
evolutioncasino.online,gambling
evolutioncasino.site,gambling
evolutionquebec.com,drugs
evolve-casino-fr.com,gambling
evolve-casino.online,gambling
evolve.casino,gambling
evolvecasino-france.com,gambling
evolvecasino.online,gambling
evolvecasino.top,gambling
evolvecasino4.com,gambling
evolvecasino5.com,gambling
ewallet-xpress-casinos.com,gambling
ewalletcasino.net,gambling
ewdts.org,drugs
ewinner.pl,gambling
eworldcasino.com,gambling
excaliburcasino.com,gambling
excelsiorcasino.com,gambling
excitingcasino.info,gambling
exclusivebonuscasino.com,gambling
exoangin.com,gambling
exoticslotscasino.com,gambling
expeditioncasino.xyz,gambling
expekt.com,gambling
experiencepulseofvegas.com,gambling
expertcasinoratings.com,gambling
expertscasinos.com,gambling
extra2spincasino-france.com,gambling
extrabet853.com,gambling
extraonlinecasino.com,gambling
extremecasino.us,gambling
exxenbet212.com,gambling
exycasinos.ca,gambling
exycasinos.co.nz,gambling
exycasinos.com,gambling
eyeconcasinos.shop,gambling
ez-casinot.com,gambling
ez-casinoth.com,gambling
ez-lotto.com,gambling
ezcasino.bet,gambling
ezcasino.click,gambling
ezcasino.games,gambling
ezcasino.in,gambling
ezcasino.top,gambling
ezcasinot.com,gambling
ezcasinovip.xyz,gambling
ezeewallet-casino-au.top,gambling
ezeewallet-casino.top,gambling
ezeewalletcasino.com,gambling
ezg88slots.com,gambling
ezmoneycasino.com,gambling
eznetcasino.com,gambling
eztest.com,drugs
f-fresh-casino.com,gambling
f1-casino.app,gambling
f1-casino.top,gambling
f12.bet,gambling
f1casino-game.pl,gambling
f1casino.games,gambling
f1casino.online,gambling
f8bet.casino,gambling
fa-chai-casino.me,gambling
faarcasino.com,gambling
fachai88-casino.me,gambling
facilitobet.com,gambling
factorycasino.xyz,gambling
fafabet-casino.com,gambling
faima.upb.ro,gambling
fair-casinos.cl,gambling
fair-go-casino.org,gambling
fair-go.casino,gambling
faircasino.ph,gambling
faircasinos.es,gambling
faircasinos.info,gambling
fairergambling.com,gambling
fairgo-casinos.net,gambling
fairgocasino-au.com,gambling
fairgocasino.click,gambling
fairgocasino.club,gambling
fairgocasino.com,gambling
fairgocasino.com.au,gambling
fairgocasino.games,gambling
fairgocasino.top,gambling
fairgocasinoau1.com,gambling
fairgocasinoesp.top,gambling
fairgocasinopokies.com,gambling
fairgocasinos.net,gambling
fairplaycasino.com,gambling
fairplaycasino.nl,gambling
fairpoker.com,gambling
fairspin-casino.net,gambling
fairspin-slots.com,gambling
fairspincasino-qc.ru,gambling
fairspincasino-qm.ru,gambling
fairspincasino-qv.ru,gambling
fairspincasino-qx.ru,gambling
fairspincasino-qz.ru,gambling
fairspincasino-zerkalo.ru,gambling
fairspincasino.top,gambling
fakturina.com,gambling
falconplay.asia,gambling
fallsviewcasino.xyz,gambling
fallsviewcasinoresort.com,gambling
famm.org,drugs
fanaticash.com,gambling
fancasinos.com,gambling
fancasinos.org,gambling
fancy-seeds.com,drugs
fanduel.com,gambling
fanscasino.info,gambling
fantasticbetcasinocl.top,gambling
fantastik-casino.top,gambling
fantastikcasino.click,gambling
fantastikcasino.top,gambling
fantasyclubsports.co.uk,gambling
fappingxxx.com,gambling
faq-jet-casino.com,gambling
faraon-casino.cam,gambling
faraon-casino.net,gambling
faraon-casinos.click,gambling
faraoncasinosonlines.com,gambling
farmaciacasinos.es,gambling
farmiemarket.com,gambling
fashionbet432.com,gambling
fashionbet433.com,gambling
fashioncasino.com,gambling
fast-casino.top,gambling
fast-casino.win,gambling
fast-casinos.win,gambling
fastcasino.info,gambling
fastcasinopoker.online,gambling
fastestufacasino.site,gambling
fastestwithdrawalcasino.co.uk,gambling
fastgurucasino3.com,gambling
fastloto-casino.com,gambling
fastpay-casino37.com,gambling
fastpaycasino.nz,gambling
fastpaycasino.online,gambling
fastpaycasino.top,gambling
fastpaycasinoau1.com,gambling
fastpaycasinos.net,gambling
fastpayoutcasino.io,gambling
fastpayoutcasinos.com,gambling
fastpayoutcasinosites.com,gambling
fasts-casino.top,gambling
fasts-casino.win,gambling
fastwithdrawcasino.online,gambling
fatboss-casino-france.com,gambling
fatboss-casino.top,gambling
fatbosscasino.fr,gambling
fatbosscasino.top,gambling
fatgambler.ca,gambling
fatpandacasino.com,gambling
fatpiratecasino.com,gambling
favbetcasino.top,gambling
favorite-casinos.com,gambling
favoritecasinos.com,gambling
favoritobet.com,gambling
fazobetai.com,gambling
fbjilicasino.com,gambling
fc178-casino.com,gambling
fc777-casino.net,gambling
fc777casino.com,gambling
fcasino.net,gambling
fdj.directinet.fr,gambling
fdj.fr,gambling
fdjeux.net,gambling
featherfallscasino.com,gambling
feb.barunatoto.net,gambling
febcasino.com,gambling
feelthecasino.shop,gambling
feeverte.net,drugs
feltpoker.com,gambling
femalegamblers.org,gambling
femaleseeds.nl,drugs
fenixcasino.top,gambling
fetchcasino.com,gambling
fevercasino.xyz,gambling
fezbet.com,gambling
ff777-casino.com,gambling
ff777casino.ph,gambling
fg777casino.ph,gambling
fgfoxcasinos.com,gambling
fi88-casino.click,gambling
fi88casinovip.com,gambling
fidoclubet.click,gambling
fiestacasino.com,gambling
fightclubcasino.com,gambling
fightclubcasino1.com,gambling
fightclubcasino2.com,gambling
fightclubcasino3.com,gambling
fightclubcasino5.com,gambling
fikonlineslots.com,gambling
filipinocasinos.com,gambling
filmcasino.at,gambling
filthyrichslots.com,gambling
fin88casino.wiki,gambling
finalteens.net,drugs
fincamassolers.com,gambling
findgambling.us,gambling
findonlinecasinoreviews.com,gambling
findscasino.info,gambling
findtopcasinogethotels.com,gambling
findtopcasinohotelschile.com,gambling
finestcasinosonline.com,gambling
finnishcasinobonuses.com,gambling
finnishonlinecasinos.com,gambling
fionlinecasino.com,gambling
firacasinos.es,gambling
fire-fresh-casino.club,gambling
fire-fresh-casino.com,gambling
fire-freshcasino1.top,gambling
fire-freshcasino2.top,gambling
firekeeperscasino.com,gambling
fireslotscasino.xyz,gambling
firmcasino.com,gambling
first-casino.in.ua,gambling
firstbet.fr,gambling
firstboardroom.com,gambling
firstcasino.top,gambling
firstcasino.vip,gambling
firstcasinowin.shop,gambling
firstdepositcasino.com,gambling
firstonlinecasino.org,gambling
firstwebcasino.com,gambling
fishingslots.co.uk,gambling
fishsticksgames.com,gambling
fitzgeraldinsaintpaul.org,gambling
fitzmulti.com,drugs
five88casino.org,gambling
fivecasinospins.com,gambling
fivestarcasinos.co,gambling
fivestarcasinos.ru,gambling
fivestarsalesandservice.com,gambling
fjilicasino.ph,gambling
fk777casino.ph,gambling
fladiingcasinopoker.shop,gambling
flaircasino.com,gambling
flalottery.com,gambling
flamingcasino.top,gambling
flamingo-casino.top,gambling
flamingocasino.nl,gambling
flamingocasino.top,gambling
flammcasino.club,gambling
flappycasino.co,gambling
flappycasino.com,gambling
flashcasino.top,gambling
flashcasinos.nl,gambling
flashvegas.com,gambling
fler-casino.info,gambling
fler-casino.me,gambling
fler-casino.net,gambling
fler-casino.pro,gambling
fler-casino.win,gambling
fler-casinos.me,gambling
fler-casinos.net,gambling
fler-casinos.pro,gambling
fler-casinos.win,gambling
flers-casino.club,gambling
flers-casino.me,gambling
flers-casino.pro,gambling
flessoycasino.xyz,gambling
flexepin-casino-us.top,gambling
flexepin-casino.top,gambling
flexepincasinos.ca,gambling
flip3.mainbirutoto.one,gambling
flixarcasino.com,gambling
flopcasino.com,gambling
flopturnriver.com,gambling
flush-casino-france.com,gambling
flyslots.xyz,gambling
fmcasinos.com,gambling
fmplaycasino.com,gambling
fogobet.com,gambling
foliatticasino.top,gambling
folkeautomaten.com,gambling
fonecasino.co.uk,gambling
fontan-casino.top,gambling
fontan-casino11.com,gambling
fontan-casino14.com,gambling
fontan-casino16.com,gambling
fontan-casino17.com,gambling
fontan-casino20.com,gambling
fontan-casino21.com,gambling
fontan-casino24.com,gambling
fontan-casino25.com,gambling
fontan-casino26.com,gambling
fontancasino-fei.buzz,gambling
fontancasino-gob.buzz,gambling
foodgambling.com,gambling
football-dimension.com,gambling
football-pari.fr,gambling
football365.fr,gambling
forbescasino.top,gambling
forebet.com,gambling
forest-fresh-casino.com,gambling
forever-casino.com,gambling
forevergrand.com,gambling
forfriendscasino.us,gambling
forsocialicasino.us,gambling
fortotalrewards.net,gambling
fortsaskinfo.pages.dev,gambling
fortun365top.com,gambling
fortuna-casino.click,gambling
fortuna-casino.sk,gambling
fortuna-casino.top,gambling
fortuna-casinos.buzz,gambling
fortuna-play-slots.top,gambling
fortunabetcasino.top,gambling
fortunacasino-sk.top,gambling
fortunacasino.click,gambling
fortunacasino.ro,gambling
fortune-clock-casino.com,gambling
fortunebaycasinoa.store,gambling
fortunecity.it,gambling
fortuneclubcasino.site,gambling
fortunelivecasino.com,gambling
fortunelounge.com,gambling
fortunerollcasino.com,gambling
forucasinok.info,gambling
forum.cf-poker.com,gambling
forumdujoueur.com,gambling
forumshopsatcaesars.com,gambling
fourwindscasino.com,gambling
fox-casino.live,gambling
fox-casino.online,gambling
foxcasino.site,gambling
foxcasinodeals.com,gambling
foxtee.com,gambling
foxwoods.com,gambling
fr-topcasinolist.com,gambling
fr.bananalotto.com,gambling
fr.gratorama.com,gambling
fr.scratchmania.com,gambling
fr.unibet.be,gambling
fr.winorama.com,gambling
fr1.bananalotto.com,gambling
francaisonlinecasinos.net,gambling
france-abonnements.fr,gambling
france-pari.fr,gambling
francecasino10top.com,gambling
francegalop-live.com,gambling
frank---casinos.ru,gambling
frank-casino-scr.club,gambling
frank-casino-scr.com,gambling
frank-casino.biz,gambling
frank-casino.click,gambling
frank-casino.life,gambling
frank-casino.ltd,gambling
frank-casino.name,gambling
frank-casino.space,gambling
frank-casino.win,gambling
frank-casino.world,gambling
frank-mobcasino.club,gambling
frankcasino-4luck.top,gambling
frankcasino-5luck.top,gambling
frankcasino-6luck.top,gambling
frankcasino-7luck.ru,gambling
frankcasino-8luck.ru,gambling
frankcasino-9luck.ru,gambling
frankcasinoonline.ro,gambling
frankcasinoplay.rocks,gambling
frcasinocritique.com,gambling
frcasinoonlineca.com,gambling
frcasinospot.com,gambling
frdcasino.com,gambling
fre-free-games.com,gambling
fredericcasino.com,gambling
free-bet.co.uk,gambling
free-bitcoin-lottery.com,gambling
free-blackjack.de,gambling
free-casino-game.org,gambling
free-casino-slots.org,gambling
free-casino.social,gambling
free-casinos.info,gambling
free-gambling-online.com,gambling
free-internet-casino.us,gambling
free-joycasino.cc,gambling
free-joycasino.com,gambling
free-nodepositcasino.com,gambling
free-online-casinos.net,gambling
free-picks.com,gambling
free-poker.jwtl.com,gambling
free-slots.eu,gambling
free-spin-casino.club,gambling
free.jeux-poker-casino.com,gambling
free100-casino.com,gambling
freeblackjack4u.com,gambling
freeblackjackmoney.com,gambling
freecannabis.ch,drugs
freecasino365.com,gambling
freecasino9.com,gambling
freecasinocash.4t.com,gambling
freecasinoentry.com,gambling
freecasinogambling.com,gambling
freecasinogame.site,gambling
freecasinomoney4u.com,gambling
freecasinonodeposit.info,gambling
freecasinosecrets.com,gambling
freecasinoslotsguide.com,gambling
freedomcasino.com,gambling
freefallcasinob.online,gambling
freegamblinghelpla.org,gambling
freelotterynetwork.com,gambling
freelotto.com,gambling
freeonline-casinos.net,gambling
freeonlinecasino.lol,gambling
freeonlinecasino42.com,gambling
freeonlineslotsusa.com,gambling
freesb.com,gambling
freeslot.com,gambling
freeslotgamblingcasino.site,gambling
freeslots7780.com,gambling
freeslotscentral.com,gambling
freeslotsnosignup.com,gambling
freeslotsofcasino.com,gambling
freespin-casino.se,gambling
freespincasino.top,gambling
freespins-casino.eu,gambling
freespins-casino.top,gambling
freespins-casinon.se,gambling
freespinscasinonodeposit.eu,gambling
freespinscasinonodeposit.org,gambling
freespinsexpert.nu,gambling
freespinsforslots.com,gambling
freespinsnodepositcasinobonuses.co.uk,gambling
freespinsnodepositcasinos.co.uk,gambling
freespinsnodepositcasinosuk.co.uk,gambling
freespinsnodepositnowagercasinos.co.uk,gambling
freevibe.com,drugs
frejacasino.se,gambling
fremontcasino.com,gambling
french.eurokingclub.com,gambling
frenchcasinosites.com,gambling
frenchslots.net,gambling
frenzycasino.click,gambling
fresch-casino.top,gambling
freschcasino.ru,gambling
freschcasino.top,gambling
freschcasino1.ru,gambling
freschcasino2.ru,gambling
freschcasino3.ru,gambling
freschcasinotop.ru,gambling
freschcasinotop1.ru,gambling
fresh-casino-1.ru,gambling
fresh-casino-1keg.top,gambling
fresh-casino-1kegovyj.lol,gambling
fresh-casino-2023.com,gambling
fresh-casino-2023.top,gambling
fresh-casino-56.com,gambling
fresh-casino-56.ru,gambling
fresh-casino-ac-v.club,gambling
fresh-casino-ac-voc.ru,gambling
fresh-casino-active-desk.ru,gambling
fresh-casino-active-desk.top,gambling
fresh-casino-active.top,gambling
fresh-casino-activedesk.top,gambling
fresh-casino-acv.ru,gambling
fresh-casino-acv.top,gambling
fresh-casino-agro.ru,gambling
fresh-casino-alfa.ru,gambling
fresh-casino-arctic.top,gambling
fresh-casino-ava.com,gambling
fresh-casino-avtocran.com,gambling
fresh-casino-avtocran1.ru,gambling
fresh-casino-best.com,gambling
fresh-casino-bez.ru,gambling
fresh-casino-bez.top,gambling
fresh-casino-bfc.ru,gambling
fresh-casino-bfc23.top,gambling
fresh-casino-bfc24.top,gambling
fresh-casino-bfc25.top,gambling
fresh-casino-bfc26.top,gambling
fresh-casino-bukva-a.top,gambling
fresh-casino-bukvaa.com,gambling
fresh-casino-bukvaa.top,gambling
fresh-casino-can.top,gambling
fresh-casino-challenge1.top,gambling
fresh-casino-challenge2.top,gambling
fresh-casino-challenge3.top,gambling
fresh-casino-chashka.com,gambling
fresh-casino-chashka.ru,gambling
fresh-casino-che.top,gambling
fresh-casino-chellesklim.com,gambling
fresh-casino-chells.top,gambling
fresh-casino-chem.top,gambling
fresh-casino-chemcamp.top,gambling
fresh-casino-crabf.top,gambling
fresh-casino-crabfe.top,gambling
fresh-casino-crabfest.com,gambling
fresh-casino-crabfest.top,gambling
fresh-casino-cw.top,gambling
fresh-casino-cw1.top,gambling
fresh-casino-cw2.top,gambling
fresh-casino-cw3.top,gambling
fresh-casino-cw4.top,gambling
fresh-casino-cw5.top,gambling
fresh-casino-cw6.top,gambling
fresh-casino-cz.com,gambling
fresh-casino-decision.ru,gambling
fresh-casino-decision.top,gambling
fresh-casino-decision1.ru,gambling
fresh-casino-decision2.ru,gambling
fresh-casino-dialog2019.com,gambling
fresh-casino-dialog2019.ru,gambling
fresh-casino-dialog2019.top,gambling
fresh-casino-div.com,gambling
fresh-casino-div.top,gambling
fresh-casino-ds2020-onl.ru,gambling
fresh-casino-ds2020.ru,gambling
fresh-casino-ds2020.top,gambling
fresh-casino-ds2020onl.ru,gambling
fresh-casino-ejnshtejn.ru,gambling
fresh-casino-ejnshtejn1.top,gambling
fresh-casino-erel.ru,gambling
fresh-casino-exp23c.ru,gambling
fresh-casino-exp23c.top,gambling
fresh-casino-fin.top,gambling
fresh-casino-fire-pass.ru,gambling
fresh-casino-fire-pass.top,gambling
fresh-casino-fire.top,gambling
fresh-casino-firep.top,gambling
fresh-casino-firepss.top,gambling
fresh-casino-futur.top,gambling
fresh-casino-futur2.top,gambling
fresh-casino-future.com,gambling
fresh-casino-future.top,gambling
fresh-casino-future1.com,gambling
fresh-casino-game.top,gambling
fresh-casino-games.com,gambling
fresh-casino-games.top,gambling
fresh-casino-gderod.top,gambling
fresh-casino-gderodils.top,gambling
fresh-casino-golosbaik.com,gambling
fresh-casino-gost.top,gambling
fresh-casino-gost1.top,gambling
fresh-casino-gost2.top,gambling
fresh-casino-got.com,gambling
fresh-casino-got.top,gambling
fresh-casino-gran.top,gambling
fresh-casino-grand.top,gambling
fresh-casino-grandev.top,gambling
fresh-casino-grandmast.ru,gambling
fresh-casino-igry.com,gambling
fresh-casino-in1.top,gambling
fresh-casino-in2.top,gambling
fresh-casino-intop.ru,gambling
fresh-casino-intop1.ru,gambling
fresh-casino-iqp.com,gambling
fresh-casino-kixm.top,gambling
fresh-casino-koscrb.com,gambling
fresh-casino-koscrb.ru,gambling
fresh-casino-koscrb.top,gambling
fresh-casino-koscrb1.ru,gambling
fresh-casino-koscrb2.top,gambling
fresh-casino-koscrb3.top,gambling
fresh-casino-koscrb4.top,gambling
fresh-casino-kvif.com,gambling
fresh-casino-kvif.ru,gambling
fresh-casino-lok.top,gambling
fresh-casino-lokal.com,gambling
fresh-casino-lokal.top,gambling
fresh-casino-m-mz.com,gambling
fresh-casino-m.top,gambling
fresh-casino-m1.top,gambling
fresh-casino-m2.top,gambling
fresh-casino-m3.top,gambling
fresh-casino-melodii.com,gambling
fresh-casino-melodii.top,gambling
fresh-casino-merk.top,gambling
fresh-casino-mgr.ru,gambling
fresh-casino-mgr.top,gambling
fresh-casino-mgr1.top,gambling
fresh-casino-mgr2.top,gambling
fresh-casino-mgr3.top,gambling
fresh-casino-mgri.top,gambling
fresh-casino-minmo.com,gambling
fresh-casino-minmo.top,gambling
fresh-casino-minmo3.top,gambling
fresh-casino-moh.ru,gambling
fresh-casino-moh.top,gambling
fresh-casino-myhist.com,gambling
fresh-casino-myhist.ru,gambling
fresh-casino-new.top,gambling
fresh-casino-newyd.top,gambling
fresh-casino-newydr.top,gambling
fresh-casino-newyear.top,gambling
fresh-casino-newyeardream.click,gambling
fresh-casino-newyeardream.com,gambling
fresh-casino-newyeardream.top,gambling
fresh-casino-nfsoi.top,gambling
fresh-casino-nft.com,gambling
fresh-casino-nft.top,gambling
fresh-casino-online.top,gambling
fresh-casino-op-ra.club,gambling
fresh-casino-otd.com,gambling
fresh-casino-play.top,gambling
fresh-casino-pochta.top,gambling
fresh-casino-pom.com,gambling
fresh-casino-pomo.club,gambling
fresh-casino-pomogaem.ru,gambling
fresh-casino-pomogaem.top,gambling
fresh-casino-pomogaem1.ru,gambling
fresh-casino-pomogaem1.top,gambling
fresh-casino-pomogaem2.top,gambling
fresh-casino-pomogaem3.top,gambling
fresh-casino-pomogaem4.top,gambling
fresh-casino-pomogaem5.top,gambling
fresh-casino-pomogaem6.top,gambling
fresh-casino-ps.com,gambling
fresh-casino-rcentr-64.ru,gambling
fresh-casino-rcentr64.click,gambling
fresh-casino-rcentr64.com,gambling
fresh-casino-rcentr64.ru,gambling
fresh-casino-rcentr64.top,gambling
fresh-casino-ro.ru,gambling
fresh-casino-ro.top,gambling
fresh-casino-ro1.ru,gambling
fresh-casino-ro1.top,gambling
fresh-casino-ro2.ru,gambling
fresh-casino-ro2.top,gambling
fresh-casino-ro3.ru,gambling
fresh-casino-ro3.top,gambling
fresh-casino-ro4.ru,gambling
fresh-casino-ro4.top,gambling
fresh-casino-ro5.ru,gambling
fresh-casino-ro5.top,gambling
fresh-casino-rodit55.top,gambling
fresh-casino-rods.top,gambling
fresh-casino-rodsobr.com,gambling
fresh-casino-rodsobr.top,gambling
fresh-casino-royal.ru,gambling
fresh-casino-rudolf.ru,gambling
fresh-casino-samo.top,gambling
fresh-casino-sev.top,gambling
fresh-casino-slots.com,gambling
fresh-casino-slots.ru,gambling
fresh-casino-slots.top,gambling
fresh-casino-spectexp.com,gambling
fresh-casino-spectexp.top,gambling
fresh-casino-st.top,gambling
fresh-casino-stbiz-mo.ru,gambling
fresh-casino-stbiz-mo.top,gambling
fresh-casino-stbizmo.com,gambling
fresh-casino-stbizmo.ru,gambling
fresh-casino-stbizmo.top,gambling
fresh-casino-subcontr.com,gambling
fresh-casino-tdm.ru,gambling
fresh-casino-tdm.top,gambling
fresh-casino-tdmvs.top,gambling
fresh-casino-tdmvse.top,gambling
fresh-casino-teatrcos.top,gambling
fresh-casino-there.com,gambling
fresh-casino-there.top,gambling
fresh-casino-there1.top,gambling
fresh-casino-time.ru,gambling
fresh-casino-time.top,gambling
fresh-casino-time1.ru,gambling
fresh-casino-time1.top,gambling
fresh-casino-time2.ru,gambling
fresh-casino-time2.top,gambling
fresh-casino-time3.ru,gambling
fresh-casino-time3.top,gambling
fresh-casino-time4.ru,gambling
fresh-casino-time4.top,gambling
fresh-casino-top.com,gambling
fresh-casino-top.in,gambling
fresh-casino-trendfair.top,gambling
fresh-casino-trendom.com,gambling
fresh-casino-ug.com,gambling
fresh-casino-ug.ru,gambling
fresh-casino-ug.top,gambling
fresh-casino-unispace.top,gambling
fresh-casino-usunesco.top,gambling
fresh-casino-velo.top,gambling
fresh-casino-visa.com,gambling
fresh-casino-vol.top,gambling
fresh-casino-volcult.ru,gambling
fresh-casino-white.club,gambling
fresh-casino-white.com,gambling
fresh-casino-white.top,gambling
fresh-casino-withlove.com,gambling
fresh-casino-withlove.ru,gambling
fresh-casino-withlove.top,gambling
fresh-casino-withlove1.ru,gambling
fresh-casino-withlove1.top,gambling
fresh-casino-withlove2.ru,gambling
fresh-casino-world.top,gambling
fresh-casino-yourgreece.top,gambling
fresh-casino-ytro.com,gambling
fresh-casino-ytro.ru,gambling
fresh-casino-zasvob.com,gambling
fresh-casino-zasvob.ru,gambling
fresh-casino-zasvob.top,gambling
fresh-casino-zavod.com,gambling
fresh-casino-zelenstol.top,gambling
fresh-casino-zelstol.com,gambling
fresh-casino-zelstol.top,gambling
fresh-casino-znamgub.com,gambling
fresh-casino-znamgub.top,gambling
fresh-casino.bet,gambling
fresh-casino.cam,gambling
fresh-casino.email,gambling
fresh-casino.ink,gambling
fresh-casino.lv,gambling
fresh-casino.men,gambling
fresh-casino.net.ua,gambling
fresh-casino.top,gambling
fresh-casino.uno,gambling
fresh-casino.vip,gambling
fresh-casino.world,gambling
fresh-casino1.pro,gambling
fresh-casino1.space,gambling
fresh-casino2.biz,gambling
fresh-casinos-hot13.ru,gambling
fresh-casinos-hot15.ru,gambling
fresh-casinos-hot3.ru,gambling
fresh-casinos-hot3.top,gambling
fresh-casinos-hot34.com,gambling
fresh-casinos-hot4.ru,gambling
fresh-casinos-top.ru,gambling
fresh.casino,gambling
fresh11casino.info,gambling
freshbet-casino.com,gambling
freshbetcasino.co.uk,gambling
freshcasino-1501.com,gambling
freshcasino-1503.com,gambling
freshcasino-15peak.top,gambling
freshcasino-16peak.top,gambling
freshcasino-17peak.top,gambling
freshcasino-18peak.ru,gambling
freshcasino-18peak.top,gambling
freshcasino-19peak.ru,gambling
freshcasino-19peak.top,gambling
freshcasino-1c02.top,gambling
freshcasino-1keg.top,gambling
freshcasino-2022.com,gambling
freshcasino-2023.top,gambling
freshcasino-20peak.top,gambling
freshcasino-21peak.ru,gambling
freshcasino-56.ru,gambling
freshcasino-56.top,gambling
freshcasino-ac-voc.ru,gambling
freshcasino-active.top,gambling
freshcasino-activedesk.com,gambling
freshcasino-activedesk.top,gambling
freshcasino-ad.ru,gambling
freshcasino-ad.top,gambling
freshcasino-ad1.top,gambling
freshcasino-ad3.top,gambling
freshcasino-ad4.top,gambling
freshcasino-ad5.top,gambling
freshcasino-ad6.top,gambling
freshcasino-adm.com,gambling
freshcasino-adm.top,gambling
freshcasino-agro.com,gambling
freshcasino-agro.top,gambling
freshcasino-alfa.com,gambling
freshcasino-alfa.top,gambling
freshcasino-app.top,gambling
freshcasino-arctic.top,gambling
freshcasino-aur.buzz,gambling
freshcasino-avan.com,gambling
freshcasino-b10.site,gambling
freshcasino-b7.site,gambling
freshcasino-b8.site,gambling
freshcasino-b9.site,gambling
freshcasino-batale.com,gambling
freshcasino-batale.top,gambling
freshcasino-bby.com,gambling
freshcasino-bby.ru,gambling
freshcasino-bby.top,gambling
freshcasino-bby2.ru,gambling
freshcasino-beg.ru,gambling
freshcasino-begu.com,gambling
freshcasino-begu1.club,gambling
freshcasino-begu2.top,gambling
freshcasino-bes.ru,gambling
freshcasino-best.com,gambling
freshcasino-best1.top,gambling
freshcasino-best2.top,gambling
freshcasino-bez.ru,gambling
freshcasino-bez.top,gambling
freshcasino-bfc.ru,gambling
freshcasino-bfc2023.club,gambling
freshcasino-biz.ru,gambling
freshcasino-biz.top,gambling
freshcasino-biz1.ru,gambling
freshcasino-biz1.top,gambling
freshcasino-blago.com,gambling
freshcasino-blago.top,gambling
freshcasino-blog.com,gambling
freshcasino-blog.top,gambling
freshcasino-bort.com,gambling
freshcasino-bukvaa.com,gambling
freshcasino-bukvaa.top,gambling
freshcasino-c02.top,gambling
freshcasino-centr.com,gambling
freshcasino-challenge.com,gambling
freshcasino-challenge.top,gambling
freshcasino-che.top,gambling
freshcasino-chelles.top,gambling
freshcasino-chells.top,gambling
freshcasino-chelny1.com,gambling
freshcasino-chelny1.ru,gambling
freshcasino-chelny5.ru,gambling
freshcasino-chem.top,gambling
freshcasino-chemcamp.com,gambling
freshcasino-choice.top,gambling
freshcasino-choice1.top,gambling
freshcasino-choice2.top,gambling
freshcasino-choice3.top,gambling
freshcasino-choice4.top,gambling
freshcasino-choice5.ru,gambling
freshcasino-choice5.top,gambling
freshcasino-choice6.ru,gambling
freshcasino-choice7.ru,gambling
freshcasino-choice8.ru,gambling
freshcasino-cl.ru,gambling
freshcasino-cl2.ru,gambling
freshcasino-cl3.ru,gambling
freshcasino-cl4.ru,gambling
freshcasino-cloud.top,gambling
freshcasino-cloud1.club,gambling
freshcasino-cloud2.top,gambling
freshcasino-club.com,gambling
freshcasino-crabf.top,gambling
freshcasino-crabfest.top,gambling
freshcasino-cz.top,gambling
freshcasino-cz1.top,gambling
freshcasino-cz2.top,gambling
freshcasino-cz3.top,gambling
freshcasino-decision.com,gambling
freshcasino-decision.top,gambling
freshcasino-digital.com,gambling
freshcasino-digital5.top,gambling
freshcasino-digital7.top,gambling
freshcasino-digital8.top,gambling
freshcasino-digital9.top,gambling
freshcasino-div.com,gambling
freshcasino-div.top,gambling
freshcasino-div1.top,gambling
freshcasino-divers.top,gambling
freshcasino-dk.top,gambling
freshcasino-dk1.ru,gambling
freshcasino-dk1.top,gambling
freshcasino-dk2.ru,gambling
freshcasino-dk2.top,gambling
freshcasino-dk3.top,gambling
freshcasino-don.ru,gambling
freshcasino-donsk.top,gambling
freshcasino-donsk2.top,gambling
freshcasino-donsk3.top,gambling
freshcasino-ds2020.ru,gambling
freshcasino-ds2020.top,gambling
freshcasino-dur.buzz,gambling
freshcasino-ejnshtejn.ru,gambling
freshcasino-ep.ru,gambling
freshcasino-era.com,gambling
freshcasino-era.top,gambling
freshcasino-erel.top,gambling
freshcasino-event.com,gambling
freshcasino-event.top,gambling
freshcasino-exists.com,gambling
freshcasino-exists.top,gambling
freshcasino-exists3.top,gambling
freshcasino-exists4.top,gambling
freshcasino-exp.ru,gambling
freshcasino-exp1.ru,gambling
freshcasino-exp2.ru,gambling
freshcasino-exp20.top,gambling
freshcasino-exp23.top,gambling
freshcasino-exp23c.top,gambling
freshcasino-exp23co.top,gambling
freshcasino-exp3.ru,gambling
freshcasino-exp4.ru,gambling
freshcasino-exp5.ru,gambling
freshcasino-expert14.top,gambling
freshcasino-expert16.top,gambling
freshcasino-expert17.top,gambling
freshcasino-expert18.top,gambling
freshcasino-expert19.top,gambling
freshcasino-festiv6.top,gambling
freshcasino-fi3.top,gambling
freshcasino-fin.com,gambling
freshcasino-fin.top,gambling
freshcasino-finoil.ru,gambling
freshcasino-finoil1.ru,gambling
freshcasino-finoil2.ru,gambling
freshcasino-finoil3.ru,gambling
freshcasino-finoil4.ru,gambling
freshcasino-fire.top,gambling
freshcasino-fire4.top,gambling
freshcasino-fire5.top,gambling
freshcasino-fire6.top,gambling
freshcasino-fire7.top,gambling
freshcasino-firepas.top,gambling
freshcasino-firepass.club,gambling
freshcasino-firepass.top,gambling
freshcasino-for.com,gambling
freshcasino-fortuna.com,gambling
freshcasino-fox.com,gambling
freshcasino-fs.com,gambling
freshcasino-fs1.top,gambling
freshcasino-fs2.top,gambling
freshcasino-fs3.ru,gambling
freshcasino-future.top,gambling
freshcasino-fxc.com,gambling
freshcasino-fxc.ru,gambling
freshcasino-fxc.top,gambling
freshcasino-fxc1.ru,gambling
freshcasino-fxc2.ru,gambling
freshcasino-fxc3.ru,gambling
freshcasino-fxc4.ru,gambling
freshcasino-fxc6.ru,gambling
freshcasino-game.com,gambling
freshcasino-games.club,gambling
freshcasino-games.com,gambling
freshcasino-games.top,gambling
freshcasino-gaming.net,gambling
freshcasino-gderod.top,gambling
freshcasino-gost.com,gambling
freshcasino-gost.fun,gambling
freshcasino-gost.lol,gambling
freshcasino-got.top,gambling
freshcasino-gr4.ru,gambling
freshcasino-gr5.ru,gambling
freshcasino-gran.top,gambling
freshcasino-grand.top,gambling
freshcasino-grandmast.ru,gambling
freshcasino-green.ru,gambling
freshcasino-green2.ru,gambling
freshcasino-green3.ru,gambling
freshcasino-grotech.top,gambling
freshcasino-grotech3.top,gambling
freshcasino-grotech4.top,gambling
freshcasino-grotech5.top,gambling
freshcasino-hak.com,gambling
freshcasino-hak.ru,gambling
freshcasino-hak1.ru,gambling
freshcasino-hak2.ru,gambling
freshcasino-hak3.ru,gambling
freshcasino-hak4.ru,gambling
freshcasino-hak5.ru,gambling
freshcasino-hd.ru,gambling
freshcasino-hd1.ru,gambling
freshcasino-hd2.ru,gambling
freshcasino-hd27.top,gambling
freshcasino-hd28.top,gambling
freshcasino-hd3.ru,gambling
freshcasino-hd30.top,gambling
freshcasino-hd31.top,gambling
freshcasino-hd32.top,gambling
freshcasino-hd33.top,gambling
freshcasino-hd4.ru,gambling
freshcasino-hot2.ru,gambling
freshcasino-hot3.ru,gambling
freshcasino-hot4.ru,gambling
freshcasino-hur.buzz,gambling
freshcasino-in.com,gambling
freshcasino-in.ru,gambling
freshcasino-inn.ru,gambling
freshcasino-inn1.ru,gambling
freshcasino-inn3.ru,gambling
freshcasino-inn3.top,gambling
freshcasino-inn4.top,gambling
freshcasino-inn5.top,gambling
freshcasino-inn6.top,gambling
freshcasino-iqs2.top,gambling
freshcasino-iqs3.top,gambling
freshcasino-irk.com,gambling
freshcasino-irk.ru,gambling
freshcasino-irk1.top,gambling
freshcasino-irk2.ru,gambling
freshcasino-jur.buzz,gambling
freshcasino-kashtan1.ru,gambling
freshcasino-kashtan2.top,gambling
freshcasino-kashtan3.top,gambling
freshcasino-kazan.com,gambling
freshcasino-kazan.top,gambling
freshcasino-kl1.ru,gambling
freshcasino-klgd.com,gambling
freshcasino-klgd.top,gambling
freshcasino-klgd1.top,gambling
freshcasino-klgd2.top,gambling
freshcasino-kur.buzz,gambling
freshcasino-kvif.ru,gambling
freshcasino-kvif1.top,gambling
freshcasino-kvif2.top,gambling
freshcasino-kvif3.top,gambling
freshcasino-latino.com,gambling
freshcasino-latino.ru,gambling
freshcasino-latino.top,gambling
freshcasino-latino1.ru,gambling
freshcasino-lider.top,gambling
freshcasino-lider1.top,gambling
freshcasino-lider2.top,gambling
freshcasino-lider3.top,gambling
freshcasino-live.ru,gambling
freshcasino-live.top,gambling
freshcasino-live1.ru,gambling
freshcasino-live1.top,gambling
freshcasino-live2.ru,gambling
freshcasino-live2.top,gambling
freshcasino-live3.ru,gambling
freshcasino-live3.top,gambling
freshcasino-live4.ru,gambling
freshcasino-lok.top,gambling
freshcasino-lokal.top,gambling
freshcasino-lur.buzz,gambling
freshcasino-mak.com,gambling
freshcasino-mak.top,gambling
freshcasino-mart.com,gambling
freshcasino-mart.top,gambling
freshcasino-merk.top,gambling
freshcasino-mfu.com,gambling
freshcasino-mfu.top,gambling
freshcasino-mfu1.top,gambling
freshcasino-mgri.com,gambling
freshcasino-mgri.top,gambling
freshcasino-mir.ru,gambling
freshcasino-mir.top,gambling
freshcasino-mir1.ru,gambling
freshcasino-mir2.ru,gambling
freshcasino-mir2.top,gambling
freshcasino-mir3.ru,gambling
freshcasino-mir3.top,gambling
freshcasino-mir4.top,gambling
freshcasino-mir5.top,gambling
freshcasino-mir6.top,gambling
freshcasino-mir7.top,gambling
freshcasino-mir8.top,gambling
freshcasino-mira.top,gambling
freshcasino-mixa.com,gambling
freshcasino-mobi.ru,gambling
freshcasino-mobi1.ru,gambling
freshcasino-mobi2.ru,gambling
freshcasino-moh.ru,gambling
freshcasino-moh.top,gambling
freshcasino-mol.com,gambling
freshcasino-mol2.top,gambling
freshcasino-mol3.top,gambling
freshcasino-mol4.top,gambling
freshcasino-mol5.top,gambling
freshcasino-mosblockcongr.club,gambling
freshcasino-mosfin.ru,gambling
freshcasino-mosfin1.ru,gambling
freshcasino-mosfin2.ru,gambling
freshcasino-mosfin3.ru,gambling
freshcasino-mosfin4.ru,gambling
freshcasino-mosfin5.ru,gambling
freshcasino-mosfin6.ru,gambling
freshcasino-mosfin7.ru,gambling
freshcasino-mosfin9.ru,gambling
freshcasino-mur.buzz,gambling
freshcasino-nbmc.com,gambling
freshcasino-nes2.ru,gambling
freshcasino-nes3.ru,gambling
freshcasino-nestoi.com,gambling
freshcasino-nestoi1.ru,gambling
freshcasino-nestoi10.top,gambling
freshcasino-nestoi11.top,gambling
freshcasino-nestoi5.club,gambling
freshcasino-nestoi6.top,gambling
freshcasino-nestoi7.top,gambling
freshcasino-nestoi8.top,gambling
freshcasino-nestoi9.top,gambling
freshcasino-new.top,gambling
freshcasino-newyd.top,gambling
freshcasino-nft.top,gambling
freshcasino-ngo.com,gambling
freshcasino-ngo.ru,gambling
freshcasino-ngo.top,gambling
freshcasino-ngo1.ru,gambling
freshcasino-ngo1.top,gambling
freshcasino-ngo2.ru,gambling
freshcasino-np.com,gambling
freshcasino-np.ru,gambling
freshcasino-np.top,gambling
freshcasino-np2.ru,gambling
freshcasino-nur.buzz,gambling
freshcasino-official1.ru,gambling
freshcasino-official10.ru,gambling
freshcasino-official12.ru,gambling
freshcasino-official13.ru,gambling
freshcasino-official14.ru,gambling
freshcasino-official15.ru,gambling
freshcasino-official4.ru,gambling
freshcasino-official6.ru,gambling
freshcasino-official9.ru,gambling
freshcasino-often.com,gambling
freshcasino-often10.ru,gambling
freshcasino-often11.ru,gambling
freshcasino-often12.ru,gambling
freshcasino-often13.ru,gambling
freshcasino-on-net10.ru,gambling
freshcasino-on-net11.ru,gambling
freshcasino-on-net3.fun,gambling
freshcasino-on-net4.fun,gambling
freshcasino-on-net5.fun,gambling
freshcasino-on-net6.fun,gambling
freshcasino-on-net6.ru,gambling
freshcasino-on-net7.ru,gambling
freshcasino-on-net8.ru,gambling
freshcasino-on-net9.ru,gambling
freshcasino-on.com,gambling
freshcasino-one.click,gambling
freshcasino-online.top,gambling
freshcasino-openh.com,gambling
freshcasino-openh.top,gambling
freshcasino-openh6.ru,gambling
freshcasino-opr1.ru,gambling
freshcasino-opr2.ru,gambling
freshcasino-opr3.ru,gambling
freshcasino-opr4.ru,gambling
freshcasino-opr5.ru,gambling
freshcasino-opr6.ru,gambling
freshcasino-opr7.ru,gambling
freshcasino-opra2.top,gambling
freshcasino-opra3.top,gambling
freshcasino-opra4.top,gambling
freshcasino-opra5.top,gambling
freshcasino-opra6.top,gambling
freshcasino-opra7.top,gambling
freshcasino-opra8.top,gambling
freshcasino-opra9.top,gambling
freshcasino-orel2.top,gambling
freshcasino-orel3.top,gambling
freshcasino-orel4.top,gambling
freshcasino-orel5.top,gambling
freshcasino-panel.info,gambling
freshcasino-patrina.com,gambling
freshcasino-patrina.top,gambling
freshcasino-patrul.com,gambling
freshcasino-patrul.top,gambling
freshcasino-penz.com,gambling
freshcasino-penz.top,gambling
freshcasino-penz1.top,gambling
freshcasino-perm.com,gambling
freshcasino-perm.top,gambling
freshcasino-play.com,gambling
freshcasino-play.top,gambling
freshcasino-pochta.top,gambling
freshcasino-prav.com,gambling
freshcasino-privacy.com,gambling
freshcasino-privacy.top,gambling
freshcasino-qur.buzz,gambling
freshcasino-ralli.club,gambling
freshcasino-ralli1.club,gambling
freshcasino-ralli2.club,gambling
freshcasino-ralli3.club,gambling
freshcasino-ralli4.club,gambling
freshcasino-ralli5.club,gambling
freshcasino-rapfest.com,gambling
freshcasino-rapfest.top,gambling
freshcasino-rapfest.win,gambling
freshcasino-rba.top,gambling
freshcasino-rcentr-64.ru,gambling
freshcasino-real.com,gambling
freshcasino-real.top,gambling
freshcasino-real1.top,gambling
freshcasino-real2.top,gambling
freshcasino-regag.com,gambling
freshcasino-regag2.com,gambling
freshcasino-regag3.com,gambling
freshcasino-regag5.ru,gambling
freshcasino-regag6.ru,gambling
freshcasino-rezak.com,gambling
freshcasino-rezak.ru,gambling
freshcasino-rezak.top,gambling
freshcasino-rezak1.top,gambling
freshcasino-ro.top,gambling
freshcasino-rodina2.com,gambling
freshcasino-rodina2.ru,gambling
freshcasino-rodina3.ru,gambling
freshcasino-roditelyam55.click,gambling
freshcasino-roditelyam55.club,gambling
freshcasino-roditelyam55.top,gambling
freshcasino-rods.top,gambling
freshcasino-rodsobr.com,gambling
freshcasino-roomsu.ru,gambling
freshcasino-roomsu1.ru,gambling
freshcasino-roomsu2.ru,gambling
freshcasino-roomsu3.ru,gambling
freshcasino-roomsu4.ru,gambling
freshcasino-roomsu5.ru,gambling
freshcasino-royal.top,gambling
freshcasino-ru.com,gambling
freshcasino-ru.top,gambling
freshcasino-ru1.top,gambling
freshcasino-ru2.top,gambling
freshcasino-ru3.top,gambling
freshcasino-ru4.top,gambling
freshcasino-rudolf.ru,gambling
freshcasino-rudolf.top,gambling
freshcasino-rur.buzz,gambling
freshcasino-rus.top,gambling
freshcasino-samo.com,gambling
freshcasino-samo.fun,gambling
freshcasino-samo.lol,gambling
freshcasino-samo.top,gambling
freshcasino-setki.com,gambling
freshcasino-setki.fun,gambling
freshcasino-setki.ru,gambling
freshcasino-setki.top,gambling
freshcasino-setki.win,gambling
freshcasino-setki1.top,gambling
freshcasino-sev.top,gambling
freshcasino-sezd.com,gambling
freshcasino-sezd.top,gambling
freshcasino-shest.ru,gambling
freshcasino-shest1.ru,gambling
freshcasino-sk2.ru,gambling
freshcasino-skryt.top,gambling
freshcasino-skryt1.top,gambling
freshcasino-slan13.top,gambling
freshcasino-slan14.top,gambling
freshcasino-slan15.top,gambling
freshcasino-slan16.top,gambling
freshcasino-slan17.top,gambling
freshcasino-slots.click,gambling
freshcasino-slots.club,gambling
freshcasino-slots.com,gambling
freshcasino-slots.top,gambling
freshcasino-snov.ru,gambling
freshcasino-snov.top,gambling
freshcasino-snov1.top,gambling
freshcasino-snov2.top,gambling
freshcasino-sochi.com,gambling
freshcasino-sochi.ru,gambling
freshcasino-softco.top,gambling
freshcasino-sos1.ru,gambling
freshcasino-sos2.ru,gambling
freshcasino-sos3.ru,gambling
freshcasino-sos4.ru,gambling
freshcasino-sosedi.com,gambling
freshcasino-sosedi1.club,gambling
freshcasino-sosedi2.top,gambling
freshcasino-sosedi3.top,gambling
freshcasino-sosedi4.top,gambling
freshcasino-sosedi5.top,gambling
freshcasino-sosedi6.top,gambling
freshcasino-sosedi7.top,gambling
freshcasino-sosedi8.top,gambling
freshcasino-sovet.com,gambling
freshcasino-sovet.ru,gambling
freshcasino-sovet1.ru,gambling
freshcasino-sovet2.ru,gambling
freshcasino-stbiz-mo.ru,gambling
freshcasino-stbiz-mo.top,gambling
freshcasino-stbizmo.ru,gambling
freshcasino-stbizmo.top,gambling
freshcasino-stiralka.top,gambling
freshcasino-stiralka1t.com,gambling
freshcasino-stiralka3.top,gambling
freshcasino-stranotkr.com,gambling
freshcasino-subcontr.com,gambling
freshcasino-tdm.top,gambling
freshcasino-tdmvsem.com,gambling
freshcasino-tdmvsem.top,gambling
freshcasino-there.top,gambling
freshcasino-there1.top,gambling
freshcasino-time.com,gambling
freshcasino-time.top,gambling
freshcasino-tod.ru,gambling
freshcasino-tod10.club,gambling
freshcasino-tod11.top,gambling
freshcasino-tod12.top,gambling
freshcasino-tod13.top,gambling
freshcasino-tod14.top,gambling
freshcasino-tod2.ru,gambling
freshcasino-tod3.ru,gambling
freshcasino-tod4.ru,gambling
freshcasino-tod5.ru,gambling
freshcasino-tod6.ru,gambling
freshcasino-tod7.ru,gambling
freshcasino-tour10.top,gambling
freshcasino-tour11.top,gambling
freshcasino-tour12.top,gambling
freshcasino-tour13.top,gambling
freshcasino-tour14.top,gambling
freshcasino-tour15.top,gambling
freshcasino-tour16.top,gambling
freshcasino-tour17.top,gambling
freshcasino-tour18.ru,gambling
freshcasino-tour18.top,gambling
freshcasino-tour19.top,gambling
freshcasino-trendfair.click,gambling
freshcasino-trendfair.com,gambling
freshcasino-trendfair.top,gambling
freshcasino-ulib.com,gambling
freshcasino-ulib.ru,gambling
freshcasino-ulib2.ru,gambling
freshcasino-unispace.com,gambling
freshcasino-unispace.top,gambling
freshcasino-urasia.top,gambling
freshcasino-vashag.top,gambling
freshcasino-velo.com,gambling
freshcasino-velo.top,gambling
freshcasino-vit.com,gambling
freshcasino-vni.ru,gambling
freshcasino-vni.top,gambling
freshcasino-vni1.top,gambling
freshcasino-vni2.ru,gambling
freshcasino-vni2.top,gambling
freshcasino-vni3.top,gambling
freshcasino-vodite.top,gambling
freshcasino-vodite2.top,gambling
freshcasino-vodite3.top,gambling
freshcasino-vodite4.top,gambling
freshcasino-vodite8.ru,gambling
freshcasino-vodite9.ru,gambling
freshcasino-vol.ru,gambling
freshcasino-volcult.ru,gambling
freshcasino-vzl.ru,gambling
freshcasino-vzl2.ru,gambling
freshcasino-vzl3.ru,gambling
freshcasino-vzl4.ru,gambling
freshcasino-vzl5.ru,gambling
freshcasino-vzl6.ru,gambling
freshcasino-vzlot.club,gambling
freshcasino-vzlot.com,gambling
freshcasino-vzlot1.top,gambling
freshcasino-vzlot2.top,gambling
freshcasino-vzlot3.top,gambling
freshcasino-vzlot4.top,gambling
freshcasino-vzlot5.top,gambling
freshcasino-watch.ru,gambling
freshcasino-watch1.ru,gambling
freshcasino-watch2.ru,gambling
freshcasino-way1.top,gambling
freshcasino-way2.top,gambling
freshcasino-way3.top,gambling
freshcasino-way4.top,gambling
freshcasino-way5.top,gambling
freshcasino-way6.top,gambling
freshcasino-way7.top,gambling
freshcasino-wefuture.ru,gambling
freshcasino-wefuture.top,gambling
freshcasino-wefuture1.ru,gambling
freshcasino-wefuture1.top,gambling
freshcasino-wefuture2.ru,gambling
freshcasino-wefuture3.ru,gambling
freshcasino-west.com.ua,gambling
freshcasino-wg.com,gambling
freshcasino-wg1.ru,gambling
freshcasino-wg1.top,gambling
freshcasino-wg10.ru,gambling
freshcasino-wg2.ru,gambling
freshcasino-wg2.top,gambling
freshcasino-wg3.ru,gambling
freshcasino-wg3.top,gambling
freshcasino-wg4.ru,gambling
freshcasino-wg4.top,gambling
freshcasino-wg5.ru,gambling
freshcasino-wg5.top,gambling
freshcasino-wg6.ru,gambling
freshcasino-wg6.top,gambling
freshcasino-wg7.ru,gambling
freshcasino-wg7.top,gambling
freshcasino-wg8.ru,gambling
freshcasino-wg9.ru,gambling
freshcasino-white.top,gambling
freshcasino-wi4.top,gambling
freshcasino-wi5.top,gambling
freshcasino-wi6.top,gambling
freshcasino-wie.com,gambling
freshcasino-wie.top,gambling
freshcasino-win5.win,gambling
freshcasino-win6.win,gambling
freshcasino-wins.ru,gambling
freshcasino-withlove.com,gambling
freshcasino-world.top,gambling
freshcasino-wur.buzz,gambling
freshcasino-xur.buzz,gambling
freshcasino-yur.buzz,gambling
freshcasino-za1.ru,gambling
freshcasino-za2.ru,gambling
freshcasino-za3.ru,gambling
freshcasino-zasvob.ru,gambling
freshcasino-zavod1.top,gambling
freshcasino-zelstol.top,gambling
freshcasino-znamgub.top,gambling
freshcasino.cam,gambling
freshcasino.com.kz,gambling
freshcasino.com.ua,gambling
freshcasino.guru,gambling
freshcasino.life,gambling
freshcasino.live,gambling
freshcasino.lol,gambling
freshcasino.name,gambling
freshcasino.net.ua,gambling
freshcasino.one,gambling
freshcasino.org.ua,gambling
freshcasino.report,gambling
freshcasino.ru,gambling
freshcasino.team,gambling
freshcasino.uno,gambling
freshcasino.win,gambling
freshcasino1232.com,gambling
freshcasino1233.com,gambling
freshcasino1239.com,gambling
freshcasino1240.com,gambling
freshcasino1241.com,gambling
freshcasino1242.com,gambling
freshcasino1330.com,gambling
freshcasino1331.com,gambling
freshcasino1334.com,gambling
freshcasino1337.com,gambling
freshcasino1338.com,gambling
freshcasino1342.com,gambling
freshcasino1345.com,gambling
freshcasino1357.com,gambling
freshcasino1391.com,gambling
freshcasino2033.com,gambling
freshcasino2034.com,gambling
freshcasino2042.com,gambling
freshcasino2134.com,gambling
freshcasino2135.com,gambling
freshcasino2137.com,gambling
freshcasino2142.com,gambling
freshcasino2144.com,gambling
freshcasino2145.com,gambling
freshcasino2150.com,gambling
freshcasino2266.com,gambling
freshcasino2336.com,gambling
freshcasino2337.com,gambling
freshcasino2338.com,gambling
freshcasino2344.com,gambling
freshcasino2345.com,gambling
freshcasino2363.com,gambling
freshcasino2446.com,gambling
freshcasino2450.com,gambling
freshcasino2451.com,gambling
freshcasino2470.com,gambling
freshcasino2517.com,gambling
freshcasino2519.com,gambling
freshcasino2520.com,gambling
freshcasino2543.com,gambling
freshcasino2614.com,gambling
freshcasino2617.com,gambling
freshcasino2621.com,gambling
freshcasino2622.com,gambling
freshcasino2638.com,gambling
freshcasino2719.com,gambling
freshcasino2725.com,gambling
freshcasino2730.com,gambling
freshcasino2753.com,gambling
freshcasino2754.com,gambling
freshcasino2818.com,gambling
freshcasino2823.com,gambling
freshcasino2824.com,gambling
freshcasino2828.com,gambling
freshcasino2921.com,gambling
freshcasino2922.com,gambling
freshcasino2923.com,gambling
freshcasino2925.com,gambling
freshcasino356.com,gambling
freshcasino358.com,gambling
freshcasino360.com,gambling
freshcasino362.com,gambling
freshcasino388.com,gambling
freshcasino457.com,gambling
freshcasino459.com,gambling
freshcasino462.com,gambling
freshcasino467.com,gambling
freshcasino497.com,gambling
freshcasino498.com,gambling
freshcasino499.com,gambling
freshcasino558.com,gambling
freshcasino559.com,gambling
freshcasino56.top,gambling
freshcasino561.com,gambling
freshcasino563.com,gambling
freshcasino594.com,gambling
freshcasino595.com,gambling
freshcasino61b11.top,gambling
freshcasino61b12.top,gambling
freshcasino61b13.top,gambling
freshcasino61b14.top,gambling
freshcasino61b15.top,gambling
freshcasino61bet.ru,gambling
freshcasino61bet1.ru,gambling
freshcasino66.com,gambling
freshcasino668.com,gambling
freshcasino669.com,gambling
freshcasino67.com,gambling
freshcasino68.com,gambling
freshcasinoalfa.top,gambling
freshcasinoalfa1.top,gambling
freshcasinoalfa2.top,gambling
freshcasinobonus.ca,gambling
freshcasinobonus.com,gambling
freshcasinocan14.ru,gambling
freshcasinocan15.ru,gambling
freshcasinocan16.ru,gambling
freshcasinocan17.ru,gambling
freshcasinocan3.top,gambling
freshcasinocan4.top,gambling
freshcasinocan5.top,gambling
freshcasinocan6.top,gambling
freshcasinocan7.ru,gambling
freshcasinocan7.top,gambling
freshcasinocan8.ru,gambling
freshcasinocan8.top,gambling
freshcasinocas10.top,gambling
freshcasinocas11.top,gambling
freshcasinocas21.ru,gambling
freshcasinocas22.ru,gambling
freshcasinocas23.ru,gambling
freshcasinocas24.ru,gambling
freshcasinocas8.top,gambling
freshcasinocovid.com,gambling
freshcasinocovid2.com,gambling
freshcasinocovid4.com,gambling
freshcasinodsl15.top,gambling
freshcasinodsl16.top,gambling
freshcasinodsl17.top,gambling
freshcasinodsl18.top,gambling
freshcasinodsl19.top,gambling
freshcasinodsl20.top,gambling
freshcasinodsl30.ru,gambling
freshcasinodsl30.top,gambling
freshcasinodsl31.ru,gambling
freshcasinodsl32.ru,gambling
freshcasinodsl33.ru,gambling
freshcasinodsl34.ru,gambling
freshcasinodsl35.ru,gambling
freshcasinodsl40.top,gambling
freshcasinoedu.com,gambling
freshcasinoedu.top,gambling
freshcasinoedu1.top,gambling
freshcasinoedu2.top,gambling
freshcasinoevak10.top,gambling
freshcasinoevak11.top,gambling
freshcasinoevak12.top,gambling
freshcasinoevak13.top,gambling
freshcasinoevak14.ru,gambling
freshcasinoevak14.top,gambling
freshcasinoevak15.ru,gambling
freshcasinoevak15.top,gambling
freshcasinoevak16.ru,gambling
freshcasinoevak17.ru,gambling
freshcasinogame.top,gambling
freshcasinogame1.top,gambling
freshcasinogame2.top,gambling
freshcasinoglass10.top,gambling
freshcasinoglass11.top,gambling
freshcasinoglass13.top,gambling
freshcasinoglass14.top,gambling
freshcasinoglass8.top,gambling
freshcasinogroup11.top,gambling
freshcasinogroup12.top,gambling
freshcasinogroup13.top,gambling
freshcasinogroup14.top,gambling
freshcasinogroup15.top,gambling
freshcasinogroup16.top,gambling
freshcasinogroup19.top,gambling
freshcasinogroup20.top,gambling
freshcasinogroup22.ru,gambling
freshcasinogroup23.ru,gambling
freshcasinogroup24.ru,gambling
freshcasinogroup25.ru,gambling
freshcasinogroup26.ru,gambling
freshcasinogroup27.ru,gambling
freshcasinokov10.ru,gambling
freshcasinokov11.ru,gambling
freshcasinokov3.top,gambling
freshcasinokov4.top,gambling
freshcasinokov5.top,gambling
freshcasinokov6.top,gambling
freshcasinokov7.top,gambling
freshcasinokov8.ru,gambling
freshcasinokov8.top,gambling
freshcasinokov9.ru,gambling
freshcasinoofficial.top,gambling
freshcasinoofficial.win,gambling
freshcasinoofficial1.top,gambling
freshcasinoonline.net,gambling
freshcasinoonline.top,gambling
freshcasinoonline1.top,gambling
freshcasinoonline2.top,gambling
freshcasinoonline3.top,gambling
freshcasinos-online.com,gambling
freshcasinos.one,gambling
freshcasinos.org,gambling
freshcasinosite1.win,gambling
freshcasinosite2.top,gambling
freshcasinosite2.win,gambling
freshcasinosite3.top,gambling
freshcasinoslot.com,gambling
freshcasinoslotstop.ru,gambling
freshcasinoslotstop1.ru,gambling
freshcasinoslotstop2.ru,gambling
freshcasinoslotstop3.ru,gambling
freshcasinoslotstop4.ru,gambling
freshcasinosmake10.top,gambling
freshcasinosmake11.top,gambling
freshcasinosmake12.top,gambling
freshcasinosmake13.top,gambling
freshcasinosmake15.ru,gambling
freshcasinosmake16.ru,gambling
freshcasinotopslots.ru,gambling
freshcasinotopslots1.ru,gambling
freshcasinotopslots2.ru,gambling
freshcasinoua.top,gambling
freshcasinovmo13.top,gambling
freshcasinovmo14.top,gambling
freshcasinovmo15.top,gambling
freshcasinovmo16.top,gambling
freshcasinovmo17.top,gambling
freshcasinovmo18.ru,gambling
freshcasinovmo18.top,gambling
freshcasinovmo19.ru,gambling
freshcasinovmo20.ru,gambling
freshcasinovmo21.ru,gambling
freshcasinovmo22.ru,gambling
freshcasinovmo23.ru,gambling
freshcasinowe11.top,gambling
freshcasinowe12.top,gambling
freshcasinowe13.top,gambling
freshcasinowe14.top,gambling
freshcasinowe15.top,gambling
freshcasinowe16.top,gambling
freshcasinowe17.top,gambling
freshcasinowe18.top,gambling
freshcasinowe19.top,gambling
freshcasinowe20.top,gambling
freshcasinowe21.ru,gambling
freshcasinowe22.ru,gambling
freshcasinowe23.ru,gambling
freshcasinowe24.ru,gambling
freshcasinowe25.ru,gambling
freshcasinowe26.ru,gambling
freshcasinowin.ru,gambling
freshcasinowin.top,gambling
freshcasinowin1.top,gambling
freshcasinowin2.top,gambling
freshcasinowins.space,gambling
freshcasinowinslots.ru,gambling
freshcasinowinslots1.ru,gambling
freshcasinowinslots2.ru,gambling
freshcasinoz.org,gambling
freshcasinoz.top,gambling
freshcasinoz1.top,gambling
freshcasinoz2.top,gambling
freshcasinoz3.top,gambling
freshcasinoz4.top,gambling
freshcasinoz5.top,gambling
freshcasinoz6.top,gambling
freshcasinoztop.ru,gambling
freshcasinoztop1.ru,gambling
freshcasinoztop2.ru,gambling
freshcasinoztop3.ru,gambling
freshhotcasinos.ru,gambling
freshkazino-slots.com,gambling
friday-casino.top,gambling
fridaycasino.top,gambling
friendbet.fr,gambling
friendcasino.online,gambling
friendlycasinos.io,gambling
friends--casino.site,gambling
friends-casino-game.com,gambling
friends-casino.bingo,gambling
friends-casino.cam,gambling
friends-casino.camp,gambling
friends-casino.com,gambling
friends-casino.company,gambling
friends-casino.qpon,gambling
friends-casino.sale,gambling
friends-casino.site,gambling
friends-casino.social,gambling
friends-casino.tips,gambling
friends-casino2.club,gambling
friendscasino-official.click,gambling
friendscasino-onlinee.click,gambling
friendscasino-slots.click,gambling
friendscasino-win.ru,gambling
friendscasino-wins.ru,gambling
friendscasino.name,gambling
friendscasino.report,gambling
friendscasino.review,gambling
friendscasinobtc.ru,gambling
friendscasinos-online.click,gambling
friendscasinos.party,gambling
friendscasinowin-online.ru,gambling
friendscasinowin.ru,gambling
friendscasinowins.ru,gambling
fromgamblers.com,gambling
fronlinecasino.com,gambling
frostcasino.xyz,gambling
fruitcocktailslots.app,gambling
fruitycasinos.com,gambling
frumzi-casino.de,gambling
fs-casino.com,gambling
fsl11.com,gambling
ftrandallcasino.com,gambling
fuksiarz.pl,gambling
fullbullcasinoslot.shop,gambling
fullcasino.site,gambling
fullhousecasino.net,gambling
fullretocasino.top,gambling
fullslotcasino.shop,gambling
fulltiltpoker.com,gambling
fulltiltpoker.fr,gambling
fun888-casino.com,gambling
fun888.casino,gambling
fun88casino.click,gambling
fun88casino.net,gambling
fun88casinoapp.online,gambling
funcasino.top,gambling
funcasinoaffiliates.com,gambling
funcasinoroyale.co.uk,gambling
funcasinos.net,gambling
funcasinoshire.co.uk,gambling
funhousecasino.online,gambling
funktionalley.com,gambling
funmagicjackpot.com,gambling
funonlinecasino.co.uk,gambling
funplacewin.com,gambling
funspotcasinoc.store,gambling
furby.com,gambling
fusototo.com,gambling
future-izi-casino.top,gambling
fvblackjackcharters.com,gambling
fyshbg.co,gambling
fyshbg.com,gambling
g-betarcasino.top,gambling
g-betcasino.top,gambling
g6casino.asia,gambling
g6casinoaus.com,gambling
gacor305.com,gambling
gacorzsate.com,gambling
gaelicgamblinghub.com,gambling
gagner-blackjack.com,gambling
gagnerauxcasinos.com,gambling
gagnerpartager.fr,gambling
gagnez-argent.org,gambling
gainblers.com,gambling
gala-casino-uk.com,gambling
galabackgammon.org,gambling
galabet781.com,gambling
galabet782.com,gambling
galabet783.com,gambling
galabet784.com,gambling
galabet785.com,gambling
galabet786.com,gambling
galabet787.com,gambling
galabet788.com,gambling
galabet789.com,gambling
galabet790.com,gambling
galabet791.com,gambling
galabet793.com,gambling
galabet795.com,gambling
galabet796.com,gambling
galacasino.co.uk,gambling
galacasino.com,gambling
galaksino.com,gambling
galaksinocasino.top,gambling
galaslots2024.online,gambling
galaxiworld.com,gambling
galaxy898casino.com,gambling
galaxycasino77.com,gambling
galottery.org,gambling
gama-casino-1top.ru,gambling
gama-casino-2024.top,gambling
gama-casino-2024.xyz,gambling
gama-casino-amp-1.ru,gambling
gama-casino-amp.ru,gambling
gama-casino-bet.buzz,gambling
gama-casino-bet.life,gambling
gama-casino-bet.top,gambling
gama-casino-bet.xyz,gambling
gama-casino-blt.buzz,gambling
gama-casino-djs.buzz,gambling
gama-casino-evd.buzz,gambling
gama-casino-gama.ru,gambling
gama-casino-gmz.online,gambling
gama-casino-gmz.site,gambling
gama-casino-go.xyz,gambling
gama-casino-icl.buzz,gambling
gama-casino-ija.buzz,gambling
gama-casino-log.xyz,gambling
gama-casino-lxg.buzz,gambling
gama-casino-lyw.buzz,gambling
gama-casino-official.top,gambling
gama-casino-official.xyz,gambling
gama-casino-piv.buzz,gambling
gama-casino-qfc.buzz,gambling
gama-casino-slot.com,gambling
gama-casino-slots.ru,gambling
gama-casino-slots1.top,gambling
gama-casino-slots2.top,gambling
gama-casino-slots3.top,gambling
gama-casino-texmex.ru,gambling
gama-casino-top.site,gambling
gama-casino-win.buzz,gambling
gama-casino-zoo.site,gambling
gama-casino.co,gambling
gama-casino.cyou,gambling
gama-casino.fun,gambling
gama-casino.games,gambling
gama-casino.haus,gambling
gama-casino.name,gambling
gama-casino.ws,gambling
gama-casino06u.xyz,gambling
gama-casino1.buzz,gambling
gama-casino4zv.buzz,gambling
gama-casino5.buzz,gambling
gama-casino58d.buzz,gambling
gama-casino86a.xyz,gambling
gama-casinoamp.ru,gambling
gama-casinos.fun,gambling
gama-casinos.top,gambling
gama-official-casino.ru,gambling
gama.casino,gambling
gama2casino.ru,gambling
gama3casino.com,gambling
gamacasino-074.buzz,gambling
gamacasino-123.buzz,gambling
gamacasino-125.buzz,gambling
gamacasino-198.buzz,gambling
gamacasino-427.buzz,gambling
gamacasino-428.top,gambling
gamacasino-480.buzz,gambling
gamacasino-580.buzz,gambling
gamacasino-732.buzz,gambling
gamacasino-740.buzz,gambling
gamacasino-836.buzz,gambling
gamacasino-889.buzz,gambling
gamacasino-891.buzz,gambling
gamacasino-973.buzz,gambling
gamacasino-997.buzz,gambling
gamacasino-amp.ru,gambling
gamacasino-down.ru,gambling
gamacasino-playz.ru,gambling
gamacasino.cam,gambling
gamacasino.me,gambling
gamacasino.win,gambling
gamacasino1.online,gambling
gamacasino1.win,gambling
gamacasino1016.xyz,gambling
gamacasino1020.xyz,gambling
gamacasino1029.xyz,gambling
gamacasino1032.xyz,gambling
gamacasino1043.xyz,gambling
gamacasino1044.xyz,gambling
gamacasino1048.xyz,gambling
gamacasino1092.xyz,gambling
gamacasino1096.xyz,gambling
gamacasino1127.xyz,gambling
gamacasino1130.xyz,gambling
gamacasino1136.xyz,gambling
gamacasino1154.xyz,gambling
gamacasino1157.xyz,gambling
gamacasino1165.xyz,gambling
gamacasino1169.xyz,gambling
gamacasino1178.xyz,gambling
gamacasino1179.xyz,gambling
gamacasino1187.xyz,gambling
gamacasino1189.xyz,gambling
gamacasino1200.xyz,gambling
gamacasino1218.xyz,gambling
gamacasino1229.xyz,gambling
gamacasino1238.xyz,gambling
gamacasino1252.xyz,gambling
gamacasino1264.xyz,gambling
gamacasino1267.xyz,gambling
gamacasino1282.xyz,gambling
gamacasino1286.xyz,gambling
gamacasino1292.xyz,gambling
gamacasino1299.xyz,gambling
gamacasino1337.xyz,gambling
gamacasino1338.xyz,gambling
gamacasino1339.xyz,gambling
gamacasino1341.xyz,gambling
gamacasino1380.xyz,gambling
gamacasino1386.xyz,gambling
gamacasino1393.xyz,gambling
gamacasino1402.xyz,gambling
gamacasino1406.xyz,gambling
gamacasino1409.xyz,gambling
gamacasino1415.xyz,gambling
gamacasino1416.xyz,gambling
gamacasino1421.xyz,gambling
gamacasino1432.xyz,gambling
gamacasino1435.xyz,gambling
gamacasino1442.xyz,gambling
gamacasino1448.xyz,gambling
gamacasino1459.xyz,gambling
gamacasino1466.xyz,gambling
gamacasino1467.xyz,gambling
gamacasino1469.xyz,gambling
gamacasino1471.xyz,gambling
gamacasino1475.xyz,gambling
gamacasino1486.xyz,gambling
gamacasino1487.xyz,gambling
gamacasino1494.xyz,gambling
gamacasino1507.xyz,gambling
gamacasino1509.xyz,gambling
gamacasino1529.xyz,gambling
gamacasino1539.xyz,gambling
gamacasino1561.xyz,gambling
gamacasino1563.xyz,gambling
gamacasino1574.xyz,gambling
gamacasino1577.xyz,gambling
gamacasino1597.xyz,gambling
gamacasino1616.xyz,gambling
gamacasino1625.xyz,gambling
gamacasino1626.xyz,gambling
gamacasino1650.xyz,gambling
gamacasino1654.xyz,gambling
gamacasino1669.xyz,gambling
gamacasino1672.xyz,gambling
gamacasino1677.xyz,gambling
gamacasino1710.xyz,gambling
gamacasino1714.xyz,gambling
gamacasino1743.xyz,gambling
gamacasino1755.xyz,gambling
gamacasino1785.xyz,gambling
gamacasino1790.xyz,gambling
gamacasino1795.xyz,gambling
gamacasino1834.xyz,gambling
gamacasino1858.xyz,gambling
gamacasino1861.xyz,gambling
gamacasino1864.xyz,gambling
gamacasino1873.xyz,gambling
gamacasino1875.xyz,gambling
gamacasino1880.xyz,gambling
gamacasino1886.xyz,gambling
gamacasino1889.xyz,gambling
gamacasino1895.xyz,gambling
gamacasino1897.xyz,gambling
gamacasino1900.xyz,gambling
gamacasino1927.xyz,gambling
gamacasino1958.xyz,gambling
gamacasino1966.xyz,gambling
gamacasino1967.xyz,gambling
gamacasino1969.xyz,gambling
gamacasino1971.xyz,gambling
gamacasino1987.xyz,gambling
gamacasino2.xyz,gambling
gamacasino2001.best,gambling
gamacasino2003.best,gambling
gamacasino2008.xyz,gambling
gamacasino2014.xyz,gambling
gamacasino2068.xyz,gambling
gamacasino2069.xyz,gambling
gamacasino2089.xyz,gambling
gamacasino2091.xyz,gambling
gamacasino2093.xyz,gambling
gamacasino2095.xyz,gambling
gamacasino2097.xyz,gambling
gamacasino2100.xyz,gambling
gamacasino2104.xyz,gambling
gamacasino2123.xyz,gambling
gamacasino2144.xyz,gambling
gamacasino2151.xyz,gambling
gamacasino2153.xyz,gambling
gamacasino2163.xyz,gambling
gamacasino2169.xyz,gambling
gamacasino2190.xyz,gambling
gamacasino2203.xyz,gambling
gamacasino2205.xyz,gambling
gamacasino2223.xyz,gambling
gamacasino2226.xyz,gambling
gamacasino2241.xyz,gambling
gamacasino2244.xyz,gambling
gamacasino2246.xyz,gambling
gamacasino2253.xyz,gambling
gamacasino2260.xyz,gambling
gamacasino2273.xyz,gambling
gamacasino2275.xyz,gambling
gamacasino2277.xyz,gambling
gamacasino2279.xyz,gambling
gamacasino2285.xyz,gambling
gamacasino2290.xyz,gambling
gamacasino2292.xyz,gambling
gamacasino2303.xyz,gambling
gamacasino2304.xyz,gambling
gamacasino2312.xyz,gambling
gamacasino2318.xyz,gambling
gamacasino2332.xyz,gambling
gamacasino2340.xyz,gambling
gamacasino2346.xyz,gambling
gamacasino2377.xyz,gambling
gamacasino2391.xyz,gambling
gamacasino24.ru,gambling
gamacasino2409.xyz,gambling
gamacasino2422.xyz,gambling
gamacasino2437.xyz,gambling
gamacasino2482.xyz,gambling
gamacasino2494.xyz,gambling
gamacasino2501.xyz,gambling
gamacasino2502.xyz,gambling
gamacasino2529.xyz,gambling
gamacasino2532.xyz,gambling
gamacasino2535.xyz,gambling
gamacasino2538.xyz,gambling
gamacasino2540.xyz,gambling
gamacasino2544.xyz,gambling
gamacasino2560.xyz,gambling
gamacasino2562.xyz,gambling
gamacasino2569.xyz,gambling
gamacasino2571.xyz,gambling
gamacasino2574.xyz,gambling
gamacasino2583.xyz,gambling
gamacasino2590.xyz,gambling
gamacasino2592.xyz,gambling
gamacasino2612.xyz,gambling
gamacasino2634.xyz,gambling
gamacasino2635.xyz,gambling
gamacasino2662.xyz,gambling
gamacasino2683.xyz,gambling
gamacasino2685.xyz,gambling
gamacasino2686.xyz,gambling
gamacasino2697.xyz,gambling
gamacasino2704.xyz,gambling
gamacasino2758.xyz,gambling
gamacasino2759.xyz,gambling
gamacasino2776.xyz,gambling
gamacasino2782.xyz,gambling
gamacasino2815.xyz,gambling
gamacasino2823.xyz,gambling
gamacasino2840.xyz,gambling
gamacasino2842.xyz,gambling
gamacasino2854.xyz,gambling
gamacasino2858.xyz,gambling
gamacasino2874.xyz,gambling
gamacasino2884.xyz,gambling
gamacasino2892.xyz,gambling
gamacasino2896.xyz,gambling
gamacasino2900.xyz,gambling
gamacasino2908.xyz,gambling
gamacasino2911.xyz,gambling
gamacasino2912.xyz,gambling
gamacasino2915.xyz,gambling
gamacasino2921.xyz,gambling
gamacasino2926.xyz,gambling
gamacasino2928.xyz,gambling
gamacasino2943.xyz,gambling
gamacasino2948.xyz,gambling
gamacasino2949.xyz,gambling
gamacasino2951.xyz,gambling
gamacasino2964.xyz,gambling
gamacasino2972.xyz,gambling
gamacasino2975.xyz,gambling
gamacasino2977.xyz,gambling
gamacasino2990.xyz,gambling
gamacasino3001.best,gambling
gamacasino3002.best,gambling
gamacasino3003.best,gambling
gamacasino3004.best,gambling
gamacasino3005.xyz,gambling
gamacasino3017.xyz,gambling
gamacasino3022.xyz,gambling
gamacasino3027.xyz,gambling
gamacasino3036.xyz,gambling
gamacasino3037.xyz,gambling
gamacasino3053.xyz,gambling
gamacasino3076.xyz,gambling
gamacasino3077.xyz,gambling
gamacasino3082.xyz,gambling
gamacasino3090.xyz,gambling
gamacasino3096.xyz,gambling
gamacasino3097.xyz,gambling
gamacasino3099.xyz,gambling
gamacasino3105.xyz,gambling
gamacasino3111.xyz,gambling
gamacasino3155.xyz,gambling
gamacasino3160.xyz,gambling
gamacasino3174.xyz,gambling
gamacasino3178.xyz,gambling
gamacasino3187.xyz,gambling
gamacasino3188.xyz,gambling
gamacasino3195.xyz,gambling
gamacasino3203.xyz,gambling
gamacasino3217.xyz,gambling
gamacasino3223.xyz,gambling
gamacasino3224.xyz,gambling
gamacasino3229.xyz,gambling
gamacasino3234.xyz,gambling
gamacasino3243.xyz,gambling
gamacasino3255.xyz,gambling
gamacasino3265.xyz,gambling
gamacasino3325.xyz,gambling
gamacasino3331.xyz,gambling
gamacasino3338.xyz,gambling
gamacasino3353.xyz,gambling
gamacasino3364.xyz,gambling
gamacasino3373.xyz,gambling
gamacasino3393.xyz,gambling
gamacasino3397.xyz,gambling
gamacasino3407.xyz,gambling
gamacasino3410.xyz,gambling
gamacasino3411.xyz,gambling
gamacasino3421.xyz,gambling
gamacasino3448.xyz,gambling
gamacasino3451.xyz,gambling
gamacasino3452.xyz,gambling
gamacasino3455.xyz,gambling
gamacasino3465.xyz,gambling
gamacasino3469.xyz,gambling
gamacasino3470.xyz,gambling
gamacasino3477.xyz,gambling
gamacasino3489.xyz,gambling
gamacasino3509.xyz,gambling
gamacasino3520.xyz,gambling
gamacasino3532.xyz,gambling
gamacasino3545.xyz,gambling
gamacasino3546.xyz,gambling
gamacasino3549.xyz,gambling
gamacasino3558.xyz,gambling
gamacasino3568.xyz,gambling
gamacasino3577.xyz,gambling
gamacasino3597.xyz,gambling
gamacasino3599.xyz,gambling
gamacasino360.ru,gambling
gamacasino3614.xyz,gambling
gamacasino3617.xyz,gambling
gamacasino3619.xyz,gambling
gamacasino3621.xyz,gambling
gamacasino3627.xyz,gambling
gamacasino3629.xyz,gambling
gamacasino3632.xyz,gambling
gamacasino3639.xyz,gambling
gamacasino3642.xyz,gambling
gamacasino3643.xyz,gambling
gamacasino3667.xyz,gambling
gamacasino3668.xyz,gambling
gamacasino3669.xyz,gambling
gamacasino3670.xyz,gambling
gamacasino3699.xyz,gambling
gamacasino3706.xyz,gambling
gamacasino3707.xyz,gambling
gamacasino3711.xyz,gambling
gamacasino3718.xyz,gambling
gamacasino3721.xyz,gambling
gamacasino3732.xyz,gambling
gamacasino3735.xyz,gambling
gamacasino3737.xyz,gambling
gamacasino3768.xyz,gambling
gamacasino3780.xyz,gambling
gamacasino3815.xyz,gambling
gamacasino3819.xyz,gambling
gamacasino3820.xyz,gambling
gamacasino3827.xyz,gambling
gamacasino3831.xyz,gambling
gamacasino3848.xyz,gambling
gamacasino3876.xyz,gambling
gamacasino3877.xyz,gambling
gamacasino3898.xyz,gambling
gamacasino3901.xyz,gambling
gamacasino3915.xyz,gambling
gamacasino3920.xyz,gambling
gamacasino3932.xyz,gambling
gamacasino3951.xyz,gambling
gamacasino3953.xyz,gambling
gamacasino3972.xyz,gambling
gamacasino4002.xyz,gambling
gamacasino4030.xyz,gambling
gamacasino4040.xyz,gambling
gamacasino4044.xyz,gambling
gamacasino4054.xyz,gambling
gamacasino4057.xyz,gambling
gamacasino4059.xyz,gambling
gamacasino4066.xyz,gambling
gamacasino4070.xyz,gambling
gamacasino4074.xyz,gambling
gamacasino4075.xyz,gambling
gamacasino4084.xyz,gambling
gamacasino4086.xyz,gambling
gamacasino4089.xyz,gambling
gamacasino4094.xyz,gambling
gamacasino4097.xyz,gambling
gamacasino4106.xyz,gambling
gamacasino4137.xyz,gambling
gamacasino4151.xyz,gambling
gamacasino4161.xyz,gambling
gamacasino4166.xyz,gambling
gamacasino4189.xyz,gambling
gamacasino4202.xyz,gambling
gamacasino4206.xyz,gambling
gamacasino4208.xyz,gambling
gamacasino4234.xyz,gambling
gamacasino4236.xyz,gambling
gamacasino4258.xyz,gambling
gamacasino4273.xyz,gambling
gamacasino4275.xyz,gambling
gamacasino4304.xyz,gambling
gamacasino4312.xyz,gambling
gamacasino4319.xyz,gambling
gamacasino4323.xyz,gambling
gamacasino4333.xyz,gambling
gamacasino4334.xyz,gambling
gamacasino4347.xyz,gambling
gamacasino4366.xyz,gambling
gamacasino4367.xyz,gambling
gamacasino4375.xyz,gambling
gamacasino4376.xyz,gambling
gamacasino4394.xyz,gambling
gamacasino4396.xyz,gambling
gamacasino4407.xyz,gambling
gamacasino4408.xyz,gambling
gamacasino4413.xyz,gambling
gamacasino4414.xyz,gambling
gamacasino4418.xyz,gambling
gamacasino4428.xyz,gambling
gamacasino4437.xyz,gambling
gamacasino4447.xyz,gambling
gamacasino4457.xyz,gambling
gamacasino4470.xyz,gambling
gamacasino4474.xyz,gambling
gamacasino4483.xyz,gambling
gamacasino4510.xyz,gambling
gamacasino4541.xyz,gambling
gamacasino4546.xyz,gambling
gamacasino4547.xyz,gambling
gamacasino4551.xyz,gambling
gamacasino4556.xyz,gambling
gamacasino4570.xyz,gambling
gamacasino4623.xyz,gambling
gamacasino4633.xyz,gambling
gamacasino4637.xyz,gambling
gamacasino4639.xyz,gambling
gamacasino4661.xyz,gambling
gamacasino4665.xyz,gambling
gamacasino4683.xyz,gambling
gamacasino4698.xyz,gambling
gamacasino4699.xyz,gambling
gamacasino4701.xyz,gambling
gamacasino4703.xyz,gambling
gamacasino4708.xyz,gambling
gamacasino4731.xyz,gambling
gamacasino4751.xyz,gambling
gamacasino4754.xyz,gambling
gamacasino4778.xyz,gambling
gamacasino4791.xyz,gambling
gamacasino4793.xyz,gambling
gamacasino4810.xyz,gambling
gamacasino4819.xyz,gambling
gamacasino4841.xyz,gambling
gamacasino4847.xyz,gambling
gamacasino4850.xyz,gambling
gamacasino4866.xyz,gambling
gamacasino4871.xyz,gambling
gamacasino4898.xyz,gambling
gamacasino4900.xyz,gambling
gamacasino4902.xyz,gambling
gamacasino4907.xyz,gambling
gamacasino4909.xyz,gambling
gamacasino4913.xyz,gambling
gamacasino4937.xyz,gambling
gamacasino4953.xyz,gambling
gamacasino4957.xyz,gambling
gamacasino4959.xyz,gambling
gamacasino4961.xyz,gambling
gamacasino4964.xyz,gambling
gamacasino4974.xyz,gambling
gamacasino501.best,gambling
gamacasino5013.xyz,gambling
gamacasino5016.xyz,gambling
gamacasino5018.xyz,gambling
gamacasino503.best,gambling
gamacasino5032.xyz,gambling
gamacasino5034.xyz,gambling
gamacasino504.best,gambling
gamacasino5044.xyz,gambling
gamacasino5053.xyz,gambling
gamacasino5060.xyz,gambling
gamacasino5064.xyz,gambling
gamacasino5081.xyz,gambling
gamacasino5082.xyz,gambling
gamacasino5083.xyz,gambling
gamacasino5084.xyz,gambling
gamacasino5112.xyz,gambling
gamacasino5118.xyz,gambling
gamacasino5126.xyz,gambling
gamacasino5128.xyz,gambling
gamacasino5140.xyz,gambling
gamacasino5141.xyz,gambling
gamacasino5149.xyz,gambling
gamacasino5169.xyz,gambling
gamacasino5171.xyz,gambling
gamacasino5180.xyz,gambling
gamacasino5190.xyz,gambling
gamacasino5192.xyz,gambling
gamacasino5200.xyz,gambling
gamacasino5205.xyz,gambling
gamacasino5209.xyz,gambling
gamacasino5211.xyz,gambling
gamacasino5220.xyz,gambling
gamacasino5280.xyz,gambling
gamacasino5285.xyz,gambling
gamacasino5308.xyz,gambling
gamacasino5316.xyz,gambling
gamacasino5321.xyz,gambling
gamacasino5332.xyz,gambling
gamacasino5341.xyz,gambling
gamacasino5344.xyz,gambling
gamacasino5345.xyz,gambling
gamacasino5350.xyz,gambling
gamacasino5361.xyz,gambling
gamacasino5365.xyz,gambling
gamacasino5366.xyz,gambling
gamacasino5371.xyz,gambling
gamacasino5379.xyz,gambling
gamacasino5386.xyz,gambling
gamacasino5389.xyz,gambling
gamacasino5394.xyz,gambling
gamacasino5411.xyz,gambling
gamacasino5413.xyz,gambling
gamacasino5415.xyz,gambling
gamacasino5418.xyz,gambling
gamacasino5425.xyz,gambling
gamacasino5432.xyz,gambling
gamacasino5436.xyz,gambling
gamacasino5440.xyz,gambling
gamacasino5442.xyz,gambling
gamacasino5466.xyz,gambling
gamacasino5470.xyz,gambling
gamacasino5481.xyz,gambling
gamacasino5483.xyz,gambling
gamacasino5490.xyz,gambling
gamacasino5491.xyz,gambling
gamacasino5494.xyz,gambling
gamacasino5510.xyz,gambling
gamacasino5513.xyz,gambling
gamacasino5522.xyz,gambling
gamacasino5524.xyz,gambling
gamacasino5535.xyz,gambling
gamacasino5538.xyz,gambling
gamacasino5539.xyz,gambling
gamacasino5561.xyz,gambling
gamacasino5580.xyz,gambling
gamacasino5585.xyz,gambling
gamacasino5588.xyz,gambling
gamacasino5609.xyz,gambling
gamacasino5612.xyz,gambling
gamacasino5621.xyz,gambling
gamacasino5623.xyz,gambling
gamacasino5636.xyz,gambling
gamacasino5645.xyz,gambling
gamacasino5653.xyz,gambling
gamacasino5664.xyz,gambling
gamacasino5672.xyz,gambling
gamacasino5698.xyz,gambling
gamacasino5704.xyz,gambling
gamacasino5728.xyz,gambling
gamacasino5737.xyz,gambling
gamacasino5744.xyz,gambling
gamacasino5747.xyz,gambling
gamacasino5751.xyz,gambling
gamacasino5759.xyz,gambling
gamacasino5770.xyz,gambling
gamacasino5773.xyz,gambling
gamacasino5782.xyz,gambling
gamacasino5788.xyz,gambling
gamacasino5794.xyz,gambling
gamacasino5803.xyz,gambling
gamacasino5811.xyz,gambling
gamacasino5822.xyz,gambling
gamacasino5839.xyz,gambling
gamacasino5859.xyz,gambling
gamacasino5865.xyz,gambling
gamacasino5881.xyz,gambling
gamacasino5885.xyz,gambling
gamacasino5890.xyz,gambling
gamacasino5926.xyz,gambling
gamacasino5947.xyz,gambling
gamacasino5949.xyz,gambling
gamacasino5956.xyz,gambling
gamacasino5969.xyz,gambling
gamacasino5975.xyz,gambling
gamacasino6012.xyz,gambling
gamacasino6058.xyz,gambling
gamacasino6071.xyz,gambling
gamacasino6098.xyz,gambling
gamacasino6150.xyz,gambling
gamacasino6167.xyz,gambling
gamacasino6168.xyz,gambling
gamacasino6214.xyz,gambling
gamacasino6225.xyz,gambling
gamacasino6240.xyz,gambling
gamacasino6271.xyz,gambling
gamacasino6284.xyz,gambling
gamacasino6291.xyz,gambling
gamacasino6335.xyz,gambling
gamacasino6342.xyz,gambling
gamacasino6378.xyz,gambling
gamacasino6383.xyz,gambling
gamacasino6414.xyz,gambling
gamacasino6423.xyz,gambling
gamacasino6432.xyz,gambling
gamacasino6446.xyz,gambling
gamacasino6465.xyz,gambling
gamacasino6481.xyz,gambling
gamacasino6495.xyz,gambling
gamacasino6516.xyz,gambling
gamacasino6520.xyz,gambling
gamacasino6533.xyz,gambling
gamacasino6554.xyz,gambling
gamacasino6568.xyz,gambling
gamacasino6579.xyz,gambling
gamacasino6594.xyz,gambling
gamacasino6598.xyz,gambling
gamacasino6621.xyz,gambling
gamacasino6622.xyz,gambling
gamacasino6626.xyz,gambling
gamacasino6630.xyz,gambling
gamacasino6646.xyz,gambling
gamacasino6688.xyz,gambling
gamacasino6708.xyz,gambling
gamacasino6709.xyz,gambling
gamacasino6711.xyz,gambling
gamacasino6718.xyz,gambling
gamacasino6720.xyz,gambling
gamacasino6722.xyz,gambling
gamacasino6724.xyz,gambling
gamacasino6745.xyz,gambling
gamacasino6756.xyz,gambling
gamacasino6836.xyz,gambling
gamacasino6840.xyz,gambling
gamacasino6841.xyz,gambling
gamacasino6843.xyz,gambling
gamacasino6856.xyz,gambling
gamacasino6863.xyz,gambling
gamacasino6876.xyz,gambling
gamacasino6877.xyz,gambling
gamacasino6885.xyz,gambling
gamacasino6906.xyz,gambling
gamacasino6931.xyz,gambling
gamacasino6964.xyz,gambling
gamacasino6966.xyz,gambling
gamacasino6974.xyz,gambling
gamacasino6996.xyz,gambling
gamacasino7003.xyz,gambling
gamacasino701.best,gambling
gamacasino7014.xyz,gambling
gamacasino702.best,gambling
gamacasino7022.xyz,gambling
gamacasino7026.xyz,gambling
gamacasino7037.xyz,gambling
gamacasino7044.xyz,gambling
gamacasino7046.xyz,gambling
gamacasino7083.xyz,gambling
gamacasino7090.xyz,gambling
gamacasino7097.xyz,gambling
gamacasino7099.xyz,gambling
gamacasino7107.xyz,gambling
gamacasino7121.xyz,gambling
gamacasino7129.xyz,gambling
gamacasino7158.xyz,gambling
gamacasino7181.xyz,gambling
gamacasino7200.xyz,gambling
gamacasino7205.xyz,gambling
gamacasino7209.xyz,gambling
gamacasino7220.xyz,gambling
gamacasino7242.xyz,gambling
gamacasino7246.xyz,gambling
gamacasino7248.xyz,gambling
gamacasino7250.xyz,gambling
gamacasino7265.xyz,gambling
gamacasino7292.xyz,gambling
gamacasino730.com,gambling
gamacasino7300.xyz,gambling
gamacasino7329.xyz,gambling
gamacasino7342.xyz,gambling
gamacasino7368.xyz,gambling
gamacasino7379.xyz,gambling
gamacasino7388.xyz,gambling
gamacasino7393.xyz,gambling
gamacasino7395.xyz,gambling
gamacasino7401.xyz,gambling
gamacasino7415.xyz,gambling
gamacasino7418.xyz,gambling
gamacasino7432.xyz,gambling
gamacasino7450.xyz,gambling
gamacasino7456.xyz,gambling
gamacasino7460.xyz,gambling
gamacasino7483.xyz,gambling
gamacasino7489.xyz,gambling
gamacasino7517.xyz,gambling
gamacasino7563.xyz,gambling
gamacasino7564.xyz,gambling
gamacasino7581.xyz,gambling
gamacasino7597.xyz,gambling
gamacasino7608.xyz,gambling
gamacasino7623.xyz,gambling
gamacasino7645.xyz,gambling
gamacasino7651.xyz,gambling
gamacasino7656.xyz,gambling
gamacasino7657.xyz,gambling
gamacasino7674.xyz,gambling
gamacasino7680.xyz,gambling
gamacasino7700.xyz,gambling
gamacasino7702.xyz,gambling
gamacasino7708.xyz,gambling
gamacasino7713.xyz,gambling
gamacasino7715.xyz,gambling
gamacasino7716.xyz,gambling
gamacasino7717.xyz,gambling
gamacasino7732.xyz,gambling
gamacasino7743.xyz,gambling
gamacasino7747.xyz,gambling
gamacasino7752.xyz,gambling
gamacasino7771.xyz,gambling
gamacasino7777.xyz,gambling
gamacasino7808.xyz,gambling
gamacasino7810.xyz,gambling
gamacasino7811.xyz,gambling
gamacasino7816.xyz,gambling
gamacasino7824.xyz,gambling
gamacasino7830.xyz,gambling
gamacasino7835.xyz,gambling
gamacasino7836.xyz,gambling
gamacasino7844.xyz,gambling
gamacasino7853.xyz,gambling
gamacasino7854.xyz,gambling
gamacasino7861.xyz,gambling
gamacasino7871.xyz,gambling
gamacasino7878.xyz,gambling
gamacasino7882.xyz,gambling
gamacasino7884.xyz,gambling
gamacasino7889.xyz,gambling
gamacasino7892.xyz,gambling
gamacasino7898.xyz,gambling
gamacasino7910.xyz,gambling
gamacasino7914.xyz,gambling
gamacasino7923.xyz,gambling
gamacasino7950.xyz,gambling
gamacasino7964.xyz,gambling
gamacasino7965.xyz,gambling
gamacasino7976.xyz,gambling
gamacasino7980.xyz,gambling
gamacasino7982.xyz,gambling
gamacasino7985.xyz,gambling
gamacasino7989.xyz,gambling
gamacasino8006.xyz,gambling
gamacasino8009.xyz,gambling
gamacasino8013.xyz,gambling
gamacasino8025.xyz,gambling
gamacasino8027.xyz,gambling
gamacasino8028.xyz,gambling
gamacasino8031.xyz,gambling
gamacasino8032.xyz,gambling
gamacasino8049.xyz,gambling
gamacasino8051.xyz,gambling
gamacasino8092.xyz,gambling
gamacasino8110.xyz,gambling
gamacasino8113.xyz,gambling
gamacasino8121.xyz,gambling
gamacasino8137.xyz,gambling
gamacasino8144.xyz,gambling
gamacasino8159.xyz,gambling
gamacasino8166.xyz,gambling
gamacasino8183.xyz,gambling
gamacasino8194.xyz,gambling
gamacasino8207.xyz,gambling
gamacasino8215.xyz,gambling
gamacasino8221.xyz,gambling
gamacasino8237.xyz,gambling
gamacasino8246.xyz,gambling
gamacasino8249.xyz,gambling
gamacasino8255.xyz,gambling
gamacasino8276.xyz,gambling
gamacasino8277.xyz,gambling
gamacasino8279.xyz,gambling
gamacasino829.com,gambling
gamacasino8290.xyz,gambling
gamacasino8293.xyz,gambling
gamacasino8319.xyz,gambling
gamacasino8338.xyz,gambling
gamacasino8339.xyz,gambling
gamacasino8347.xyz,gambling
gamacasino8360.xyz,gambling
gamacasino8366.xyz,gambling
gamacasino8367.xyz,gambling
gamacasino8387.xyz,gambling
gamacasino8398.xyz,gambling
gamacasino8405.xyz,gambling
gamacasino8425.xyz,gambling
gamacasino8448.xyz,gambling
gamacasino8451.xyz,gambling
gamacasino8460.xyz,gambling
gamacasino8473.xyz,gambling
gamacasino8486.xyz,gambling
gamacasino8487.xyz,gambling
gamacasino8488.xyz,gambling
gamacasino8493.xyz,gambling
gamacasino8495.xyz,gambling
gamacasino8509.xyz,gambling
gamacasino8516.xyz,gambling
gamacasino8532.xyz,gambling
gamacasino8534.xyz,gambling
gamacasino8547.xyz,gambling
gamacasino8559.xyz,gambling
gamacasino8567.xyz,gambling
gamacasino8582.xyz,gambling
gamacasino8587.xyz,gambling
gamacasino8604.xyz,gambling
gamacasino8605.xyz,gambling
gamacasino8623.xyz,gambling
gamacasino8627.xyz,gambling
gamacasino8628.xyz,gambling
gamacasino8638.xyz,gambling
gamacasino8653.xyz,gambling
gamacasino8662.xyz,gambling
gamacasino8663.xyz,gambling
gamacasino8677.xyz,gambling
gamacasino8678.xyz,gambling
gamacasino8691.xyz,gambling
gamacasino8694.xyz,gambling
gamacasino8702.xyz,gambling
gamacasino8703.xyz,gambling
gamacasino8713.xyz,gambling
gamacasino8718.xyz,gambling
gamacasino8721.xyz,gambling
gamacasino8722.xyz,gambling
gamacasino8734.xyz,gambling
gamacasino8736.xyz,gambling
gamacasino8740.xyz,gambling
gamacasino8750.xyz,gambling
gamacasino8759.xyz,gambling
gamacasino8766.xyz,gambling
gamacasino8767.xyz,gambling
gamacasino8782.xyz,gambling
gamacasino8785.xyz,gambling
gamacasino8786.xyz,gambling
gamacasino8804.xyz,gambling
gamacasino8824.xyz,gambling
gamacasino8834.xyz,gambling
gamacasino8845.xyz,gambling
gamacasino8850.xyz,gambling
gamacasino8853.xyz,gambling
gamacasino8870.xyz,gambling
gamacasino8871.xyz,gambling
gamacasino8884.xyz,gambling
gamacasino8915.xyz,gambling
gamacasino8917.xyz,gambling
gamacasino8922.xyz,gambling
gamacasino8935.xyz,gambling
gamacasino8937.xyz,gambling
gamacasino8939.xyz,gambling
gamacasino8949.xyz,gambling
gamacasino8952.xyz,gambling
gamacasino8955.xyz,gambling
gamacasino8994.xyz,gambling
gamacasino8996.xyz,gambling
gamacasino8997.xyz,gambling
gamacasino9001.xyz,gambling
gamacasino9012.xyz,gambling
gamacasino9014.xyz,gambling
gamacasino9023.xyz,gambling
gamacasino9025.xyz,gambling
gamacasino9026.xyz,gambling
gamacasino9029.xyz,gambling
gamacasino9046.xyz,gambling
gamacasino9048.xyz,gambling
gamacasino9051.xyz,gambling
gamacasino9054.xyz,gambling
gamacasino9087.xyz,gambling
gamacasino9095.xyz,gambling
gamacasino9096.xyz,gambling
gamacasino9113.xyz,gambling
gamacasino9122.xyz,gambling
gamacasino9124.xyz,gambling
gamacasino9136.xyz,gambling
gamacasino9153.xyz,gambling
gamacasino9178.xyz,gambling
gamacasino9187.xyz,gambling
gamacasino9189.xyz,gambling
gamacasino9198.xyz,gambling
gamacasino9203.xyz,gambling
gamacasino9209.xyz,gambling
gamacasino9217.xyz,gambling
gamacasino9230.xyz,gambling
gamacasino9242.xyz,gambling
gamacasino9256.xyz,gambling
gamacasino9259.xyz,gambling
gamacasino9265.xyz,gambling
gamacasino9279.xyz,gambling
gamacasino9284.xyz,gambling
gamacasino9292.xyz,gambling
gamacasino9293.xyz,gambling
gamacasino9306.xyz,gambling
gamacasino9334.xyz,gambling
gamacasino9336.xyz,gambling
gamacasino9342.xyz,gambling
gamacasino9344.xyz,gambling
gamacasino9376.xyz,gambling
gamacasino9385.xyz,gambling
gamacasino9408.xyz,gambling
gamacasino9412.xyz,gambling
gamacasino9418.xyz,gambling
gamacasino9431.xyz,gambling
gamacasino9437.xyz,gambling
gamacasino9455.xyz,gambling
gamacasino9459.xyz,gambling
gamacasino9477.xyz,gambling
gamacasino9479.xyz,gambling
gamacasino9487.xyz,gambling
gamacasino9489.xyz,gambling
gamacasino9504.xyz,gambling
gamacasino9506.xyz,gambling
gamacasino9508.xyz,gambling
gamacasino9510.xyz,gambling
gamacasino9522.xyz,gambling
gamacasino9525.xyz,gambling
gamacasino9534.xyz,gambling
gamacasino9539.xyz,gambling
gamacasino9540.xyz,gambling
gamacasino9542.xyz,gambling
gamacasino9555.xyz,gambling
gamacasino9566.xyz,gambling
gamacasino9568.xyz,gambling
gamacasino9575.xyz,gambling
gamacasino9593.xyz,gambling
gamacasino9602.xyz,gambling
gamacasino9605.xyz,gambling
gamacasino9606.xyz,gambling
gamacasino9607.xyz,gambling
gamacasino9609.xyz,gambling
gamacasino9610.xyz,gambling
gamacasino9625.xyz,gambling
gamacasino9626.xyz,gambling
gamacasino9628.xyz,gambling
gamacasino9711.xyz,gambling
gamacasino9714.xyz,gambling
gamacasino9728.xyz,gambling
gamacasino9735.xyz,gambling
gamacasino9739.xyz,gambling
gamacasino9742.xyz,gambling
gamacasino9743.xyz,gambling
gamacasino9745.xyz,gambling
gamacasino9751.xyz,gambling
gamacasino9754.xyz,gambling
gamacasino9756.xyz,gambling
gamacasino9774.xyz,gambling
gamacasino9777.xyz,gambling
gamacasino9779.xyz,gambling
gamacasino9787.xyz,gambling
gamacasino9834.xyz,gambling
gamacasino9836.xyz,gambling
gamacasino9837.xyz,gambling
gamacasino9846.xyz,gambling
gamacasino9850.xyz,gambling
gamacasino9861.xyz,gambling
gamacasino9866.xyz,gambling
gamacasino9894.xyz,gambling
gamacasino9927.xyz,gambling
gamacasino9930.xyz,gambling
gamacasino9937.xyz,gambling
gamacasino9951.xyz,gambling
gamacasino9958.xyz,gambling
gamacasino9960.xyz,gambling
gamacasino9966.xyz,gambling
gamacasino9983.xyz,gambling
gamacasino9993.xyz,gambling
gamacasinog.ru,gambling
gamacasinogo.ru,gambling
gamacasinok.ru,gambling
gamacasinon.ru,gambling
gamacasinoo.ru,gambling
gamacasinoofficial.fun,gambling
gamacasinoofficial.win,gambling
gamacasinoofficial1.fun,gambling
gamacasinoofficial21.win,gambling
gamacasinoofficial234.win,gambling
gamacasinoonline.ru,gambling
gamacasinoonline100.ru,gambling
gamacasinoq.online,gambling
gamacasinosite1000.ru,gambling
gamacasinosite2000.ru,gambling
gamacasinosite3000.ru,gambling
gamacasinosite301.ru,gambling
gamacasinosite4000.ru,gambling
gamacasinosite4002.ru,gambling
gamacasinowin.ru,gambling
gambinoslot.com,gambling
gambl.xyz,gambling
gambladvise.com,gambling
gamble-art.com,gambling
gamble-avis.com,gambling
gamble-casinox60.ru,gambling
gamble-coin.xyz,gambling
gamble-genius.com,gambling
gamble-inside.com,gambling
gamble-online-aus.org,gambling
gamble-online-casino-games.net,gambling
gamble-racer.com,gambling
gamble-stream.xyz,gambling
gamble-tips.com,gambling
gamble-tribe.com,gambling
gamble-usa.com,gambling
gamble.buzz,gambling
gamble247.art,gambling
gamble247.biz,gambling
gamble247.club,gambling
gamble247.top,gambling
gamble247.us,gambling
gamble247maxwin.us,gambling
gamble360.com,gambling
gambleargentina.com,gambling
gambleboards.com,gambling
gamblebonus.net,gambling
gamblebuilders.com,gambling
gamblecity.city,gambling
gamblecity.com,gambling
gamblecity12.com,gambling
gamblecity2.com,gambling
gamblecity20.com,gambling
gamblecityiran.com,gambling
gamblecityperu.com,gambling
gamblecoin.xyz,gambling
gamblecritic.org,gambling
gambledaway.com,gambling
gambledesign.com,gambling
gambledude.com,gambling
gambleficasinos.com,gambling
gamblefun.us,gambling
gamblefungame.us,gambling
gamblegeniee.com,gambling
gambleglimpse.com,gambling
gamblehouse.org,gambling
gamblehow.com,gambling
gambleinsights.com,gambling
gambleinthesun.com,gambling
gambleleva.xyz,gambling
gamblelevus.xyz,gambling
gamblelikepro.com,gambling
gamblelucky.com,gambling
gamblemaniacs.com,gambling
gamblemanias.com,gambling
gamblemans.com,gambling
gamblemilo.com,gambling
gamblenator.net,gambling
gamblenexus.com,gambling
gambleonline.com,gambling
gambleonline.org,gambling
gambleonlineformoney.com,gambling
gambleonlineforrealmoneypm.com,gambling
gambleonlinemichigan.com,gambling
gambleonslots.com,gambling
gambleontario.ca,gambling
gamblepassion.com,gambling
gamblepicks.com,gambling
gamblepokerdom-9487.ru,gambling
gamblepromo.online,gambling
gambler-lures.com,gambling
gambler-us.com,gambling
gambler-wiki.com,gambling
gamblerawards.com,gambling
gamblerbassboats.com,gambling
gamblercalculator.com,gambling
gamblercasino.site,gambling
gamblerfashion.com,gambling
gamblerfirstnation.ca,gambling
gamblergoal.com,gambling
gamblerguide.org,gambling
gamblerguideonline.com,gambling
gamblerheadspace.org,gambling
gamblerid.com,gambling
gamblermaster.co.uk,gambling
gamblernepal.com,gambling
gamblerplace.com,gambling
gamblerplanet.com,gambling
gamblerprofessionals.com,gambling
gamblers.casino,gambling
gamblers.org,gambling
gamblers.solutions,gambling
gamblersadvices.com,gambling
gamblersanonymous.org,gambling
gamblerschoice.xyz,gambling
gamblersclubonline.com,gambling
gamblerscommentary.com,gambling
gamblersden.com,gambling
gamblersempire.com,gambling
gamblersgossip.com,gambling
gamblersguideonline.com,gambling
gamblershockey.com,gambling
gamblershome.org,gambling
gamblersinrecovery.com,gambling
gamblerslounge.com,gambling
gamblersmix.com,gambling
gamblerspalace.com,gambling
gamblerspots.com,gambling
gamblersresource.com,gambling
gamblersreview.info,gambling
gamblersruin.band,gambling
gamblersuniverse.com,gambling
gamblersvardag.se,gambling
gamblersworld.com,gambling
gamblerszoo.com,gambling
gamblertt.com,gambling
gamblerush.online,gambling
gamblesite.com,gambling
gambleslot247.me,gambling
gambleslotsonline.com,gambling
gamblespartsonline.com,gambling
gamblespot.com,gambling
gamblestakes.com,gambling
gamblestar.com,gambling
gamblestone.nz,gambling
gamblestreet.com,gambling
gambletest.com,gambling
gamblethe.xyz,gambling
gamblethrillzz.com,gambling
gambletonight.com,gambling
gambletop1.org,gambling
gambletribune.org,gambling
gambleup.com,gambling
gambleusa.com,gambling
gamblewin.xyz,gambling
gambling-411.com,gambling
gambling-affiliation.com,gambling
gambling-apps-in.com,gambling
gambling-casinos-online.net,gambling
gambling-code.cl,gambling
gambling-code.cz,gambling
gambling-devs.com,gambling
gambling-directory.tv,gambling
gambling-gazette.com,gambling
gambling-litigation.co.uk,gambling
gambling-litigation.com,gambling
gambling-malta.com,gambling
gambling-man.com,gambling
gambling-realities-africa.net,gambling
gambling-strategy.net,gambling
gambling-tips.net,gambling
gambling-trade.com,gambling
gambling-tutorial.com,gambling
gambling.com,gambling
gambling.nl,gambling
gambling13.com,gambling
gambling24.casino,gambling
gambling2day.com,gambling
gambling4you.org,gambling
gamblingaddictionhotline.org,gambling
gamblingaggregator.com,gambling
gamblingamount.com,gambling
gamblingandlaw.com,gambling
gamblingauthority.org,gambling
gamblingbet.ru,gambling
gamblingbetlebcasino.shop,gambling
gamblingbonusguide.com,gambling
gamblingcasinoforum.com,gambling
gamblingcasinoslot.site,gambling
gamblingcentral.info,gambling
gamblingcg.com,gambling
gamblingcharms.net,gambling
gamblingcity.net,gambling
gamblingcompete.com,gambling
gamblingdata.uk,gambling
gamblingentertainment.net,gambling
gamblingenthusiasts.com,gambling
gamblingfactsandfictions.com,gambling
gamblingfaq.net,gambling
gamblingfile.com,gambling
gamblingfrauds.com,gambling
gamblingfunnels.com,gambling
gamblingguardian.net,gambling
gamblingguide.asia,gambling
gamblingguru.xyz,gambling
gamblinghelpohio.org,gambling
gamblinghood.com,gambling
gamblinghoroscope.com,gambling
gamblingin.co.uk,gambling
gamblinginconnecticut.com,gambling
gamblinginfo.org,gambling
gamblinginusa.com,gambling
gamblingking.vip,gambling
gamblingleague.net,gambling
gamblingliga.online,gambling
gamblinglinks.com,gambling
gamblinglinks.net,gambling
gamblinglitigation.co.uk,gambling
gamblinglitigation.com,gambling
gamblingmarket.com,gambling
gamblingnewsinfo.com,gambling
gamblingo.fun,gambling
gamblingorb-ch.com,gambling
gamblingorb-is.com,gambling
gamblingorb-my.com,gambling
gamblingorb-th.com,gambling
gamblingpalacecasino.com,gambling
gamblingplanet.org,gambling
gamblingpoker.org,gambling
gamblingpokercasinopg.site,gambling
gamblingpro.co,gambling
gamblingpro.org,gambling
gamblingread.com,gambling
gamblingrebelz.com,gambling
gamblingreport.nl,gambling
gamblingrosecasino.co.uk,gambling
gamblingsage.org,gambling
gamblingsam.com,gambling
gamblingsecrets.io,gambling
gamblingsites.com,gambling
gamblingsites.ltd,gambling
gamblingsites.pro,gambling
gamblingsitesuk.ltd,gambling
gamblingsocialbr.us,gambling
gamblingsoftware.com,gambling
gamblingsouls.com,gambling
gamblingssites.com,gambling
gamblingstar.com,gambling
gamblingtimes.com,gambling
gamblinguk.com,gambling
gamblingunderstood.co.uk,gambling
gamblingwin.info,gambling
gamblingwithhyips.com,gambling
gambloo.com,gambling
gamdom-casino.com,gambling
gamdom.com,gambling
gamdomcasinospain.click,gambling
game-bet-casino.me,gambling
game-casino-rating-2023.win,gambling
game-fresh-casino.ru,gambling
game-fresh-casino.top,gambling
game-freshcasino.top,gambling
game-power.net,gambling
game777win.com,gambling
gamebookers.com,gambling
gamebookers.fr,gambling
gamecasino.info,gambling
gamecasino.site,gambling
gamecasinoratingofficial-2023.win,gambling
gamecasinoratingofficial1-2023.win,gambling
gamecasinoratingofficial3-2023.win,gambling
gamecasinoratingtop1-2023.win,gambling
gamecasinoratingtop2-2023.win,gambling
gamecasinoratingtop3-2023.win,gambling
gamecasinoratingtop6-2023.win,gambling
gamemania.cc,gambling
gamemania.co.ke,gambling
gamentio.com,gambling
gameofbet506.com,gambling
gameofbet507.com,gambling
gameofbet508.com,gambling
gameofbet510.com,gambling
gameofbet511.com,gambling
gameofbet515.com,gambling
gameofbet516.com,gambling
gameofbet518.com,gambling
gameofbet520.com,gambling
gameofbet521.com,gambling
gameofbet522.com,gambling
gameofbet523.com,gambling
gameofbet524.com,gambling
gameofbet525.com,gambling
gameofbet528.com,gambling
gameofbet529.com,gambling
gameofbet534.com,gambling
gameofcasinos.shop,gambling
gamepoint.com,gambling
gamerscasino.info,gambling
games-casino-2023.win,gambling
games-casino64.win,gambling
games-casino677.win,gambling
games-casino733.win,gambling
games-casino95.win,gambling
games-fresh-casino.top,gambling
games-freshcasino.top,gambling
games.co.uk,gambling
games4fun.info,gambling
games4slots.com,gambling
gamesbigcasino.site,gambling
gamescasino24k.us,gambling
gamestopcasino.xyz,gambling
gametimecasino.com,gambling
gametips.nl,gambling
gameworldcasino-ro.com,gambling
gamezy.com,gambling
gamigcasinolive.com,gambling
gamilcasino-hotel.com,gambling
gaming-slots.top,gambling
gamingandcasinofund.com,gambling
gamingbets.com,gambling
gamingclub.com,gambling
gamingslots.xyz,gambling
gammacasino10.ru,gambling
gammacasino13.ru,gambling
gammacasino3.ru,gambling
gammacasino8.ru,gambling
gammacasino9.ru,gambling
gammmacasino.ru,gambling
ganacasinopy.com,gambling
ganaencasa-casino.top,gambling
ganaplay.ec,gambling
gangabet.com,gambling
gangcasinos.com,gambling
gangnamcasino.kr,gambling
gangsta-poker.com,gambling
gangstacasino.net,gambling
ganja-seeds.com,drugs
ganjaland.8m.com,drugs
ganobet328.com,gambling
ganobet329.com,gambling
gapacasino.top,gambling
gapcasino.info,gambling
garila-casino.ru,gambling
garilla-casino-play.ru,gambling
garilla-casino-site.ru,gambling
garilla-casino-slot.ru,gambling
garilla-casino10.ru,gambling
garillacasino-band1.ru,gambling
garillacasino-site.ru,gambling
garillacasino-vxod.ru,gambling
garillacasino01.ru,gambling
garillacasino11.ru,gambling
garillacasino22.ru,gambling
garillacasino31.ru,gambling
garillacasino41.ru,gambling
garillacasino5.com,gambling
garillacasino51.ru,gambling
garillacasino55.ru,gambling
garillacasino6.com,gambling
garillacasino61.ru,gambling
garillacasino7.com,gambling
garillacasino8.com,gambling
garillacasino9.com,gambling
garillacasinoslot.ru,gambling
garmentcasino.xyz,gambling
garrilacasinozerkalo.ru,gambling
garuda.casino,gambling
garuda138.amp-gg.com,gambling
garuda138.com,gambling
gasunsurtoto.com,gambling
gateway-forcasino.org,gambling
gatewaycasinos.biz,gambling
gatewaycasinos.com,gambling
gatewayforcasino.org,gambling
gatobet.com,gambling
gaya4dcuan.com,gambling
gayslots.com,gambling
gb888casino.org,gambling
gba-777-casino.me,gambling
gbfuncasinos.com,gambling
gbowin.com,gambling
gcainc.com,gambling
gclub-casino.com,gambling
gclubcasino.top,gambling
gclubthcasino.com,gambling
gday77casino.com,gambling
gdcasino.it,gambling
gdcasino.top,gambling
geantcasino-bawadimall-dj.com,gambling
geantcasino.fr,gambling
geantcasino.top,gambling
geekscasino.info,gambling
geishalounge.com,gambling
gemcasino.com,gambling
gemdisco-casino.me,gambling
gemdiscocasino.top,gambling
generationcasino.info,gambling
generator2.idns889.net,gambling
generazionecultura.it,gambling
generouscasinos.com,gambling
genesiscasino.bet,gambling
genesiscasino.com,gambling
genshin-gambling.com,gambling
genshingambling.com,gambling
gentingcasino.com,gambling
gentingcasino4d.com,gambling
gentingcasinos.co.uk,gambling
gentingpoker.com,gambling
genybet.fr,gambling
genzobet63.com,gambling
genzobet8001.com,gambling
georgiacasinos.net,gambling
georgiagamblinghelp.org,gambling
georgiasigmas.com,gambling
germancasinobonuses.com,gambling
germancasinozone.com,gambling
germaniacasino.top,gambling
germanonlinecasinos.com,gambling
germansocialcasino.com,gambling
germany-casino.com,gambling
get-x-casino-games.ru,gambling
get-x-casino-top.ru,gambling
get-x-casino.net,gambling
get-x-casino.ru,gambling
get-x-game-casino.ru,gambling
getcasinodepositbonus.info,gambling
getcasinoreviews.com,gambling
getcryptocasinos.com,gambling
getenhanced.co.in,gambling
getluckycasino.top,gambling
getpaidtocasino.shop,gambling
getslots.top,gambling
getslotscasino.top,gambling
gettopcasinohotelschile.com,gambling
getx-casino1.ru,gambling
getxcasino.org,gambling
gfspdx.com,gambling
gg-bet.me,gambling
gg-bet.org,gambling
gg-bet.pro,gambling
gg-bett.org,gambling
gg-casino.me,gambling
gg.bet,gambling
gg146.bet,gambling
gg199.bet,gambling
gg214.bet,gambling
gg247.bet,gambling
gg248.bet,gambling
gg251.bet,gambling
gg252.bet,gambling
gg254.bet,gambling
gg255.bet,gambling
gg257.bet,gambling
gg258.bet,gambling
gg261.bet,gambling
gg263.bet,gambling
gg265.bet,gambling
gg267.bet,gambling
gg270.bet,gambling
gg281.bet,gambling
gg294.bet,gambling
gg295.bet,gambling
gg305.bet,gambling
gg311.bet,gambling
gg33.org,gambling
ggbbbet.com,gambling
ggbet-24.com,gambling
ggbet-24.net,gambling
ggbet-247.net,gambling
ggbet-canadian.ca,gambling
ggbet-casin0.org,gambling
ggbet-casino-bonus.pw,gambling
ggbet-casino-kz.ru,gambling
ggbet-casino.click,gambling
ggbet-casino.top,gambling
ggbet-esport.com,gambling
ggbet-kazino.info,gambling
ggbet-on.com,gambling
ggbet-online-casino.com,gambling
ggbet-online.club,gambling
ggbet-online.co,gambling
ggbet-online.email,gambling
ggbet-online.org,gambling
ggbet-s.com,gambling
ggbet-stavki.org,gambling
ggbet.expert,gambling
ggbet.media,gambling
ggbet.win,gambling
ggbet1.net,gambling
ggbet10.com,gambling
ggbet11.net,gambling
ggbet24-71.com,gambling
ggbetcasino.click,gambling
ggbetcasino.org,gambling
ggbetcasino.top,gambling
ggbetglobal.com,gambling
ggbets.co,gambling
ggbets.ph,gambling
ggbetz.ph,gambling
ggonline.bet,gambling
ggpokercasino.com,gambling
ggsport.bet,gambling
ghb.org,drugs
ghbkills.com,drugs
gicasino.com.ph,gambling
gift-casino.com,gambling
gift-casinos.com,gambling
gifts-casino.com,gambling
gingamblers.com,gambling
giocatorisocialcasino.com,gambling
giocodigitale.it,gambling
gioocasino.top,gambling
giosocialcasino.com,gambling
gippson.in,gambling
giris-glorycasino.com,gambling
giropaycasino-de.top,gambling
girpasacasino.com,gambling
gjcasinogames.com,gambling
glamencasino.com,gambling
glamourcasinoresorts.com,gambling
glass-pipes-water-bongs.com,drugs
glasspipes.cc,drugs
glenngamble.com,gambling
glimmerbetcasino.com,gambling
glittercasino.site,gambling
glitterslots.com,gambling
global-casino-gaming.com,gambling
global-casinox269.ru,gambling
globalcasino.online,gambling
globalcasinobrand.com,gambling
globalcasinogamble.com,gambling
globalgamblingindustry.com,gambling
globalgamblingsites.com,gambling
globalpoker.com,gambling
globalslots.com,gambling
globalspinscasino.com,gambling
globusbet.com,gambling
glorioussandscasinoa.online,gambling
glory-casino-app.com,gambling
glory-casino-app.net,gambling
glory-casino-bangladesh.com,gambling
glory-casino-games.com,gambling
glory-casino-giris.com,gambling
glory-casino-indir.com,gambling
glory-casino-nedir.com,gambling
glory-casino-of.com,gambling
glory-casino-online-tr.com,gambling
glory-casino-online.com,gambling
glory-casino-profile.com,gambling
glory-casino-tr3.com,gambling
glory-casino-turkiye.com,gambling
glory-casino-yorumlar.com,gambling
glory-casino.biz,gambling
glory-casino.kz,gambling
glory-casino1.xyz,gambling
glory-casino2.xyz,gambling
glory-casino3.xyz,gambling
glory-casinoapp.com,gambling
glorycashcasinos.com,gambling
glorycasino-apk.com,gambling
glorycasino-bd.net,gambling
glorycasino-bd1.com,gambling
glorycasino-bonus.com,gambling
glorycasino-giris-indir-apk.com,gambling
glorycasino-giris-indir.com,gambling
glorycasino-giris-tr1.com,gambling
glorycasino-in.com,gambling
glorycasino-kz.com,gambling
glorycasino-nedir-apk.com,gambling
glorycasino-nedir.com,gambling
glorycasino-online-tr.com,gambling
glorycasino-online.com,gambling
glorycasino-tr.com,gambling
glorycasino-yorumlar.com,gambling
glorycasino.club,gambling
glorycasino.com.tr,gambling
glorycasino.kz,gambling
glorycasino.online,gambling
glorycasino.top,gambling
glorycasino.world,gambling
glorycasino24.online,gambling
glorycasinoapk.com,gambling
glorycasinoapp.download,gambling
glorycasinobonus.top,gambling
glorycasinobonuses.com,gambling
glorycasinogambling.com,gambling
glorycasinoin.com,gambling
glorycasinokz.com,gambling
glorycasinoonline.com,gambling
glorycasinopoker.com,gambling
glorycasinoregistration.com,gambling
glorycasinos-uz.com,gambling
glorycasinos.com,gambling
glorycasinos.org,gambling
glorycasinoz.com,gambling
glorygamblers.com,gambling
glowcasino.info,gambling
gluepaycasino.com,gambling
gmlinteractive.com,gambling
gms-deluxe-casino.net,gambling
gms-deluxecasino.com,gambling
gmsdeluxe-casino.biz,gambling
gmsdeluxe-casino.cam,gambling
gmsdeluxe-casino.ink,gambling
gmsdeluxe-casino.ltd,gambling
gmsdeluxe-casino.one,gambling
gmsdeluxe-casino.pro,gambling
gmsdeluxe-casino.store,gambling
gmsdeluxe-casino.world,gambling
gmslots-casino.best,gambling
gmslots-casino.bid,gambling
gmslots-casino.cam,gambling
gmslots-casino.com,gambling
gmslots-qn.ru,gambling
gmslotscasino.com,gambling
gncasino7.com,gambling
gngcasinosite.com,gambling
go-joycasino.info,gambling
go4millionscasino.com,gambling
goacasino.best,gambling
gobetcasinos.com,gambling
gocaesars.com,gambling
gocasino.com,gambling
gocasinobet.com,gambling
godhiu.vip,gambling
godoggingaustralia.com,gambling
goelangmahjong.com,gambling
gogo77id.forum,gambling
gogocasino-se.com,gambling
gogocasino.com,gambling
gogocasino.one,gambling
gojackpot-casino.me,gambling
gokjewagen.nl,gambling
gokken138casino.com,gambling
gokkencasinos.com,gambling
gold-casino.club,gambling
gold-casino.online,gambling
gold-casinos.com,gambling
gold-casinos.vip,gambling
gold-casinoz.net,gambling
gold-casinoz.top,gambling
gold-online-casinos.com,gambling
gold99casino.me,gambling
goldbetcasino.top,gambling
goldcasino-link.com,gambling
goldcasino.in,gambling
goldcasinobonus.ru,gambling
goldcasinomoney.ru,gambling
goldcasinos.club,gambling
goldcasinos.net,gambling
goldcasinos.org,gambling
goldcasinousd.ru,gambling
goldcasinowin.ru,gambling
goldcasinoz.club,gambling
goldcasinoz.top,gambling
goldclubcasino.com,gambling
goldcoastcasino.com,gambling
golden-casino.ru,gambling
golden-casinoz.xyz,gambling
golden-crown-casino-australia.com,gambling
golden-palacecasino.com,gambling
golden-tigercasino.com,gambling
goldenbetcasino.es,gambling
goldenbetcasino.se,gambling
goldenbetcasinos.com,gambling
goldenbets.com.ve,gambling
goldenboycasino.com,gambling
goldencasino.cz,gambling
goldencasinob.store,gambling
goldencasinobonuses.com,gambling
goldencasinonews.com,gambling
goldencasinos.co,gambling
goldencherryonlinecasino.com,gambling
goldenchipscasino.com,gambling
goldencoastcasino.com,gambling
goldencrown-casino.com,gambling
goldencrowncasino.com,gambling
goldencrowncasino.live,gambling
goldencrowncasino.top,gambling
goldencrowncasino1.com,gambling
goldencrowncasino2.com,gambling
goldencrowncasino3.com,gambling
goldencrowncasino4.com,gambling
goldencrowncasino5.com,gambling
goldencrowncasino6.com,gambling
goldencrowncasino8.com,gambling
goldencrowncasinoau.com,gambling
goldeneurocasinocouponcode.com,gambling
goldengambler.com,gambling
goldengatecasino.com,gambling
goldengatecasinoc.online,gambling
goldengeniecasino.uk,gambling
goldenjeux.net,gambling
goldenlioncasino.co.uk,gambling
goldenlioncasino.net,gambling
goldenlioncasino.org,gambling
goldenlioncasino.top,gambling
goldenlioncasinoonline.com,gambling
goldennuggetcasino.com,gambling
goldenpalacenv.com,gambling
goldenpalacepoker.com,gambling
goldenpharaohcasino.uk,gambling
goldenpokiescasino1.com,gambling
goldenreefcasino.ca,gambling
goldenreefcasino.com,gambling
goldenreefcasino.top,gambling
goldenrivieracasino.com,gambling
goldenrivierapoker.com,gambling
goldenscrowncasino.com,gambling
goldenseed.co.uk,drugs
goldenstar-casino.com,gambling
goldenstar-casino35.com,gambling
goldenstar-casino36.com,gambling
goldenstarcasino.co.com,gambling
goldenstarcasino.top,gambling
goldentiger.casino,gambling
goldentigercasino.com,gambling
goldentigercasino.top,gambling
goldentigerpoker.com,gambling
goldentoto.com,gambling
goldenvegas.be,gambling
golder-casinoz.xyz,gambling
goldercasinos.xyz,gambling
goldercasinoz.xyz,gambling
goldertigercasino.ca,gambling
goldfishka-casino-official.com,gambling
goldfishka-casino.co,gambling
goldfishka-casino.group,gambling
goldfishka-casino.info,gambling
goldfishka-casino.pro,gambling
goldfishka182.com,gambling
goldfishka183.com,gambling
goldfishka184.com,gambling
goldfishka185.com,gambling
goldfishka186.com,gambling
goldfishka187.com,gambling
goldfishka188.com,gambling
goldfishka189.com,gambling
goldfishka190.com,gambling
goldfishka191.com,gambling
goldfishka192.com,gambling
goldfishka193.com,gambling
goldfishka194.com,gambling
goldfishka201.com,gambling
goldfishka203.com,gambling
goldfishka204.com,gambling
goldfishka205.com,gambling
goldfishka206.com,gambling
goldfishka207.com,gambling
goldfishka208.com,gambling
goldfishka211.com,gambling
goldfishka212.com,gambling
goldfishka214.com,gambling
goldfishka215.com,gambling
goldfishka239.com,gambling
goldfishka240.com,gambling
goldfishka241.com,gambling
goldfishka242.com,gambling
goldfishka243.com,gambling
goldfishka244.com,gambling
goldfishka245.com,gambling
goldfishka246.com,gambling
goldfishka247.com,gambling
goldfishka248.com,gambling
goldfishka249.com,gambling
goldfishka251.com,gambling
goldfishka252.com,gambling
goldfishka253.com,gambling
goldfishka254.com,gambling
goldfishka266.com,gambling
goldfishka267.com,gambling
goldfishka268.com,gambling
goldfishka328.com,gambling
goldfishka329.com,gambling
goldfishkacasino.click,gambling
goldfortunecasino.com,gambling
goldhorsecasinoreview.ca,gambling
goldi-casino.xyz,gambling
goldi-casinos.xyz,gambling
goldingcasinos.xyz,gambling
goldis-casino.xyz,gambling
goldiscasinos.xyz,gambling
goldiscasinoz.xyz,gambling
goldmancasino.com,gambling
goldminecasino.com,gambling
goldruncasino.com,gambling
goldruncasino.com.br,gambling
goldruncasino.nl,gambling
goldruncasino.top,gambling
golds-casinos.top,gambling
golds-casinoz.xyz,gambling
goldscasinoz.xyz,gambling
goldslots.website,gambling
goldstarcasino.com,gambling
goldstrikecasino.com,gambling
goldsvetcasino.com,gambling
goldtoto.com,gambling
goldwincasino.co.uk,gambling
goldwincasino.top,gambling
goldwincasino1.com,gambling
goldy-casinos.xyz,gambling
goldycasinos.com,gambling
goldycasinoz.xyz,gambling
goldys-casino.xyz,gambling
goldyscasino.xyz,gambling
goldyscasinos.xyz,gambling
golennuggetcasino.com,gambling
gomaneh.com,gambling
gomontecryptos7.com,gambling
gonegambling.com,gambling
gonjcasinos.com,gambling
gonzoscasino.club,gambling
goodcasino.com,gambling
goodcasinos.org,gambling
goodmancasino.org,gambling
goodmancasino.top,gambling
goodwin-casino.lol,gambling
goodwincasinos.com,gambling
google-pay-casinos.in,gambling
googlepaycasinos-ca.top,gambling
googlepaycasinos-ru.top,gambling
googlepaycasinos-uk.top,gambling
googlepaycasinos.nz,gambling
gopay-casinovklad-cz.top,gambling
goperya-casino.me,gambling
goralbet.com,gambling
gordonsonblueberryhill.com,gambling
gorilla-casino-official1.ru,gambling
gorilla-casino-zerkalo1.ru,gambling
gorilla-casino-zerkalo2.ru,gambling
gorilla-casino-zerkalo5.ru,gambling
gorillacasino-best.com,gambling
gorillacasino-first.com,gambling
gospincasino.com,gambling
got-fresh-casino.top,gambling
gotcasino77.com,gambling
gothamcitygrandcasino.com,gambling
gotoeucasino.com,gambling
gotoponlinecasinos.com,gambling
gougou88sgonlinecasino.xyz,gambling
goxbetcasino.info,gambling
goxbetcasino.top,gambling
gpaycasino-de.top,gambling
grabbercasino.info,gambling
gracecasino.info,gambling
grafcasino.com,gambling
graine-cannabis-feminisees.eu,drugs
graine-cannabis.net,drugs
grainedecannabis.com,drugs
graines-de-beuh.com,drugs
graines-de-cannabis.com,drugs
grainescannabis.com,drugs
grainescannabis.net,drugs
grainesdecana.net,drugs
grainesdecannabis.fr,drugs
grainesdecannabis.net,drugs
grainesdemarijuana.fr,drugs
grainful.com,gambling
granatcasino.com,gambling
grancasino.top,gambling
grand-casino.com,gambling
grand-casino.org,gambling
grand-casino.wiki,gambling
grand-casino7.ru,gambling
grand-casinoyou.com,gambling
grand-fortune-casino.com,gambling
grand-mondial-casino.ca,gambling
grand-onlinecasino.com,gambling
grandcasino-2021.org,gambling
grandcasino.email,gambling
grandcasino.ink,gambling
grandcasino.pro,gambling
grandcasino.store,gambling
grandcasino.world,gambling
grandcasinobaden.ch,gambling
grandcasinobliss.com,gambling
grandcasinoluzern.ch,gambling
grandcasinomn.com,gambling
grandcasinotables.com,gambling
grandcentralcasinos.com,gambling
grandeaglecasino.top,gambling
grandeprairieaccountants.ca,gambling
grandevegascasino.com,gambling
grandevegascasino.top,gambling
grandfallscasinoresort.com,gambling
grandhotelcasino.com,gambling
grandjeu-cdiscount-casino.com,gambling
grandmaster-casino.net,gambling
grandmaster-casino.org,gambling
grandmondial-casino.top,gambling
grandmondial.casino,gambling
grandmondial.com,gambling
grandonline.com,gambling
grandpashacasinobet.com,gambling
grandrushcasino.click,gambling
grandrushcasino.top,gambling
grandrushcasinoau.com,gambling
grandscasinos.com,gambling
grandvictoriacasino.com,gambling
grandviewproducts.com,gambling
grandvillacasino.com,gambling
grandwildcasino.top,gambling
grandz-casino.com,gambling
grasscity.com,drugs
grassthemovie.com,drugs
gratis-casino-spiele.de,gambling
gratis-casinospel.com,gambling
gratiscasinon.org,gambling
gratiscasinos.nl,gambling
gratisgokkasten.nl,gambling
gratispokergeld.nl,gambling
gratisspelcasino.se,gambling
gratonresortcasino.com,gambling
gratorama-casino.com,gambling
gratoramacasino.be,gambling
gratoramacasino.org,gambling
gratowin-casino.com,gambling
gratowin-casino.fr,gambling
gratowincasino.org,gambling
gratowincasino.top,gambling
grattage.com,gambling
grayarea.com,drugs
greasemonkey.8k.com,drugs
great-onlinecasino.com,gambling
greatcasinobonus.ca,gambling
greatcasinonlinesa.com,gambling
greatcasinooffers.net,gambling
greatcasinoprize.co.uk,gambling
greatcasinoscanada.com,gambling
greatcasinospins.co.uk,gambling
greatestcasinos.net,gambling
greatfulhead.com,drugs
greatnorthcasinos.com,gambling
greatnortherncasino.net,gambling
greatwaygambling.net,gambling
greatwin-casino.top,gambling
greatwincasino.top,gambling
greece-casinos.com,gambling
greeceonlinecasino.com,gambling
greeklegalhistory.com,gambling
greekonlinecasinos.com,gambling
greektowncasino.com,gambling
green-growing.de,drugs
green.incredishop.com,drugs
green8.ch,drugs
greenhouseminis.com,gambling
greenhygienicsholdings.com,gambling
greenmanspage.com,drugs
greenplaycasino.top,gambling
greenspincasino.com,gambling
greetingsfromfunner.com,gambling
greyeagleresortandcasino.ca,gambling
grgncasino.com,gambling
grhellskitchenlaketahoe.com,gambling
griffoncasino.top,gambling
griffoncasinobonus.com,gambling
griffoncasinoonline.com,gambling
grilcasino.xyz,gambling
grindloungecasino.com,gambling
grindloungecasino.org,gambling
grokcasino.info,gambling
grosvenor-casino-uk.com,gambling
grosvenorcasinos.com,gambling
groundcasino.info,gambling
groupe-casino.com,gambling
grovescasinogames.com,gambling
growadvice.com,drugs
growgamble.com,gambling
growkind.com,drugs
growshopalien.com,drugs
growthcasino.info,gambling
grupo757.net,gambling
grupocordialito.com,gambling
gruv.io,gambling
gscasino88.com,gambling
gsop.info,gambling
gth2023.org,gambling
guapoin.com,gambling
guatotal.com,gambling
guestlistbingo.com,gambling
guffygambling.com,gambling
guiacasino.com,gambling
guide-blackjack.com,gambling
guide-casino.com,gambling
guide2casino.com,gambling
guide4blackjack.com,gambling
guidecasinos.ca,gambling
guidetilcasino.dk,gambling
guidetilcasinoregler.dk,gambling
guidetilcasinospil.dk,gambling
guidetoonlinecasinogambling.com,gambling
guidetoroyalcasino.com,gambling
gulfcasino.info,gambling
gumbetcasino.com,gambling
gumbetcasino50.com,gambling
guncelcasinolevant.com,gambling
guncelcasinositeleri.com,gambling
guncelcasinositeleri.xyz,gambling
guncelgiriscasinoprom.com,gambling
gunlakecasino.com,gambling
gurucasino-2023.win,gambling
gurucasinotop10-2023.win,gambling
gurucasinotop15-2023.win,gambling
gurucasinotop18-2023.win,gambling
gurucasinotop267-2023.win,gambling
gurugambling.es,gambling
guruscasino.info,gambling
gurutracker.com,gambling
gute-online-casinos.net,gambling
gutscasino.top,gambling
guvenilircasino-siteleri.com,gambling
guvenilircasino.net,gambling
guvenilircasinorehberi.com,gambling
guvenilircasinositesi.net,gambling
gwcasinopokies.com,gambling
gxmblecasino.uk,gambling
gypsycasino.net,gambling
h3casino.com,gambling
habanerocasino.com,gambling
habitcasino.info,gambling
hacecasino.com,gambling
hack-legzo-casino.ru,gambling
hack-legzocasino.ru,gambling
hackcasino.xyz,gambling
hacksawgaming.com,gambling
haha-777-casino.me,gambling
haha178hk.com,gambling
haiticasino.club,gambling
halaplay.com,gambling
hamcasinos.com,gambling
hamptonbeachcasino.xyz,gambling
hancasinos.com,gambling
handycasinos.net,gambling
handycasinos24.com,gambling
handycasinospiele.net,gambling
handycasinozone.com,gambling
hanfblatt.de,drugs
hanfparade.ch,drugs
hangambling.kr,gambling
hantuslotwow.com,gambling
happinessisagamble.com,gambling
happyacecasino.app,gambling
happyacecasino.live,gambling
happycasino.net,gambling
happyhappy88casino.com,gambling
happyhugo.com,gambling
happyhugocasino.top,gambling
happypipes.com,drugs
happyslots.com,gambling
hardrockblackjack.com,gambling
hardrockcasino.nl,gambling
hardrockcasinolaketahoe.com,gambling
hardrockcasinosiouxcity.com,gambling
hardrockcasinotulsa.com,gambling
hardrockcasinovancouver.com,gambling
hardrockhotelcasinolasvegas.com,gambling
hardrocksocialcasino.com,gambling
harmreduction.org,drugs
harrahs-premier.com,gambling
harrahs-stlouis.com,gambling
harrahs-vip.com,gambling
harrahs.com,gambling
harrahsakchinoffers.com,gambling
harrahsbenefitsnow.com,gambling
harrahscherokee.net,gambling
harrahsfoundation.com,gambling
harrahsfultonstreet.com,gambling
harrahslaughlin.net,gambling
harrahsnotifications.com,gambling
harrahsofphiladelphia.com,gambling
harrahsofphilly.com,gambling
harrahsonlineslots.com,gambling
harrahsphillytzh.com,gambling
harrahsphillyvn.com,gambling
harrahsplayapart.com,gambling
harrahspollonline.com,gambling
harrahsroadtrip.com,gambling
harrahssocal.com,gambling
harrahsthepoolafterdark.com,gambling
harrahswinningtogether.com,gambling
harrahswsop.us,gambling
hasj.nl,drugs
hatyaicasino.com,gambling
haveabucket.com,drugs
hawaicasino.com,gambling
hawaiiancasino.com,gambling
hawkplay-casino.net,gambling
hawkplay-casino.ph,gambling
hawkplay.org,gambling
hawkplaycasino.com,gambling
haz-casino.top,gambling
hazard.com,drugs
hazcasino.click,gambling
hazcasino.com,gambling
hazcasino.top,gambling
hazcasino.world,gambling
healthlottery.co.uk,gambling
heapofwinscasino.com,gambling
heavyhitterscasino.com,gambling
hectorcasino.com,gambling
hedweb.com,drugs
heeloffortunecasino.com,gambling
hell-spin-casino-au.com,gambling
hell-spincasino.top,gambling
hellcase.com,gambling
hellocasino.com,gambling
hellocasino.top,gambling
hellspincasino.click,gambling
hellspincasino.top,gambling
helmicasino.top,gambling
help.satis.fi,gambling
hemp-products.org,drugs
hemp.com,drugs
hemperium.net,drugs
hempstar.co.uk,drugs
herabetcasino.com,gambling
heracasinosite.com,gambling
herbalcantera.net,drugs
herbalsmokeshop.com,drugs
herbalsmokeshops.com,drugs
herbiceps.com,gambling
herbsmoke.com,drugs
herehotelswithcasino.com,gambling
heroinhelper.com,drugs
herointimes.com,drugs
herrycasinopoker.site,gambling
heycasinoapp.online,gambling
hg88-resmi.com,gambling
hgonline.net,gambling
hi88casino.org,gambling
hialeahparkcasino.com,gambling
hiboardwalk.com,gambling
hiddencasino.id,gambling
hideawaycasino.xyz,gambling
high-land.co.uk,drugs
high-roller-casinos.com,gambling
high-supplies.com,drugs
high5casino.com,gambling
highcasino.site,gambling
highcountrycasino.com,gambling
highestpayoutonlinecasino.net,gambling
highestratedcasinos.shop,gambling
highestrtpcasino.se,gambling
highganja-photos.fr.st,drugs
highheelsbingo.com,gambling
highlife.nl,drugs
highmoneycasinos.com,gambling
highqualityseeds.nl,drugs
highrollercasino.ag,gambling
highrollercasino.com,gambling
highrollercasino.nu,gambling
highrollercasino.top,gambling
highrollercasinon.org,gambling
highrollerdatelv.com,gambling
highrollerdates.com,gambling
highrollerweddingslv.com,gambling
highrollerwheelweddings.com,gambling
highstake-casinos.co.uk,gambling
hightimes.com,drugs
highway-casino.com,gambling
highway-casino.net,gambling
highwaycasinoau1.com,gambling
hilarionbet264.com,gambling
hilarionbet266.com,gambling
hilarionbet267.com,gambling
hillocasino.net,gambling
hiltonbet1112.com,gambling
hiltonbet1114.com,gambling
hiltonbet1115.com,gambling
hiltonbet1116.com,gambling
hiltonbet1117.com,gambling
hiltonbet1118.com,gambling
hiltonbet1119.com,gambling
hiltonbet1120.com,gambling
hiltonbet1123.com,gambling
hiltonbet1124.com,gambling
hiltonbet1125.com,gambling
hiltonbet1126.com,gambling
hiltonbet1127.com,gambling
hiltonbet1129.com,gambling
hiltonbet1130.com,gambling
hiltonbet1131.com,gambling
hiltonbet1132.com,gambling
hiltonbet1138.com,gambling
hipercasino029.com,gambling
hipercasino066.com,gambling
hipercasino090.com,gambling
hipercasino104.com,gambling
hipercasino214.com,gambling
hipercasino243.com,gambling
hipercasino268.com,gambling
hipercasino291.com,gambling
hipercasino310.com,gambling
hipercasino320.com,gambling
hipercasino324.com,gambling
hipercasino339.com,gambling
hipercasino345.com,gambling
hipercasino434.com,gambling
hipercasino537.com,gambling
hipercasino554.com,gambling
hipercasino678.com,gambling
hipercasino741.com,gambling
hipercasino768.com,gambling
hipercasino772.com,gambling
hipercasino773.com,gambling
hipercasino779.com,gambling
hipercasino781.com,gambling
hipercasino842.com,gambling
hipercasino920.com,gambling
hipercasino946.com,gambling
hipercasinobonus.com,gambling
hipercasinocanlicasino.com,gambling
hipercasinogiris.com,gambling
hipercasinogiris.net,gambling
hipercasinogiris.org,gambling
hipercasinositesi.com,gambling
hipercasinouyelik.com,gambling
hipodromosanisidro.com,gambling
hippodromecasino.com,gambling
hitcasino.top,gambling
hitclubcasino.com,gambling
hititandspinithorseshoe.com,gambling
hittheroadtoharrahs.com,gambling
hizlicasino.co,gambling
hizlicasinobonus.com,gambling
hkcasino365.com,gambling
hkcasinoonline.com,gambling
hmcasinosargentina.com,gambling
hmcasinoscuba.com,gambling
hmcasinosnicaragua.com,gambling
hmcasinosperu.com,gambling
hmcasinospuertorico.com,gambling
hmcasinosrwanda.com,gambling
hmcasinosschweiz.com,gambling
hmcasinosvenezuela.com,gambling
hobbitcasino.com,gambling
hofmann.org,drugs
hoher-gewinnchance-casinos.com,gambling
hokijudi99.com,gambling
hokitogel.com,gambling
hold-em-poker.com,gambling
hold-em-poker.eu,gambling
holdemweb.com,gambling
holdemweb.net,gambling
holland-casino.click,gambling
hollandcasino.nl,gambling
hollandslivecasino.nl,gambling
hollywoodcasinoampstlouis.com,gambling
hollywoodcasinoaurora.com,gambling
hollywoodcasinobangor.com,gambling
hollywoodcasinocharlestown.com,gambling
hollywoodcasinojoliet.com,gambling
hollywoodcasinokansas.com,gambling
hollywoodcasinostlouis.com,gambling
hollywoodcasinotoledo.com,gambling
hollywoodonlinecasino.com,gambling
holobet.com,gambling
holymolycasinos.com,gambling
holymolycasinos.de,gambling
holymolycasinos.net,gambling
holymolycasinosaustralia.com,gambling
holymolycasinosbotswana.com,gambling
holymolycasinoscameroon.com,gambling
holymolycasinosjamaica.com,gambling
holymolycasinosskn.com,gambling
holymolycasinostat.com,gambling
homedistiller.org,drugs
homemadedrugs.net,drugs
homeofreels.com,gambling
homepokergames.com,gambling
homepokertourney.com,gambling
hommersoncasino.nl,gambling
hommersoncasino.top,gambling
hondajester.com,gambling
hondaorient.com,gambling
honest-casinos.com,gambling
honeysotslots2024.online,gambling
hooliganweb.com,gambling
hoopcasino.com,gambling
hooterscasinohotel.com,gambling
hopa-casino.top,gambling
hopacasino.top,gambling
horseshoecareerssi.com,gambling
horseshoeonline.com,gambling
horus-casino.com,gambling
horus-casino.space,gambling
horuscasino.com,gambling
horuscasino.top,gambling
hot-646-casino.me,gambling
hot-casinox808.ru,gambling
hot646casino.me,gambling
hot646casino.net,gambling
hotbetcasino.top,gambling
hotcasinoonline.info,gambling
hotcasinos.com,gambling
hotel-casinobestchoice.com,gambling
hotel-casinoblack.com,gambling
hotel-casinocall24.com,gambling
hotel-casinodemis.com,gambling
hotel-casinol1st.com,gambling
hotel-casinoleo.com,gambling
hotel-casinolist724.com,gambling
hotel-casinoloft.com,gambling
hotel-casinomimosa.com,gambling
hotel-casinonewtime.com,gambling
hotel-casinorewa.com,gambling
hotel-casinosunday.com,gambling
hotel-casinotop-world.com,gambling
hotelajaib.com,gambling
hotelambassador.co.in,gambling
hotelcasinoduparc.fr,gambling
hotelcasinolisttop.com,gambling
hotelcasinoscanada.com,gambling
hotelcasinoslists.com,gambling
hotelcasinothetop.com,gambling
hotelcasinotopilist.com,gambling
hotelcasinotopofthelist.com,gambling
hotellist247-casino.com,gambling
hotels-casino-vacation.com,gambling
hotels-with-casino.com,gambling
hotelstopcasino.com,gambling
hotelswithcasino24.com,gambling
hoteltopcasinolist.com,gambling
hotelwithcasinoappartment.com,gambling
hotlinecasino.vip,gambling
hotlinecasino16.com,gambling
hotlinecasino17.com,gambling
hotlinecasino18.com,gambling
hotlinecasino19.com,gambling
hotluckgambling.net,gambling
hotpokerbonus.com,gambling
hotslotsreviews.com,gambling
hotwatercasino.com,gambling
hotwinscasino.co.uk,gambling
houseoffun.com,gambling
houseofjack-casino.house,gambling
houseofjackcasino.online,gambling
houseofjackonlinecasino.com,gambling
houseoftoto.com,gambling
houseparty-gambling.com,gambling
houston-gamblers.com,gambling
houstongamblingproblem.com,gambling
hovarda1.com,gambling
hovarda10.com,gambling
hovarda11.com,gambling
hovarda12.com,gambling
hovarda14.com,gambling
hovarda15.com,gambling
hovarda16.com,gambling
hovarda17.com,gambling
hovarda18.com,gambling
hovarda182.com,gambling
hovarda19.com,gambling
hovarda2.com,gambling
hovarda22.com,gambling
hovarda23.com,gambling
hovarda26.com,gambling
hovarda27.com,gambling
hovarda272.com,gambling
hovarda274.com,gambling
hovarda29.com,gambling
hovarda3.com,gambling
hovarda30.com,gambling
hovarda31.com,gambling
hovarda32.com,gambling
hovarda33.com,gambling
hovarda34.com,gambling
hovarda37.com,gambling
hovarda39.com,gambling
hovarda4.com,gambling
hovarda40.com,gambling
hovarda41.com,gambling
hovarda42.com,gambling
hovarda44.com,gambling
hovarda46.com,gambling
hovarda5.com,gambling
hovarda6.com,gambling
hovarda64.com,gambling
hovarda69.com,gambling
hovarda7.com,gambling
hovarda70.com,gambling
hovarda8.com,gambling
hovarda8002.com,gambling
hovarda82.com,gambling
hovarda9.com,gambling
how-to-cheat-the-casinos.com,gambling
howcasino.xyz,gambling
howlerband.com,gambling
howtobeatthecasinos.com,gambling
howtocasinowin.shop,gambling
howzat.com,gambling
hppdonline.com,drugs
hpybet.de,gambling
hrvatskionlinecasino.com,gambling
hrwager.ag,gambling
hubcasino.site,gambling
hubgambling.com,gambling
huffingtonpost.thirdmetriclive.com,gambling
hufrajawali55.com,gambling
hugebonuscasinos.com,gambling
huhubet511.com,gambling
huhubet516.com,gambling
huhubet518.com,gambling
huhubet520.com,gambling
huhubet521.com,gambling
huhubet555.com,gambling
huicetimecasinobet.shop,gambling
huikeecasino.top,gambling
huisvoordeelblackjack.nl,gambling
hurma-sol-casino22.com,gambling
hustlercasino.com,gambling
hutcasino.xyz,gambling
huuuge.cloud,gambling
huuuge.net,gambling
hybridblackjackgame.com,gambling
hydraulicproducts.co.in,gambling
hydron-casino.cc,gambling
hydroponicsonline.com,drugs
hyggecasino.dk,gambling
hype-casino-zerkalo.space,gambling
hype-casino.org,gambling
hype-casino.space,gambling
hype-casino17.shop,gambling
hype-casino304.xyz,gambling
hype-casino403.xyz,gambling
hype-casino445.xyz,gambling
hype-casino499.xyz,gambling
hype-casino546.xyz,gambling
hype-casino554.xyz,gambling
hype-casino655.xyz,gambling
hype-casino663.xyz,gambling
hype-casino7.shop,gambling
hype-casino777.xyz,gambling
hype-casino8.xyz,gambling
hype-casino878.xyz,gambling
hypeampcasino.ru,gambling
hypebet.live,gambling
hypecasino.vip,gambling
hypecasino24.net,gambling
hypecasinozerkalo.online,gambling
hypecasinozerkalo.top,gambling
hypedrop.com,gambling
hypercasino.com,gambling
hyperinocasino.top,gambling
i-1xslots486.ru,gambling
i-ggbet.com,gambling
i-online-casino.org,gambling
i8mycasino.com,gambling
ialottery.com,gambling
ialotteryblog.com,gambling
ialotteryvip.com,gambling
ibeginagain.org,drugs
ibetcasino.com,gambling
ibetcasino.top,gambling
ibogaine-research.org,drugs
ibogaine.co.uk,drugs
ibogaine.desk.nl,drugs
ibogaine.org,drugs
ibogatherapy.org,drugs
icaesar.com,gambling
icasino247.com,gambling
icasino247vip.com,gambling
icasinobalkan.com,gambling
icasinodirectory.com,gambling
icasinomm.website,gambling
icasinononaams.net,gambling
icasinoreviews.co.nz,gambling
icasinoreviews.info,gambling
ice-casino-bonus.at,gambling
ice-casino-bonus.co,gambling
ice-casino-bonus.gr,gambling
ice-casino-bonus.lv,gambling
ice-casino-bonus.pl,gambling
ice-casino-deutschland.de,gambling
ice-casino-deutschland.world,gambling
ice-casino-gr.com,gambling
ice-casino-logowanie.pl,gambling
ice-casino-lt.top,gambling
ice-casino-online.com,gambling
ice-casino-online.de,gambling
ice-casino-peru.top,gambling
ice-casino-play.com,gambling
ice-casino-ro.com,gambling
ice-casino-si.top,gambling
ice-casino.ca,gambling
ice-casino.click,gambling
ice-casino.com.mx,gambling
ice-casino.com.pl,gambling
ice-casino.cz,gambling
ice-casino.dk,gambling
ice-casino.es,gambling
ice-casino.ie,gambling
ice-casino.it,gambling
ice-casino.lt,gambling
ice-casino.lv,gambling
ice-casino.online,gambling
ice-casino.ro,gambling
ice-casino.se,gambling
ice-casino.sk,gambling
ice-casino.top,gambling
ice-casino.uk,gambling
ice-casino.uno,gambling
ice-casino.world,gambling
ice-casino34.com,gambling
ice777casino.com,gambling
icebetcasino.top,gambling
icecasino-ar.top,gambling
icecasino-argentina.top,gambling
icecasino-at.online,gambling
icecasino-at.top,gambling
icecasino-bg.top,gambling
icecasino-bonus.click,gambling
icecasino-bonus.ro,gambling
icecasino-bonus.sk,gambling
icecasino-bonus.top,gambling
icecasino-bonus.world,gambling
icecasino-br.online,gambling
icecasino-brasil.click,gambling
icecasino-bulgary.top,gambling
icecasino-ca.top,gambling
icecasino-canada.top,gambling
icecasino-co.top,gambling
icecasino-colombia.top,gambling
icecasino-cz.com,gambling
icecasino-cz.top,gambling
icecasino-czechia.top,gambling
icecasino-deutschland.top,gambling
icecasino-dk.com,gambling
icecasino-ee.top,gambling
icecasino-eesti.top,gambling
icecasino-finland.top,gambling
icecasino-gr.top,gambling
icecasino-greece.gr,gambling
icecasino-greece.top,gambling
icecasino-hu.click,gambling
icecasino-hu.online,gambling
icecasino-hu.top,gambling
icecasino-latvia.top,gambling
icecasino-lt.com,gambling
icecasino-lt.top,gambling
icecasino-lv.com,gambling
icecasino-lv.top,gambling
icecasino-mx.top,gambling
icecasino-no.top,gambling
icecasino-norway.top,gambling
icecasino-opinie.online,gambling
icecasino-pe.top,gambling
icecasino-peru.top,gambling
icecasino-pl.click,gambling
icecasino-poland.online,gambling
icecasino-polska.top,gambling
icecasino-portugal.top,gambling
icecasino-pt.top,gambling
icecasino-ro.click,gambling
icecasino-ro.top,gambling
icecasino-romania.top,gambling
icecasino-si.com,gambling
icecasino-sk.com,gambling
icecasino-sk.top,gambling
icecasino-slovenia.top,gambling
icecasino-sweden.com,gambling
icecasino.click,gambling
icecasino.co.cz,gambling
icecasino.com,gambling
icecasino.com.br,gambling
icecasino.com.hr,gambling
icecasino.com.pe,gambling
icecasino.com.ro,gambling
icecasino.com.tr,gambling
icecasino.nz,gambling
icecasino.si,gambling
icecasino.space,gambling
icecasino.top,gambling
icecasino.uno,gambling
icecasino17.com,gambling
icecasino24.com,gambling
icecasino33.com,gambling
icecasino55.com,gambling
icecasino58.com,gambling
icecasino612.com,gambling
icecasino613.com,gambling
icecasino73.com,gambling
icecasino731.com,gambling
icecasino732.com,gambling
icecasino735.com,gambling
icecasino793.com,gambling
icecasino797.com,gambling
icecasino798.com,gambling
icecasino799.com,gambling
icecasinobelgium.top,gambling
icecasinobonus-cz.top,gambling
icecasinobonus.at,gambling
icecasinobonus.ca,gambling
icecasinobonus.cl,gambling
icecasinobonus.click,gambling
icecasinobonus.co,gambling
icecasinobonus.cz,gambling
icecasinobonus.gr,gambling
icecasinobonus.lv,gambling
icecasinobonus.top,gambling
icecasinobonus.world,gambling
icecasinobonuses.com,gambling
icecasinodeutschland.click,gambling
icecasinodeutschland.de,gambling
icecasinodeutschland.online,gambling
icecasinologowanie.pl,gambling
icecasinoonline.pl,gambling
icecasinoromania.com,gambling
iceccasino.pl,gambling
icmag.com,drugs
icrms2022.org,gambling
idamankumaju.com,gambling
idamanqq.com,gambling
idealcasino-us.top,gambling
idealecasinos.nl,gambling
idebit-casino-ca.top,gambling
idebit-casino.top,gambling
idice.io,gambling
idmu.co.uk,drugs
idr77id.am.in,gambling
idr89v18.com,gambling
idrcasino.cc,gambling
iforbet.pl,gambling
ifortuna.cz,gambling
ig247slots.club,gambling
ig247slots.com,gambling
ig247slots.net,gambling
ig247slots.org,gambling
ig247slots.site,gambling
ig247slots.xyz,gambling
igamble-247.xyz,gambling
igamble247.com,gambling
igamble247.vip,gambling
igamble247fun.xyz,gambling
igamble247pink.net,gambling
igamble247pro.com,gambling
igamblebigwin.org,gambling
igambledua47.xyz,gambling
igamblee247.us,gambling
igamblefun.cc,gambling
igamblemantap.top,gambling
igamblepro.xyz,gambling
igambler.org,gambling
igamblespin.live,gambling
igamblespin.xyz,gambling
igambletop.xyz,gambling
igamblewin.us,gambling
igamblingcasinos.com,gambling
igamblingdirectory.com,gambling
igamblingstar.com,gambling
igmslotss247.us,gambling
ignicasino.com,gambling
ignition.casino,gambling
ignitioncasino.ac,gambling
ignitioncasino.co,gambling
ignitioncasino.eu,gambling
ignitioncasino.fun,gambling
igrat-casino1.net,gambling
igrovieavtomaty-casino.com,gambling
igrovyie-avtomaty-joycasino.xyz,gambling
igslots247.xyz,gambling
igtlottery.it,gambling
igucasino.com,gambling
ijogocasino1.com,gambling
ikibu.com,gambling
ilc.ca,gambling
iledecasino-france.com,gambling
iledecasino.online,gambling
iledecasino.top,gambling
ilixium-casino-nz.top,gambling
illegalworld.com,drugs
illinoiscasinos.net,gambling
illinoisgambler.com,gambling
illinoislottery.com,gambling
ilove-casino.com,gambling
ilove-casino.pro,gambling
ilove-casino.top,gambling
ilove-casino.win,gambling
ilove-casinos.pro,gambling
ilove-casinos.top,gambling
ilovebacon.com,gambling
iloveonlinecasinos.com,gambling
iloves-casino.pro,gambling
iloves-casino.top,gambling
ilowercasino.online,gambling
iluckicasino.top,gambling
im-gambler.com,gambling
imaddicttogambling.com,gambling
imbacasino.com,gambling
imbatest3.cc,gambling
img.sky-peace.com,gambling
imiglioricasinoonline.net,gambling
imoneyslots.com,gambling
impactsofgambling.com,gambling
imperatorcasino.online,gambling
imperatorcasino.rocks,gambling
imperialcasino.com,gambling
imperialcasinos.uk,gambling
imperialpoker.com,gambling
imperija-casino.me,gambling
impexwine.com,gambling
in-mostbet-casino.com,gambling
inatogel.com,gambling
inbelhist.org,gambling
inbetcasino.top,gambling
inboot.me,dangerous_material
inc-ashino-casino.online,gambling
inceptioncasino.com,gambling
inclave-casino-list.com,gambling
inclave-casino.com,gambling
inclave-casino.net,gambling
inclave-casino.org,gambling
inclave-casinos.net,gambling
inclavecasino.net,gambling
inclavecasino.online,gambling
inclavecasino.org,gambling
inclavecasinol.ist,gambling
incognitocasino.ltd,gambling
incorporatedcasino.info,gambling
indbetcasino.com,gambling
indexbetting.net,gambling
indiacasino.io,gambling
indiacasinoapps.com,gambling
indiacasinoclub.org,gambling
indiacasinoinfo.com,gambling
indiasocialslots.com,gambling
indocasinobet.com,gambling
indocasinoslot.net,gambling
infernoslots.online,gambling
infinitygambling.com,gambling
info-1win-casino.ru,gambling
info-casino-bn.com,gambling
info-vavada-casino.com,gambling
infobarre.perso.sfr.fr,gambling
infocasino-x.ru,gambling
infocasino.it,gambling
infocasino77.id,gambling
infokipas.cloud,gambling
infolivecasino.com,gambling
infos-casino.com,gambling
inhalants.org,drugs
inipoker.com,gambling
inkabet-casino.top,gambling
inkabet.pe,gambling
inkabetcasino.click,gambling
inkabetcasino.top,gambling
insanecasino.info,gambling
insidecasinodeals.com,gambling
inspectorcasino.com,gambling
inspiringourworld.com,gambling
instacashcasino.com,gambling
instadebit-casinos-us.top,gambling
instant-banking-casino-utan-svensk-licens.com,gambling
instant-casino.co.uk,gambling
instant-casinos.com,gambling
instant-withdrawal-casino.com,gambling
instantactionsports.com,gambling
instantbanktransfercasino.nz,gambling
instantcashcasino.com,gambling
instantcasino.com,gambling
instantcasinobonus.com,gambling
instantcasinos.com,gambling
instantcasinos.online,gambling
instantplaycasinos.org,gambling
intellipoker.it,gambling
intense-casino-france.com,gambling
inter-chat.net,dangerous_material
inter-gambling.com,gambling
inter-slots.com,gambling
inter-slots.net,gambling
interac-casinos-ca.top,gambling
interac-casinos-us.top,gambling
interactivecasino.info,gambling
interbet.co.za,gambling
interbet.com,gambling
interbetcasino.com,gambling
intercasino.com,gambling
intercasino.dk,gambling
intercasinopoker.com,gambling
intercontinentalcasinos.com,gambling
internationalnetcasino.com,gambling
internet-casinos-online.net,gambling
internet-onlinecasino.com,gambling
internet-video-poker-casino-x.com,gambling
internetblackjackguide.com,gambling
internetcasinogamblingonlinereviews.com,gambling
internetcasinon.org,gambling
internetcasinooffers.com,gambling
internetcasinoonlinereviews.com,gambling
internetcasinos-online.com,gambling
internetcasinosgambling.com,gambling
internetcasinosusa.com,gambling
internetcasinovideopokerreviews.com,gambling
internetgambler.com,gambling
internetgamblingoffers.net,gambling
internetvirtualcasino.com,gambling
interpoker.com,gambling
intertops.de,gambling
intertops.eu,gambling
intertopsredcasino.com,gambling
interwetten.com,gambling
interwetten.de,gambling
interwetten.es,gambling
interwettencasino.top,gambling
intobet13.com,gambling
intobet8003.com,gambling
intocasinopoker.com,gambling
intralot.fr,gambling
intralotpari.fr,gambling
inventcasino.com,gambling
investopedia.today,gambling
invisiblecasino.info,gambling
iogaffiliate.com,gambling
ion-casino.com,gambling
ioncasino.co,gambling
ioncasino.link,gambling
ipadcasinos.nl,gambling
iphonecasinoslots.com,gambling
iphonecasinowebsites.com,gambling
ipltatacasino.com,gambling
ipltatacasino.in,gambling
iplwin-casino.com,gambling
iplwin.us,gambling
ipoker.com,gambling
ippispxcasino.site,gambling
irangamblers.com,gambling
irelandbestcasinos.com,gambling
irelandlottery.ie,gambling
irish-casino-bonuses.com,gambling
irishgamblingnetwork.com,gambling
irishtopcasinosonline.com,gambling
irisluckcasino.com,gambling
ironmancasino.com,gambling
islamlib.com,gambling
island.org,drugs
islandresortandcasino.com,gambling
islandviewcasino.com,gambling
isleofbingo.com,gambling
isleofcapricasinos.com,gambling
isleofwins.com,gambling
islots.ar,gambling
islots247.biz,gambling
isoftgamble.com,gambling
istana-casino.info,gambling
istana-casino.online,gambling
istana-casino.pro,gambling
istana-casino.shop,gambling
istanacasino.baby,gambling
istanacasino.bar,gambling
istanacasino.best,gambling
istanacasino.bio,gambling
istanacasino.boats,gambling
istanacasino.cam,gambling
istanacasino.cloud,gambling
istanacasino.college,gambling
istanacasino.cyou,gambling
istanacasino.dev,gambling
istanacasino.digital,gambling
istanacasino.fun,gambling
istanacasino.guru,gambling
istanacasino.hair,gambling
istanacasino.homes,gambling
istanacasino.icu,gambling
istanacasino.life,gambling
istanacasino.monster,gambling
istanacasino.one,gambling
istanacasino.pics,gambling
istanacasino.quest,gambling
istanacasino.rest,gambling
istanacasino.skin,gambling
istanacasino.tech,gambling
istanacasinoemas.shop,gambling
istanbulcasino350.com,gambling
istoppedgambling.com,gambling
it-listcasinohotels.com,gambling
italiablackjack.com,gambling
italiansocialcasino.com,gambling
italiapoker.it,gambling
italosocialcasino.com,gambling
italypoker.it,gambling
itcasinobonus.com,gambling
ithacarotary.org,gambling
itonlinecasino.com,gambling
itscasinos.com,gambling
itstart-jet-casino.com,gambling
itstart-jet-casino1.club,gambling
itstart-jet-casino2.club,gambling
itvcasino.itv.com,gambling
ivibet.com,gambling
ivsdb.com,gambling
iwa2024micropol.org,gambling
iwildcasino.com.de,gambling
iwildcasino.de,gambling
iwildcasino10.com,gambling
iwildcasino10.uk,gambling
iwildcasino11.com,gambling
iwildcasino2.com,gambling
iwildcasino3.uk,gambling
iwildcasino4.com,gambling
iwildcasino5.eu,gambling
iwildcasino6.com,gambling
iwildcasino6.eu,gambling
iwildcasino8.uk,gambling
iwon.com,gambling
izi-casino.kz,gambling
izi-casino.one,gambling
izicasino-acb.com,gambling
izicasino-acb.ru,gambling
izicasino-akula1t.com,gambling
izicasino-ra.com,gambling
izicasino-ra.ru,gambling
izicasino-ra.top,gambling
izicasino-ra1.top,gambling
izicasino-wdef.com,gambling
izicasino.click,gambling
izicasino.kz,gambling
iziplay.it,gambling
izzi--casinos.ru,gambling
izzi-casino-account.ru,gambling
izzi-casino-account.top,gambling
izzi-casino-account1.top,gambling
izzi-casino-bf.ru,gambling
izzi-casino-den72gor.com,gambling
izzi-casino-dengor72.com,gambling
izzi-casino-dengor72.ru,gambling
izzi-casino-dengor72.top,gambling
izzi-casino-ecospb.com,gambling
izzi-casino-expo.com,gambling
izzi-casino-expo.top,gambling
izzi-casino-fmcspo.club,gambling
izzi-casino-fmcspo.com,gambling
izzi-casino-fmcspo.ru,gambling
izzi-casino-fmcspo1.club,gambling
izzi-casino-fmcspo1.ru,gambling
izzi-casino-fmcspo2.club,gambling
izzi-casino-fmcspo2.ru,gambling
izzi-casino-fmcspo2.top,gambling
izzi-casino-fmcspo3.ru,gambling
izzi-casino-fmcspo3.top,gambling
izzi-casino-fmcspo4.top,gambling
izzi-casino-fmcspo5.top,gambling
izzi-casino-future.com,gambling
izzi-casino-game.com,gambling
izzi-casino-gde.com,gambling
izzi-casino-gde.lol,gambling
izzi-casino-gde.top,gambling
izzi-casino-gos21.top,gambling
izzi-casino-gosd21-1.ru,gambling
izzi-casino-gosd21.ru,gambling
izzi-casino-gosd21.top,gambling
izzi-casino-in-sbr.club,gambling
izzi-casino-in-sbr.top,gambling
izzi-casino-in.com,gambling
izzi-casino-insbr.club,gambling
izzi-casino-komf.top,gambling
izzi-casino-konkurs.com,gambling
izzi-casino-lego.top,gambling
izzi-casino-lisafazan.top,gambling
izzi-casino-mcgp.com,gambling
izzi-casino-melom.com,gambling
izzi-casino-melom.ru,gambling
izzi-casino-melomelo.ru,gambling
izzi-casino-moscow.top,gambling
izzi-casino-naccled.com,gambling
izzi-casino-nacled.com,gambling
izzi-casino-nasled.com,gambling
izzi-casino-nasledie.com,gambling
izzi-casino-nkd11.com,gambling
izzi-casino-nti2035.com,gambling
izzi-casino-nti2035.top,gambling
izzi-casino-one2shop.com,gambling
izzi-casino-one2shop.ru,gambling
izzi-casino-online.club,gambling
izzi-casino-online.com,gambling
izzi-casino-online.win,gambling
izzi-casino-park.com,gambling
izzi-casino-pet.top,gambling
izzi-casino-pettech.com,gambling
izzi-casino-pettech.top,gambling
izzi-casino-phyac.com,gambling
izzi-casino-phyac.top,gambling
izzi-casino-play.com,gambling
izzi-casino-play.top,gambling
izzi-casino-play2.top,gambling
izzi-casino-prim.top,gambling
izzi-casino-pro.com,gambling
izzi-casino-pro.ru,gambling
izzi-casino-pro1.ru,gambling
izzi-casino-promo.com,gambling
izzi-casino-rastemonline.com,gambling
izzi-casino-refdv.com,gambling
izzi-casino-refdv.top,gambling
izzi-casino-regin.club,gambling
izzi-casino-regin.top,gambling
izzi-casino-region.com,gambling
izzi-casino-rgn.club,gambling
izzi-casino-rus.com,gambling
izzi-casino-rus.ru,gambling
izzi-casino-rus.top,gambling
izzi-casino-sbr.top,gambling
izzi-casino-smart74.com,gambling
izzi-casino-smartreg74.com,gambling
izzi-casino-smartreg74.top,gambling
izzi-casino-sobtur.top,gambling
izzi-casino-star.com,gambling
izzi-casino-top.com,gambling
izzi-casino-top1.top,gambling
izzi-casino-uzn.ru,gambling
izzi-casino-zerkalo.site,gambling
izzi-casino-zima.top,gambling
izzi-casino.bid,gambling
izzi-casino.buzz,gambling
izzi-casino.org,gambling
izzi-casino.pro,gambling
izzi-casino.su,gambling
izzi-casino.top,gambling
izzi-casino.win,gambling
izzi-casino1.top,gambling
izzi-casino10.top,gambling
izzi-casino11.buzz,gambling
izzi-casino11.top,gambling
izzi-casino18.buzz,gambling
izzi-casino19.buzz,gambling
izzi-casino2.ru,gambling
izzi-casino2.top,gambling
izzi-casino3.buzz,gambling
izzi-casino3.ru,gambling
izzi-casino3.top,gambling
izzi-casino4.buzz,gambling
izzi-casino4.top,gambling
izzi-casino5.top,gambling
izzi-casino586.com,gambling
izzi-casino6.top,gambling
izzi-casino7.top,gambling
izzi-casino8.top,gambling
izzi-casino802g.buzz,gambling
izzi-casino9.top,gambling
izzi-casino9yis.xyz,gambling
izzi-casinos-play.ru,gambling
izzi-casinos-play1.ru,gambling
izzi-casinos.ru,gambling
izzicasino-10chr.top,gambling
izzicasino-11chr.top,gambling
izzicasino-12chr.top,gambling
izzicasino-13chr.top,gambling
izzicasino-24.com,gambling
izzicasino-4chr.top,gambling
izzicasino-5chr.top,gambling
izzicasino-6chr.top,gambling
izzicasino-9chr.top,gambling
izzicasino-aaid.com,gambling
izzicasino-akula11.top,gambling
izzicasino-akula12.top,gambling
izzicasino-akula7.top,gambling
izzicasino-art.com,gambling
izzicasino-art.top,gambling
izzicasino-art1.top,gambling
izzicasino-as12.top,gambling
izzicasino-as13.top,gambling
izzicasino-as16.top,gambling
izzicasino-as18.top,gambling
izzicasino-as19.top,gambling
izzicasino-as1t.com,gambling
izzicasino-as20.top,gambling
izzicasino-as21.top,gambling
izzicasino-as8.top,gambling
izzicasino-as9.top,gambling
izzicasino-bazar1t.com,gambling
izzicasino-bazar4.top,gambling
izzicasino-bazar5.top,gambling
izzicasino-bazar6.top,gambling
izzicasino-bazar8.ru,gambling
izzicasino-bazar9.ru,gambling
izzicasino-bel-ru.top,gambling
izzicasino-bel.com,gambling
izzicasino-bel.top,gambling
izzicasino-bf.com,gambling
izzicasino-bir.com,gambling
izzicasino-bir.ru,gambling
izzicasino-bir.top,gambling
izzicasino-bir1.top,gambling
izzicasino-bir2.ru,gambling
izzicasino-bir2.top,gambling
izzicasino-bir3.ru,gambling
izzicasino-bir3.top,gambling
izzicasino-bir4.top,gambling
izzicasino-bir5.top,gambling
izzicasino-bir6.top,gambling
izzicasino-bsm10.top,gambling
izzicasino-bsm11.top,gambling
izzicasino-bsm12.top,gambling
izzicasino-bsm8.top,gambling
izzicasino-car.ru,gambling
izzicasino-chr.ru,gambling
izzicasino-chr1.ru,gambling
izzicasino-chr2.ru,gambling
izzicasino-co1.ru,gambling
izzicasino-co2.ru,gambling
izzicasino-co3.ru,gambling
izzicasino-cruise.com,gambling
izzicasino-cruise13.top,gambling
izzicasino-cruise14.top,gambling
izzicasino-cruise15.ru,gambling
izzicasino-cruise15.top,gambling
izzicasino-cruise16.ru,gambling
izzicasino-cruise17.ru,gambling
izzicasino-cruise3.top,gambling
izzicasino-cruise4.top,gambling
izzicasino-cruise5.top,gambling
izzicasino-cruise6.top,gambling
izzicasino-cruise7.top,gambling
izzicasino-dev.com,gambling
izzicasino-digital.top,gambling
izzicasino-dp.ru,gambling
izzicasino-dp1.ru,gambling
izzicasino-dp1.top,gambling
izzicasino-dp11.top,gambling
izzicasino-dp12.top,gambling
izzicasino-dp13.top,gambling
izzicasino-dp14.top,gambling
izzicasino-dp15.top,gambling
izzicasino-dp2.ru,gambling
izzicasino-dp2.top,gambling
izzicasino-dp3.top,gambling
izzicasino-dp4.top,gambling
izzicasino-dp5.top,gambling
izzicasino-dp6.top,gambling
izzicasino-dp7.top,gambling
izzicasino-dp8.top,gambling
izzicasino-expo.top,gambling
izzicasino-fb.top,gambling
izzicasino-fb1.top,gambling
izzicasino-fmcspo.ru,gambling
izzicasino-fo.ru,gambling
izzicasino-fo2.ru,gambling
izzicasino-fond.com,gambling
izzicasino-fond.ru,gambling
izzicasino-fond1.ru,gambling
izzicasino-fond10.top,gambling
izzicasino-fond11.top,gambling
izzicasino-fond2.ru,gambling
izzicasino-fond2.top,gambling
izzicasino-fond3.ru,gambling
izzicasino-fond3.top,gambling
izzicasino-fond4.top,gambling
izzicasino-fond7.top,gambling
izzicasino-fond8.top,gambling
izzicasino-fond9.top,gambling
izzicasino-gift2.com,gambling
izzicasino-gkd.com,gambling
izzicasino-gkh.com,gambling
izzicasino-gkh10.ru,gambling
izzicasino-gkh15.ru,gambling
izzicasino-gkh17.ru,gambling
izzicasino-gkh2.com,gambling
izzicasino-gkh3.com,gambling
izzicasino-gkh6.top,gambling
izzicasino-gkh8.top,gambling
izzicasino-gos21.top,gambling
izzicasino-gps.com,gambling
izzicasino-gram.com,gambling
izzicasino-grant.com,gambling
izzicasino-grant.top,gambling
izzicasino-grant1.top,gambling
izzicasino-inv.com,gambling
izzicasino-inv2.com,gambling
izzicasino-inv3.top,gambling
izzicasino-inv5.top,gambling
izzicasino-inv6.top,gambling
izzicasino-inv7.top,gambling
izzicasino-invest1.top,gambling
izzicasino-irz.com,gambling
izzicasino-komfilm.club,gambling
izzicasino-komfilm.com,gambling
izzicasino-komfilm.top,gambling
izzicasino-ktf.com,gambling
izzicasino-ktf.ru,gambling
izzicasino-ktf.top,gambling
izzicasino-ktf1.ru,gambling
izzicasino-ktf1.top,gambling
izzicasino-ktf2.ru,gambling
izzicasino-ktf4.com,gambling
izzicasino-leb.ru,gambling
izzicasino-leb1.ru,gambling
izzicasino-leb2.ru,gambling
izzicasino-leb3.ru,gambling
izzicasino-leb4.ru,gambling
izzicasino-leb5.ru,gambling
izzicasino-leblog.com,gambling
izzicasino-leblog.top,gambling
izzicasino-leblog2.top,gambling
izzicasino-leblog3.top,gambling
izzicasino-leblog4.top,gambling
izzicasino-lkm.ru,gambling
izzicasino-lkm2.ru,gambling
izzicasino-lkm3.ru,gambling
izzicasino-love.ru,gambling
izzicasino-love1.ru,gambling
izzicasino-love3.com,gambling
izzicasino-love4.com,gambling
izzicasino-love5.com,gambling
izzicasino-love6.com,gambling
izzicasino-nash.com,gambling
izzicasino-nash.ru,gambling
izzicasino-nash.top,gambling
izzicasino-nassled.com,gambling
izzicasino-nti2035.top,gambling
izzicasino-officialsite2.win,gambling
izzicasino-officialsite5.win,gambling
izzicasino-olvido.ru,gambling
izzicasino-one2shop.com,gambling
izzicasino-one2shop.ru,gambling
izzicasino-one2shop.top,gambling
izzicasino-online.com,gambling
izzicasino-online.top,gambling
izzicasino-park2.top,gambling
izzicasino-pet.top,gambling
izzicasino-pettech.top,gambling
izzicasino-phyac.top,gambling
izzicasino-play52.ru,gambling
izzicasino-play73.ru,gambling
izzicasino-play76.ru,gambling
izzicasino-play82.ru,gambling
izzicasino-pobeda.com,gambling
izzicasino-pobeda.top,gambling
izzicasino-pobeda1.top,gambling
izzicasino-regin.ru,gambling
izzicasino-regin.top,gambling
izzicasino-regin1.ru,gambling
izzicasino-regin2.top,gambling
izzicasino-regin6.top,gambling
izzicasino-rpaf.top,gambling
izzicasino-rpaf2.ru,gambling
izzicasino-rpaf2.top,gambling
izzicasino-rpaf3.ru,gambling
izzicasino-rpaf30.ru,gambling
izzicasino-rpaf31.ru,gambling
izzicasino-ru.top,gambling
izzicasino-ru1.top,gambling
izzicasino-sam.ru,gambling
izzicasino-sam2.ru,gambling
izzicasino-sbr.ru,gambling
izzicasino-sbr.top,gambling
izzicasino-sbr1.ru,gambling
izzicasino-sbr1.top,gambling
izzicasino-sbr2.top,gambling
izzicasino-sbr4.top,gambling
izzicasino-sbr6.top,gambling
izzicasino-smart74.com,gambling
izzicasino-smart74.top,gambling
izzicasino-sobtu.top,gambling
izzicasino-swed1.top,gambling
izzicasino-time.com,gambling
izzicasino-time.ru,gambling
izzicasino-ur.com,gambling
izzicasino-uzn.ru,gambling
izzicasino-videoreg.top,gambling
izzicasino-videoreg1.top,gambling
izzicasino-videoreg2.top,gambling
izzicasino-videoreg3.ru,gambling
izzicasino-videoreg4.ru,gambling
izzicasino-vizr.club,gambling
izzicasino-vizr.com,gambling
izzicasino-vizr.ru,gambling
izzicasino-vizr1.top,gambling
izzicasino-vizr2.top,gambling
izzicasino-vizr6.top,gambling
izzicasino-vizr7.top,gambling
izzicasino-vo.ru,gambling
izzicasino-vo1.ru,gambling
izzicasino-zel.com,gambling
izzicasino-zima.top,gambling
izzicasino.best,gambling
izzicasino.club,gambling
izzicasino.fun,gambling
izzicasino.one,gambling
izzicasino.su,gambling
izzicasino.top,gambling
izzicasino1.top,gambling
izzicasino100.com,gambling
izzicasino1005.com,gambling
izzicasino1010.com,gambling
izzicasino1013.com,gambling
izzicasino103.com,gambling
izzicasino12.com,gambling
izzicasino15.com,gambling
izzicasino2.top,gambling
izzicasino3.top,gambling
izzicasino5.digital,gambling
izzicasino51.com,gambling
izzicasino6.digital,gambling
izzicasino63.com,gambling
izzicasino68.com,gambling
izzicasino69.com,gambling
izzicasino7.digital,gambling
izzicasino70.com,gambling
izzicasino71.com,gambling
izzicasino73.com,gambling
izzicasino789.com,gambling
izzicasinoapp.com,gambling
izzicasinomedical3.top,gambling
izzicasinomedical5.top,gambling
izzicasinomedical6.top,gambling
izzicasinonolab.com,gambling
izzicasinonolab10.top,gambling
izzicasinonolab2.com,gambling
izzicasinonolab3.com,gambling
izzicasinonolab7.top,gambling
izzicasinonolab8.top,gambling
izzicasinonolab9.top,gambling
izzicasinoofficial.fun,gambling
izzicasinoofficial.top,gambling
izzicasinoofficial.win,gambling
izzicasinoofficial.xyz,gambling
izzicasinoofficial2.top,gambling
izzicasinoofficial2.win,gambling
izzicasinoofficial56.win,gambling
izzicasinoofficial75.fun,gambling
izzicasinoofficialsite2.win,gambling
izzicasinoonlinewin.top,gambling
izzicasinoonlinewin1.top,gambling
izzicasinoonlinewin2.top,gambling
izzicasinoonlinewin3.top,gambling
izzicasinoonlinewin4.top,gambling
izzicasinosite.top,gambling
izzicasinosite1.top,gambling
izzicasinosite2.top,gambling
izzicasinosite3.top,gambling
izzicasinoslots.top,gambling
izzicasinoslots1.top,gambling
izzicasinoslots2.top,gambling
izzicasinoslots3.top,gambling
izzicasinoslots4.top,gambling
izzicasinoslotstop.ru,gambling
izzicasinoslotstop1.ru,gambling
izzicasinoslotstop2.ru,gambling
izzicasinotopslots.ru,gambling
izzicasinotopslots1.ru,gambling
izzicasinovip1.com,gambling
izzicasinowin.win,gambling
izzicasinowin2.win,gambling
izzionlinecasino.com,gambling
izzycasino.top,gambling
j.leullier.free.fr,drugs
j0ycasino.info,gambling
j9abcd.com,gambling
j9nbnb.com,gambling
jaak-casino-uk.net,gambling
jackbit.com,gambling
jackbitcasino.com,gambling
jackburst.com,gambling
jackiepapandrew.com,gambling
jackmillioncasino.click,gambling
jackmobilecasinos.com,gambling
jackone.de,gambling
jackpot-casino.se,gambling
jackpot-casinos.fun,gambling
jackpot-casinox158.ru,gambling
jackpot-gambling.com,gambling
jackpot-jill-casinos.com,gambling
jackpot-online-casino.co.uk,gambling
jackpot-partners.com,gambling
jackpot.de,gambling
jackpot168jp.org,gambling
jackpot777casino.com,gambling
jackpot808.info,gambling
jackpota-landing-prod.vercel.app,gambling
jackpota.com,gambling
jackpotcashcasinos.shop,gambling
jackpotcasinoph.com,gambling
jackpotcasinoreviews.online,gambling
jackpotcasinos.ca,gambling
jackpotcasinoslot.online,gambling
jackpotcasinotips.com,gambling
jackpotcity.com,gambling
jackpotcitycasino.ca,gambling
jackpotcitycasino.com,gambling
jackpotcitycasino.com.py,gambling
jackpotcitycasino.it,gambling
jackpotcitycasino1.com,gambling
jackpotcitycasinobonus.com,gambling
jackpotcityslotss.com,gambling
jackpotgamescasino.com,gambling
jackpotguru.com,gambling
jackpotjunctionscasino.com,gambling
jackpotmobilecasino.co.uk,gambling
jackpotplus.com,gambling
jackpotroyalcasino.shop,gambling
jackpots-casino.live,gambling
jackpotscasino.org,gambling
jackpotscasino.top,gambling
jackpotsinaflash.com,gambling
jackpotslotspro.com,gambling
jackpotwheelcasino.top,gambling
jackpotwinnerslots.com,gambling
jackpoty.com,gambling
jackpoty122.com,gambling
jackscasino.nl,gambling
jackscasino.top,gambling
jacksoncasino.com,gambling
jacksorbettervideopoker.com,gambling
jadedcasino.xyz,gambling
jadwalpasaran.vip,gambling
jago33.it.com,gambling
jajio.com,gambling
jallacasino.se,gambling
jallacasino.top,gambling
jamaicabaycasino.com,gambling
jamaican-green.8m.com,drugs
jammincasino.com,gambling
jamulcasinosd.com,gambling
jancasino.com,gambling
janecasinos.com,gambling
janugget.com,gambling
januscasinorank.lv,gambling
japancasino-x.com,gambling
japanesecasino.com,gambling
japanesecasinos.com,gambling
japwife.com,gambling
jasus.bot,gambling
javablackjack.com,gambling
jawa123.net,gambling
jaxcasino1.com,gambling
jaya9-casino.com,gambling
jaya9casino.bet,gambling
jayapoker.com,gambling
jazzslots.com,gambling
jb-casino.online,gambling
jb-casino.ph,gambling
jb-casino.site,gambling
jbcasino.cc,gambling
jbcasino.click,gambling
jbcasino.online,gambling
jbcasino.shop,gambling
jbcasino.top,gambling
jbcasino.xyz,gambling
jbcasino8.com,gambling
jbcasinoph.me,gambling
jcasinoenligne.com,gambling
jdbaa-casino.com,gambling
jeet-citycasino.com,gambling
jeetbuzz-casino.icu,gambling
jeetbuzz-casino.net,gambling
jeetbuzz-casino.org,gambling
jeetbuzz-casino.top,gambling
jeetbuzzcasino.click,gambling
jeetbuzzcasino.net,gambling
jeetbuzzcasino.org,gambling
jeetbuzzcasino.top,gambling
jeetwin.casino,gambling
jeetwincasino.online,gambling
jeetwincasinos.in,gambling
jejucasino.kr,gambling
jeminamarina.co.uk,gambling
jennycasino.com,gambling
jesgamble.com,gambling
jet-casino-23.top,gambling
jet-casino-4.ru,gambling
jet-casino-4.top,gambling
jet-casino-4.win,gambling
jet-casino-42.com,gambling
jet-casino-42.ru,gambling
jet-casino-42.top,gambling
jet-casino-43.top,gambling
jet-casino-44.top,gambling
jet-casino-45.top,gambling
jet-casino-77wt1t.com,gambling
jet-casino-agile.ru,gambling
jet-casino-agile1.ru,gambling
jet-casino-avtost.com,gambling
jet-casino-award.com,gambling
jet-casino-bcn1.com,gambling
jet-casino-bcn2.com,gambling
jet-casino-bcn3.com,gambling
jet-casino-bcn4.com,gambling
jet-casino-ca.com,gambling
jet-casino-canada.ca,gambling
jet-casino-comp.ru,gambling
jet-casino-comp2.top,gambling
jet-casino-comp3.top,gambling
jet-casino-cross.fun,gambling
jet-casino-cross.ru,gambling
jet-casino-cross.top,gambling
jet-casino-cross1.top,gambling
jet-casino-dep.ru,gambling
jet-casino-dep.top,gambling
jet-casino-dep1.ru,gambling
jet-casino-dep2.ru,gambling
jet-casino-dez24.ru,gambling
jet-casino-dok1t.com,gambling
jet-casino-drepconf.com,gambling
jet-casino-drv1.top,gambling
jet-casino-drv3.top,gambling
jet-casino-eco.ru,gambling
jet-casino-eco1.ru,gambling
jet-casino-eco1.top,gambling
jet-casino-eco2.ru,gambling
jet-casino-eco2.top,gambling
jet-casino-eco3.ru,gambling
jet-casino-eco3.top,gambling
jet-casino-eco4.ru,gambling
jet-casino-eco4.top,gambling
jet-casino-fon.com,gambling
jet-casino-font.com,gambling
jet-casino-football.top,gambling
jet-casino-football1.top,gambling
jet-casino-football2.top,gambling
jet-casino-football3.top,gambling
jet-casino-forbiz.top,gambling
jet-casino-forbiz20.top,gambling
jet-casino-forbizlady.top,gambling
jet-casino-fork.top,gambling
jet-casino-forkaz.top,gambling
jet-casino-forum-k.top,gambling
jet-casino-fp.com,gambling
jet-casino-fp.ru,gambling
jet-casino-fro.top,gambling
jet-casino-froid.top,gambling
jet-casino-game.top,gambling
jet-casino-gamer.club,gambling
jet-casino-gamer.ru,gambling
jet-casino-gamer1.top,gambling
jet-casino-gamer3.top,gambling
jet-casino-games.com,gambling
jet-casino-home.click,gambling
jet-casino-home.com,gambling
jet-casino-home.top,gambling
jet-casino-home1.click,gambling
jet-casino-ic-grand.top,gambling
jet-casino-itstart25.ru,gambling
jet-casino-kot.com,gambling
jet-casino-kot.top,gambling
jet-casino-licee.com,gambling
jet-casino-licee.ru,gambling
jet-casino-mak.ru,gambling
jet-casino-mak1.ru,gambling
jet-casino-mak1.top,gambling
jet-casino-mak2.top,gambling
jet-casino-mak3.top,gambling
jet-casino-mak4.top,gambling
jet-casino-may.com,gambling
jet-casino-may.top,gambling
jet-casino-may1.top,gambling
jet-casino-may2.top,gambling
jet-casino-may3.top,gambling
jet-casino-mbizsch42.club,gambling
jet-casino-mbizsch42.top,gambling
jet-casino-mbz42.top,gambling
jet-casino-mfc36.club,gambling
jet-casino-mfc36.com,gambling
jet-casino-mfc36.top,gambling
jet-casino-moguvse.ru,gambling
jet-casino-moibiz42.com,gambling
jet-casino-moibiz42.ru,gambling
jet-casino-moibiz42.top,gambling
jet-casino-muz32.top,gambling
jet-casino-obraz1.top,gambling
jet-casino-obraz3.top,gambling
jet-casino-obraz4.top,gambling
jet-casino-play.com,gambling
jet-casino-plit.top,gambling
jet-casino-plit1.top,gambling
jet-casino-plit2.top,gambling
jet-casino-prh.club,gambling
jet-casino-prh.lol,gambling
jet-casino-pro.ru,gambling
jet-casino-prof.com,gambling
jet-casino-prof.ru,gambling
jet-casino-prof.top,gambling
jet-casino-pure.com,gambling
jet-casino-purestor.com,gambling
jet-casino-qiw.top,gambling
jet-casino-qiwct.top,gambling
jet-casino-rg-15.club,gambling
jet-casino-rg-16.club,gambling
jet-casino-rg-17.club,gambling
jet-casino-rg-18.club,gambling
jet-casino-rg-19.club,gambling
jet-casino-rg-20.club,gambling
jet-casino-rg-21.club,gambling
jet-casino-rg-22.club,gambling
jet-casino-rg-23.club,gambling
jet-casino-rog-15years.com,gambling
jet-casino-rostov.top,gambling
jet-casino-rostovn.com,gambling
jet-casino-rostovn.top,gambling
jet-casino-ru.top,gambling
jet-casino-rub2.top,gambling
jet-casino-rub3.top,gambling
jet-casino-rubl.ru,gambling
jet-casino-rubl.top,gambling
jet-casino-ruble.top,gambling
jet-casino-rus.top,gambling
jet-casino-russia.top,gambling
jet-casino-rustes.top,gambling
jet-casino-rustest.com,gambling
jet-casino-sdconf.top,gambling
jet-casino-sdiconf.top,gambling
jet-casino-sertifici.ru,gambling
jet-casino-svobod.com,gambling
jet-casino-svobod.top,gambling
jet-casino-te-mipt.com,gambling
jet-casino-te-mipt.ru,gambling
jet-casino-tech33.top,gambling
jet-casino-topticket.com,gambling
jet-casino-ua.org,gambling
jet-casino-udm.com,gambling
jet-casino-vem.com,gambling
jet-casino-vem.ru,gambling
jet-casino-vem.top,gambling
jet-casino-win.com,gambling
jet-casino-win.ru,gambling
jet-casino-win.top,gambling
jet-casino-zen.com,gambling
jet-casino-zen.ru,gambling
jet-casino-zen.top,gambling
jet-casino-zen1.top,gambling
jet-casino-zen2.top,gambling
jet-casino-zen3.top,gambling
jet-casino-zn.club,gambling
jet-casino.co,gambling
jet-casino.org.ua,gambling
jet-casino.top,gambling
jet-casino.vip,gambling
jet-casino.website,gambling
jet-casino.world,gambling
jet-casino120.ru,gambling
jet-casino19l4.xyz,gambling
jet-casino20.buzz,gambling
jet-casino23.top,gambling
jet-casino3t4p.xyz,gambling
jet-casino4.top,gambling
jet-casino4xq.ru,gambling
jet-casino5pb.ru,gambling
jet-casino666.ru,gambling
jet-casino6b9u.xyz,gambling
jet-casino70d5.buzz,gambling
jet-casino7k4j.xyz,gambling
jet-casino7zg.ru,gambling
jet-casino9aiw.xyz,gambling
jet-casino9l4.ru,gambling
jet-casino9wv.ru,gambling
jet-casinooverall1t.com,gambling
jet-casinos.com,gambling
jet-casinos.top,gambling
jet-casinos1.top,gambling
jet-casinos2.top,gambling
jet-casinos3.top,gambling
jet10casino.org,gambling
jetbahis8005.com,gambling
jetbahis8009.com,gambling
jetbahis8012.com,gambling
jetbahis8015.com,gambling
jetbahislatest.com,gambling
jetbull.com,gambling
jetcasino-23.top,gambling
jetcasino-24.com,gambling
jetcasino-24.top,gambling
jetcasino-241.top,gambling
jetcasino-4.ru,gambling
jetcasino-42.ru,gambling
jetcasino-42.top,gambling
jetcasino-436.com,gambling
jetcasino-437.top,gambling
jetcasino-438.ru,gambling
jetcasino-439.ru,gambling
jetcasino-440.ru,gambling
jetcasino-441.ru,gambling
jetcasino-442.ru,gambling
jetcasino-77wt4.top,gambling
jetcasino-77wt5.top,gambling
jetcasino-77wt6.top,gambling
jetcasino-77wt7.top,gambling
jetcasino-77wt8.top,gambling
jetcasino-advant.ru,gambling
jetcasino-advant.top,gambling
jetcasino-advantech.top,gambling
jetcasino-agile.com,gambling
jetcasino-agile.ru,gambling
jetcasino-agile.top,gambling
jetcasino-agile1.top,gambling
jetcasino-agile5.top,gambling
jetcasino-alpinia.com,gambling
jetcasino-alpinia.fun,gambling
jetcasino-alpinia.lol,gambling
jetcasino-arfa10.top,gambling
jetcasino-arfa12.top,gambling
jetcasino-arfa13.top,gambling
jetcasino-arfa14.top,gambling
jetcasino-arfa15.top,gambling
jetcasino-arfa1t.com,gambling
jetcasino-arfa20.ru,gambling
jetcasino-arfa21.ru,gambling
jetcasino-arfa7.top,gambling
jetcasino-arfa8.top,gambling
jetcasino-art.top,gambling
jetcasino-art2.top,gambling
jetcasino-aur.ru,gambling
jetcasino-bash1.top,gambling
jetcasino-bash2.top,gambling
jetcasino-bash3.top,gambling
jetcasino-bcn.top,gambling
jetcasino-bcn1.top,gambling
jetcasino-bcn2.top,gambling
jetcasino-bcn3.top,gambling
jetcasino-bel.top,gambling
jetcasino-bezopasno22.ru,gambling
jetcasino-bezopasno43.ru,gambling
jetcasino-bezopasno44.ru,gambling
jetcasino-blg.com,gambling
jetcasino-blg.top,gambling
jetcasino-blg1.top,gambling
jetcasino-blg2.top,gambling
jetcasino-blg3.top,gambling
jetcasino-blg4.top,gambling
jetcasino-blg5.top,gambling
jetcasino-blg6.top,gambling
jetcasino-btc.ru,gambling
jetcasino-ca.ca,gambling
jetcasino-canada.com,gambling
jetcasino-chel.ru,gambling
jetcasino-chel.top,gambling
jetcasino-chel1.ru,gambling
jetcasino-chel1.top,gambling
jetcasino-chel2.ru,gambling
jetcasino-chel2.top,gambling
jetcasino-chel3.top,gambling
jetcasino-chel4.top,gambling
jetcasino-choise.top,gambling
jetcasino-choise.win,gambling
jetcasino-club.com,gambling
jetcasino-club.top,gambling
jetcasino-clust.ru,gambling
jetcasino-clust.top,gambling
jetcasino-clust1.ru,gambling
jetcasino-clust2.ru,gambling
jetcasino-clust2.top,gambling
jetcasino-clust4.top,gambling
jetcasino-clust5.top,gambling
jetcasino-clust6.top,gambling
jetcasino-clust7.top,gambling
jetcasino-clust8.top,gambling
jetcasino-cok.ru,gambling
jetcasino-cok1.ru,gambling
jetcasino-cor.ru,gambling
jetcasino-cross.com,gambling
jetcasino-cross.fun,gambling
jetcasino-cross.lol,gambling
jetcasino-dia.ru,gambling
jetcasino-dok10.top,gambling
jetcasino-dok11.top,gambling
jetcasino-dok15.top,gambling
jetcasino-dok16.top,gambling
jetcasino-dok17.top,gambling
jetcasino-dok18.top,gambling
jetcasino-dok19.top,gambling
jetcasino-dok20.ru,gambling
jetcasino-dok20.top,gambling
jetcasino-dok9.top,gambling
jetcasino-drv4.top,gambling
jetcasino-drv6.top,gambling
jetcasino-drv7.top,gambling
jetcasino-drv8.top,gambling
jetcasino-drv9.top,gambling
jetcasino-dub.com,gambling
jetcasino-eco.com,gambling
jetcasino-eld.com,gambling
jetcasino-eld3.top,gambling
jetcasino-eld4.top,gambling
jetcasino-eld5.top,gambling
jetcasino-eld6.top,gambling
jetcasino-eld7.ru,gambling
jetcasino-eld8.ru,gambling
jetcasino-eld9.ru,gambling
jetcasino-element.ru,gambling
jetcasino-element1.ru,gambling
jetcasino-euro.com,gambling
jetcasino-euro.ru,gambling
jetcasino-euro4.top,gambling
jetcasino-faq1.ru,gambling
jetcasino-faq1.top,gambling
jetcasino-faq2.ru,gambling
jetcasino-faq2.top,gambling
jetcasino-faq3.ru,gambling
jetcasino-faq3.top,gambling
jetcasino-faq4.ru,gambling
jetcasino-faq4.top,gambling
jetcasino-faq5.top,gambling
jetcasino-faq6.top,gambling
jetcasino-faq7.top,gambling
jetcasino-fest.top,gambling
jetcasino-film.com,gambling
jetcasino-film.info,gambling
jetcasino-film.ru,gambling
jetcasino-film1.ru,gambling
jetcasino-film2.info,gambling
jetcasino-film3.info,gambling
jetcasino-food.ru,gambling
jetcasino-food10.top,gambling
jetcasino-food11.top,gambling
jetcasino-food14.top,gambling
jetcasino-food15.top,gambling
jetcasino-food16.top,gambling
jetcasino-food2.ru,gambling
jetcasino-food9.club,gambling
jetcasino-football.com,gambling
jetcasino-football.top,gambling
jetcasino-forbiz.top,gambling
jetcasino-forbizlady.top,gambling
jetcasino-forkaz.top,gambling
jetcasino-forum-k.top,gambling
jetcasino-forum.com,gambling
jetcasino-forum.ru,gambling
jetcasino-fr.top,gambling
jetcasino-fro.top,gambling
jetcasino-frod.top,gambling
jetcasino-froid.com,gambling
jetcasino-froid.top,gambling
jetcasino-future1.top,gambling
jetcasino-future2.top,gambling
jetcasino-future3.top,gambling
jetcasino-game.top,gambling
jetcasino-gamer.ru,gambling
jetcasino-games.top,gambling
jetcasino-garant.top,gambling
jetcasino-gard.com,gambling
jetcasino-glory.com,gambling
jetcasino-group.com,gambling
jetcasino-group.ru,gambling
jetcasino-group.top,gambling
jetcasino-group1.ru,gambling
jetcasino-group2.ru,gambling
jetcasino-group3.top,gambling
jetcasino-group4.top,gambling
jetcasino-group5.top,gambling
jetcasino-group6.top,gambling
jetcasino-group7.top,gambling
jetcasino-group8.top,gambling
jetcasino-home.top,gambling
jetcasino-home1.top,gambling
jetcasino-home4.top,gambling
jetcasino-home5.top,gambling
jetcasino-home6.top,gambling
jetcasino-home7.top,gambling
jetcasino-hot.ru,gambling
jetcasino-itstart.top,gambling
jetcasino-itstart20.top,gambling
jetcasino-itstart21.top,gambling
jetcasino-itstart22.top,gambling
jetcasino-itstart23.top,gambling
jetcasino-itstart24.top,gambling
jetcasino-itstart25.ru,gambling
jetcasino-itstart25.top,gambling
jetcasino-itstart26.top,gambling
jetcasino-jao.com,gambling
jetcasino-jao3.ru,gambling
jetcasino-jao4.info,gambling
jetcasino-jao4.ru,gambling
jetcasino-jao5.info,gambling
jetcasino-jao6.club,gambling
jetcasino-jao6.ru,gambling
jetcasino-jao7.club,gambling
jetcasino-kmd10.top,gambling
jetcasino-kmd12.top,gambling
jetcasino-kmd14.top,gambling
jetcasino-kmd15.top,gambling
jetcasino-kmd16.top,gambling
jetcasino-kmd17.ru,gambling
jetcasino-kmd17.top,gambling
jetcasino-kmd1t.com,gambling
jetcasino-kmd7.top,gambling
jetcasino-kmd8.top,gambling
jetcasino-kmd9.top,gambling
jetcasino-kur1.ru,gambling
jetcasino-kur2.ru,gambling
jetcasino-kur3.ru,gambling
jetcasino-kur4.ru,gambling
jetcasino-kurat.com,gambling
jetcasino-kurat.ru,gambling
jetcasino-kurat1.club,gambling
jetcasino-kurat10.top,gambling
jetcasino-kurat11.top,gambling
jetcasino-kurat12.top,gambling
jetcasino-kurat2.top,gambling
jetcasino-kurat3.top,gambling
jetcasino-kurat4.top,gambling
jetcasino-kurat6.top,gambling
jetcasino-kurat7.top,gambling
jetcasino-kurat8.top,gambling
jetcasino-kurat9.top,gambling
jetcasino-kursk.top,gambling
jetcasino-kz.com,gambling
jetcasino-kz.top,gambling
jetcasino-kz1.com,gambling
jetcasino-kz2.com,gambling
jetcasino-kz3.com,gambling
jetcasino-left.ru,gambling
jetcasino-left1.ru,gambling
jetcasino-left2.ru,gambling
jetcasino-left2.top,gambling
jetcasino-left3.ru,gambling
jetcasino-left3.top,gambling
jetcasino-left4.top,gambling
jetcasino-left5.top,gambling
jetcasino-left6.top,gambling
jetcasino-les.ru,gambling
jetcasino-lexgard.ru,gambling
jetcasino-lexgard1.ru,gambling
jetcasino-lexgard2.ru,gambling
jetcasino-lexgard2.top,gambling
jetcasino-lexgard3.ru,gambling
jetcasino-lexgard4.top,gambling
jetcasino-lexgard6.top,gambling
jetcasino-lexgard7.top,gambling
jetcasino-lexgard8.top,gambling
jetcasino-lub.com,gambling
jetcasino-lub1.pro,gambling
jetcasino-lub10.pro,gambling
jetcasino-lub11.pro,gambling
jetcasino-lub3.pro,gambling
jetcasino-lub6.pro,gambling
jetcasino-lub7.pro,gambling
jetcasino-lub8.pro,gambling
jetcasino-lub9.pro,gambling
jetcasino-may.com,gambling
jetcasino-may.top,gambling
jetcasino-mbz42.top,gambling
jetcasino-mfc36.top,gambling
jetcasino-mo.com,gambling
jetcasino-mo.top,gambling
jetcasino-mo1.top,gambling
jetcasino-mo2.top,gambling
jetcasino-mo3.top,gambling
jetcasino-mo4.top,gambling
jetcasino-mo5.top,gambling
jetcasino-moguvse.top,gambling
jetcasino-moguvse2.top,gambling
jetcasino-moibiz42.ru,gambling
jetcasino-mtp14.top,gambling
jetcasino-mtp15.top,gambling
jetcasino-mtp16.top,gambling
jetcasino-mtp17.top,gambling
jetcasino-mtp18.ru,gambling
jetcasino-mtp19.ru,gambling
jetcasino-mtp1t.com,gambling
jetcasino-mtp20.ru,gambling
jetcasino-mtp5.top,gambling
jetcasino-mtp6.top,gambling
jetcasino-muz.com,gambling
jetcasino-muz.ru,gambling
jetcasino-muz.top,gambling
jetcasino-muz1.top,gambling
jetcasino-muz2.ru,gambling
jetcasino-muz2.top,gambling
jetcasino-muz3.top,gambling
jetcasino-muz32.top,gambling
jetcasino-nb26.top,gambling
jetcasino-nb27.top,gambling
jetcasino-nb28.top,gambling
jetcasino-nb29.top,gambling
jetcasino-newyear.com,gambling
jetcasino-obraz.ru,gambling
jetcasino-official-site1.win,gambling
jetcasino-official-site3.win,gambling
jetcasino-official-site6.win,gambling
jetcasino-official24.win,gambling
jetcasino-official45.win,gambling
jetcasino-official51.win,gambling
jetcasino-official55.win,gambling
jetcasino-officials.click,gambling
jetcasino-officialsite23.win,gambling
jetcasino-officialsite4.win,gambling
jetcasino-officialsite412.win,gambling
jetcasino-officialsite45.win,gambling
jetcasino-officialsite7.win,gambling
jetcasino-officialsite8.win,gambling
jetcasino-officialsite95.win,gambling
jetcasino-oficials.icu,gambling
jetcasino-omk.com,gambling
jetcasino-omk.top,gambling
jetcasino-omk1.top,gambling
jetcasino-omk3.top,gambling
jetcasino-omk4.top,gambling
jetcasino-omk5.ru,gambling
jetcasino-omk6.ru,gambling
jetcasino-omk7.ru,gambling
jetcasino-op.ru,gambling
jetcasino-op1.ru,gambling
jetcasino-open.top,gambling
jetcasino-open1.top,gambling
jetcasino-open2.top,gambling
jetcasino-open3.top,gambling
jetcasino-open4.top,gambling
jetcasino-open5.top,gambling
jetcasino-oren.com,gambling
jetcasino-oren1.top,gambling
jetcasino-oren2.top,gambling
jetcasino-planet11.top,gambling
jetcasino-planet12.top,gambling
jetcasino-planet13.top,gambling
jetcasino-planet14.top,gambling
jetcasino-planet15.top,gambling
jetcasino-planet1t.com,gambling
jetcasino-planet8.top,gambling
jetcasino-planet9.top,gambling
jetcasino-pni.ru,gambling
jetcasino-pni.top,gambling
jetcasino-pni1.com,gambling
jetcasino-pni2.com,gambling
jetcasino-pni3.com,gambling
jetcasino-poehali.ru,gambling
jetcasino-poehali1.ru,gambling
jetcasino-pr.top,gambling
jetcasino-pr1.top,gambling
jetcasino-pr6.ru,gambling
jetcasino-prh.top,gambling
jetcasino-pro.ru,gambling
jetcasino-pro100.com,gambling
jetcasino-pro101.fun,gambling
jetcasino-prof.ru,gambling
jetcasino-prof.top,gambling
jetcasino-prs.top,gambling
jetcasino-psycgy1t.com,gambling
jetcasino-pure.top,gambling
jetcasino-pures.top,gambling
jetcasino-rep1.com,gambling
jetcasino-rep10.ru,gambling
jetcasino-rep3.com,gambling
jetcasino-rep4.com,gambling
jetcasino-rov.top,gambling
jetcasino-ru.com,gambling
jetcasino-ru.top,gambling
jetcasino-ru1.top,gambling
jetcasino-ru2.top,gambling
jetcasino-ru3.top,gambling
jetcasino-rub.club,gambling
jetcasino-rubl.ru,gambling
jetcasino-ruble.top,gambling
jetcasino-runnin.com,gambling
jetcasino-russia.top,gambling
jetcasino-rustes.top,gambling
jetcasino-rustest.top,gambling
jetcasino-sar.com,gambling
jetcasino-school39.com,gambling
jetcasino-school39.top,gambling
jetcasino-sdg.com,gambling
jetcasino-sdg.ru,gambling
jetcasino-sdg1.ru,gambling
jetcasino-sdg10.top,gambling
jetcasino-sdg11.top,gambling
jetcasino-sdg2.club,gambling
jetcasino-sdg2.ru,gambling
jetcasino-sdg3.ru,gambling
jetcasino-sdg3.top,gambling
jetcasino-sdg4.ru,gambling
jetcasino-sdg4.top,gambling
jetcasino-sdg6.top,gambling
jetcasino-sdg7.top,gambling
jetcasino-sdg8.top,gambling
jetcasino-sdg9.top,gambling
jetcasino-sdiconf.top,gambling
jetcasino-sertifici.ru,gambling
jetcasino-site1.win,gambling
jetcasino-site23.win,gambling
jetcasino-sky.ru,gambling
jetcasino-sky1.ru,gambling
jetcasino-sky1.top,gambling
jetcasino-sky2.top,gambling
jetcasino-slotsplay.ru,gambling
jetcasino-sochi.com,gambling
jetcasino-sport.ru,gambling
jetcasino-t.kz,gambling
jetcasino-teatrravnikh.com,gambling
jetcasino-teatrravnikh.top,gambling
jetcasino-teatrravnikh1.top,gambling
jetcasino-teatrravnikh2.top,gambling
jetcasino-tion1.ru,gambling
jetcasino-tions11.top,gambling
jetcasino-tions12.top,gambling
jetcasino-tions1t.com,gambling
jetcasino-tions22.ru,gambling
jetcasino-tions7.top,gambling
jetcasino-tions9.top,gambling
jetcasino-tm.top,gambling
jetcasino-tm4.top,gambling
jetcasino-tm5.top,gambling
jetcasino-tm7.top,gambling
jetcasino-tm8.top,gambling
jetcasino-top1.ru,gambling
jetcasino-toptick.top,gambling
jetcasino-topticket.top,gambling
jetcasino-tvs10.top,gambling
jetcasino-tvs11.top,gambling
jetcasino-tvs110.top,gambling
jetcasino-tvs13.top,gambling
jetcasino-tvs14.top,gambling
jetcasino-tvs15.top,gambling
jetcasino-tvs16.top,gambling
jetcasino-tvs17.top,gambling
jetcasino-tvs18.top,gambling
jetcasino-tvs19.top,gambling
jetcasino-tvs1t.com,gambling
jetcasino-tvs20.ru,gambling
jetcasino-tvs20.top,gambling
jetcasino-tvs21.ru,gambling
jetcasino-tvs25.ru,gambling
jetcasino-ua.org,gambling
jetcasino-udm2.top,gambling
jetcasino-ufa.com,gambling
jetcasino-ufa.ru,gambling
jetcasino-ufa1.top,gambling
jetcasino-ufa2.ru,gambling
jetcasino-ufa2.top,gambling
jetcasino-ufa3.top,gambling
jetcasino-ufa4.top,gambling
jetcasino-ufa5.top,gambling
jetcasino-ufa6.top,gambling
jetcasino-ufa7.top,gambling
jetcasino-vek.com,gambling
jetcasino-vek.top,gambling
jetcasino-vem.top,gambling
jetcasino-vm.ru,gambling
jetcasino-vm2.ru,gambling
jetcasino-vm3.ru,gambling
jetcasino-wed.com,gambling
jetcasino-wed.top,gambling
jetcasino-wed1.com,gambling
jetcasino-win123.win,gambling
jetcasino-win2.top,gambling
jetcasino-win215.win,gambling
jetcasino-win2221.win,gambling
jetcasino-win3.top,gambling
jetcasino-win4.top,gambling
jetcasino-win6.win,gambling
jetcasino-win674.win,gambling
jetcasino-win9.win,gambling
jetcasino-wolf1.top,gambling
jetcasino-wolf2.ru,gambling
jetcasino-wolf2.top,gambling
jetcasino-wolf3.top,gambling
jetcasino-wolf4.top,gambling
jetcasino-wolf5.top,gambling
jetcasino-ws.com,gambling
jetcasino-ws.ru,gambling
jetcasino-yar.top,gambling
jetcasino-zen.top,gambling
jetcasino-zen10.top,gambling
jetcasino-zvezd14.top,gambling
jetcasino-zvezd15.top,gambling
jetcasino-zvezd16.top,gambling
jetcasino-zvezd17.top,gambling
jetcasino-zvezd19.top,gambling
jetcasino-zvezd20.top,gambling
jetcasino-zvezd21.top,gambling
jetcasino-zvezd22.top,gambling
jetcasino-zvezd23.top,gambling
jetcasino-zvezd24.ru,gambling
jetcasino-zvezd24.top,gambling
jetcasino-zvezd25.ru,gambling
jetcasino-zvezd26.ru,gambling
jetcasino.art,gambling
jetcasino.biz,gambling
jetcasino.com.kz,gambling
jetcasino.in.ua,gambling
jetcasino.live,gambling
jetcasino.lol,gambling
jetcasino.one,gambling
jetcasino.work,gambling
jetcasino.world,gambling
jetcasino1.lol,gambling
jetcasino1001.com,gambling
jetcasino120.com,gambling
jetcasino126.com,gambling
jetcasino131.com,gambling
jetcasino157.com,gambling
jetcasino172.com,gambling
jetcasino206.com,gambling
jetcasino23.com,gambling
jetcasino23.top,gambling
jetcasino241.top,gambling
jetcasino2411.top,gambling
jetcasino305.com,gambling
jetcasino3411.top,gambling
jetcasino4.top,gambling
jetcasino40.top,gambling
jetcasino400.com,gambling
jetcasino42.top,gambling
jetcasino4411.top,gambling
jetcasino5002.com,gambling
jetcasino505.com,gambling
jetcasino506.com,gambling
jetcasino555.ru,gambling
jetcasino6.win,gambling
jetcasino7.win,gambling
jetcasino810.com,gambling
jetcasinoapp.ru,gambling
jetcasinobest-ru.top,gambling
jetcasinobest-ru1.top,gambling
jetcasinobest.ru,gambling
jetcasinobest1.ru,gambling
jetcasinobonus.ca,gambling
jetcasinobtc.ru,gambling
jetcasinoofficial-site12.win,gambling
jetcasinoofficial-site156.win,gambling
jetcasinoofficial-site324.win,gambling
jetcasinoofficial-site8.win,gambling
jetcasinoofficial.top,gambling
jetcasinoofficial12.top,gambling
jetcasinoofficial126.win,gambling
jetcasinoofficial224.win,gambling
jetcasinoofficial4.win,gambling
jetcasinoofficial451.win,gambling
jetcasinoofficial46.top,gambling
jetcasinoofficial4658.win,gambling
jetcasinoofficial496.win,gambling
jetcasinoofficial5.top,gambling
jetcasinoofficial59.win,gambling
jetcasinoofficial9765.win,gambling
jetcasinoofficial978.win,gambling
jetcasinoofficialsite221.win,gambling
jetcasinoofficialsite25.win,gambling
jetcasinoofficialsite256.win,gambling
jetcasinoofficialsite357.win,gambling
jetcasinoofficialsite377.win,gambling
jetcasinoofficialsite46.win,gambling
jetcasinoofficialsite553.win,gambling
jetcasinoofficialsite555.win,gambling
jetcasinoofficialsite557.win,gambling
jetcasinoofficialsite57.win,gambling
jetcasinoofficialsite581.win,gambling
jetcasinoofficialsite67.win,gambling
jetcasinoofficialsite77.win,gambling
jetcasinoofficialsite9.win,gambling
jetcasinoofficialsite9973.win,gambling
jetcasinoonline.com,gambling
jetcasinooverall10.top,gambling
jetcasinooverall12.top,gambling
jetcasinooverall13.top,gambling
jetcasinooverall14.top,gambling
jetcasinooverall15.top,gambling
jetcasinooverall7.top,gambling
jetcasinooverall9.top,gambling
jetcasinoplay.ru,gambling
jetcasinoru.com,gambling
jetcasinos-24.top,gambling
jetcasinos-onlin12.top,gambling
jetcasinos-onlin13.top,gambling
jetcasinos-onlin14.top,gambling
jetcasinos-onlin15.ru,gambling
jetcasinos-onlin15.top,gambling
jetcasinos-rf.top,gambling
jetcasinos-rf1t.com,gambling
jetcasinos-rf3.top,gambling
jetcasinos-rf4.top,gambling
jetcasinos-rf5.top,gambling
jetcasinos-rf6.top,gambling
jetcasinos-rf7.top,gambling
jetcasinos-rf8.top,gambling
jetcasinos-rf9.ru,gambling
jetcasinos-rf9.top,gambling
jetcasinos.one,gambling
jetcasinos.top,gambling
jetcasinos1.top,gambling
jetcasinos2.top,gambling
jetcasinos24.com,gambling
jetcasinos3.top,gambling
jetcasinos4.top,gambling
jetcasinos5.top,gambling
jetcasinos6.top,gambling
jetcasinos8.top,gambling
jetcasinosite-official21.win,gambling
jetcasinosite-official245.win,gambling
jetcasinosite-official5.win,gambling
jetcasinosite-official589.top,gambling
jetcasinosite-official6.top,gambling
jetcasinosite-official6.win,gambling
jetcasinosite-official812.top,gambling
jetcasinosite-official89.top,gambling
jetcasinosite-win1.top,gambling
jetcasinosite.com,gambling
jetcasinosite.ru,gambling
jetcasinossite.top,gambling
jetcasinotop.ru,gambling
jetcasinotop1.ru,gambling
jetcasinotop2.ru,gambling
jetcasinotop3.ru,gambling
jetcasinotop4.ru,gambling
jetcasinotop5.ru,gambling
jetcasinotopslots.ru,gambling
jetcasinowin-online.ru,gambling
jetcasinowin2.top,gambling
jetcasinowin2.win,gambling
jetcasinowin23.win,gambling
jetcasinowin3.win,gambling
jetcasinowin33.win,gambling
jetcasinowin42.win,gambling
jetcasinowin456.win,gambling
jetcasinowin85.win,gambling
jetcasinowins-online.ru,gambling
jetcasinoz.club,gambling
jetcasinoz11.club,gambling
jetcasinoz12.club,gambling
jetcasinoz13.club,gambling
jetoncasino-canada.top,gambling
jetoncasino-france.top,gambling
jetoncasino.net,gambling
jetoncasino.online,gambling
jetononlinecasinos-ca.top,gambling
jetxcasinos.com,gambling
jeu-casino-ligne.com,gambling
jeu-casino.net,gambling
jeu-casino.showbizmusic.com,gambling
jeu-casinoligne.com,gambling
jeucasino.com,gambling
jeudecasino.com,gambling
jeudecasino.org,gambling
jeudecasinogratuit.net,gambling
jeudepoker.org,gambling
jeudepokergratuit.org,gambling
jeudunet.com,gambling
jeux-casino-gratuit.com,gambling
jeux-casino-gratuits.com,gambling
jeux-casino.com,gambling
jeux-casino.net,gambling
jeux-casinos-en-ligne.com,gambling
jeux-de-casino.ws,gambling
jeux-de-casinos-gratuits.com,gambling
jeux-de-casinos.com,gambling
jeux.casino.en.ligne.free.fr,gambling
jeux365.fr,gambling
jeuxcasino-fr.com,gambling
jeuxcasino.info,gambling
jeuxcasinogratuit.name,gambling
jeuxcasinomobile.com,gambling
jeuxcasinomobile.net,gambling
jeuxcasinos.net,gambling
jeuxdecasino.ch,gambling
jeuxdecasinoenligne.eu,gambling
jeuxdecasinogratuit.com,gambling
jeuxdecasinogratuits.com,gambling
jeuxdecasinogratuits.net,gambling
jeuxdecasinogratuits69.com,gambling
jeuxdepoker.fr,gambling
jeuxdepoker.org,gambling
jeuxdepokergratuit.com,gambling
jili-bet-casino.me,gambling
jili-casino.net,gambling
jili-vip-casino.me,gambling
jili10-casino.me,gambling
jili168casino.me,gambling
jili178-casino.click,gambling
jili178-casino.me,gambling
jili178casino.com,gambling
jili22casino.me,gambling
jili369-casino.me,gambling
jili63-casino.me,gambling
jili711-casino.me,gambling
jili888-casino.me,gambling
jiliasia-casino.com,gambling
jilibay-casino.me,gambling
jilibet88-casino.me,gambling
jilicasino.top,gambling
jilievocasino.com,gambling
jilihot-casino.me,gambling
jiliko-bet-casino.me,gambling
jiliko-casino.ph,gambling
jilimvpcasino.com,gambling
jilino-1-casino.me,gambling
jilino1-casino.me,gambling
jiliplay888casino.me,gambling
jilislots-ph.com,gambling
jilivip-casino.me,gambling
jilivipcasino.com,gambling
jimdrain.com,gambling
jimgamble.com,gambling
jimgamblin.com,gambling
jinglebingo.com,gambling
jintopincasino.online,gambling
jitacasinos.com,gambling
jitukipaswin.com,gambling
jiuse013.com,gambling
jjangcasino.com,gambling
jk8slots.com,gambling
jlbetcasino.net,gambling
joa-club.fr,gambling
joa-online.fr,gambling
joaclub.fr,gambling
joaonline.fr,gambling
jockeypronosticos.com,gambling
jocurisocialcasino.com,gambling
joecasinoss.com,gambling
joefortunecasinos.com,gambling
joga-casino.com,gambling
jogo-casino.com,gambling
jogossantacasa.pt,gambling
johnvegascasino.com,gambling
joicasino.club,gambling
joindwcasino.top,gambling
joindwcasino.xyz,gambling
joinncasino.com,gambling
jokabet-casino-es.com,gambling
jokabetslots.com,gambling
joker-win.casino,gambling
joker8casino-fr.com,gambling
jokerbet.es,gambling
jokercasino.click,gambling
jokercasino.top,gambling
jokercasinoslot.online,gambling
jokerslotjkcasino.shop,gambling
jokerswildcasino.com,gambling
jokerworldcasino.shop,gambling
jolibet-casino.me,gambling
jollibet-casino.me,gambling
jollycrowds.com,gambling
jomslots.net,gambling
jonny-jackpot-casino.com,gambling
jonnyjackpotcasino.net,gambling
joo-casino.space,gambling
joo-casino.top,gambling
joocasino.com,gambling
joocasino.mobi,gambling
joocasino.world,gambling
joocasino22.com,gambling
joocasino24.com,gambling
joocasino25.com,gambling
joocasino26.com,gambling
joocasino27.com,gambling
joocasino31.com,gambling
joocasino32.com,gambling
joocasino33.com,gambling
joocasinoau.com,gambling
joocasinopokies1.com,gambling
joocasinos.com,gambling
joocasinos1.com,gambling
joocasinos2.com,gambling
joocasinos3.com,gambling
joongcasino.kr,gambling
jorgegois.com,gambling
jos178e.com,gambling
jouer-au-casino.be,gambling
joueraucasino.ch,gambling
joueraucasino.com,gambling
joueraucasinoenligne.net,gambling
joueraucasinofiable.com,gambling
joueraupoker.pro,gambling
jouercasino.eu,gambling
jouerpokergratuit.com,gambling
jouezsense.ca,gambling
journaldescasinos.eu,gambling
joy------casino.ru,gambling
joy----casino.ru,gambling
joy-casino-25.ru,gambling
joy-casino-27.ru,gambling
joy-casino-club.biz,gambling
joy-casino-club.club,gambling
joy-casino-club.xyz,gambling
joy-casino-com-rus.ru,gambling
joy-casino-gam863.win,gambling
joy-casino-gam964.win,gambling
joy-casino-gam97.win,gambling
joy-casino-online.me,gambling
joy-casino-site.ru,gambling
joy-casino-slots.club,gambling
joy-casino-top15.win,gambling
joy-casino-top234.win,gambling
joy-casino-top88.win,gambling
joy-casino-win.top,gambling
joy-casino.best,gambling
joy-casino.club,gambling
joy-casino.icu,gambling
joy-casino.live,gambling
joy-casino.me,gambling
joy-casino.rocks,gambling
joy-casino.work,gambling
joy-casino.world,gambling
joy-casino333.ru,gambling
joy-casinoz.com,gambling
joy-csn.ru,gambling
joy-joycasino21.ru,gambling
joycasino-0.ru,gambling
joycasino-053.buzz,gambling
joycasino-193.buzz,gambling
joycasino-1945.ru,gambling
joycasino-1992.top,gambling
joycasino-1a.top,gambling
joycasino-1aa.xyz,gambling
joycasino-1ac.xyz,gambling
joycasino-1ad.xyz,gambling
joycasino-1ae.xyz,gambling
joycasino-1af.xyz,gambling
joycasino-1ah.xyz,gambling
joycasino-1ai.xyz,gambling
joycasino-200.xyz,gambling
joycasino-2047.xyz,gambling
joycasino-210.buzz,gambling
joycasino-249.buzz,gambling
joycasino-251.ru,gambling
joycasino-255.buzz,gambling
joycasino-289.buzz,gambling
joycasino-294.buzz,gambling
joycasino-3006.xyz,gambling
joycasino-322.buzz,gambling
joycasino-36s.top,gambling
joycasino-37s.top,gambling
joycasino-392.buzz,gambling
joycasino-39s.top,gambling
joycasino-3erkalo.ru,gambling
joycasino-400.buzz,gambling
joycasino-40s.top,gambling
joycasino-4121.ru,gambling
joycasino-42s.top,gambling
joycasino-4976.top,gambling
joycasino-5071.ru,gambling
joycasino-5125.ru,gambling
joycasino-523.buzz,gambling
joycasino-53b.top,gambling
joycasino-54b.top,gambling
joycasino-55.xyz,gambling
joycasino-55b.top,gambling
joycasino-58b.top,gambling
joycasino-610.buzz,gambling
joycasino-6240.xyz,gambling
joycasino-626.buzz,gambling
joycasino-6707.ru,gambling
joycasino-725.ru,gambling
joycasino-735.buzz,gambling
joycasino-777-play.ru,gambling
joycasino-852.ru,gambling
joycasino-888.xyz,gambling
joycasino-906.buzz,gambling
joycasino-aa24.top,gambling
joycasino-aa27.top,gambling
joycasino-aa29.top,gambling
joycasino-ach.top,gambling
joycasino-aee.top,gambling
joycasino-aeu.top,gambling
joycasino-afa.xyz,gambling
joycasino-aha.xyz,gambling
joycasino-ahd.top,gambling
joycasino-amp1.ru,gambling
joycasino-apk.online,gambling
joycasino-aqf.top,gambling
joycasino-ast.top,gambling
joycasino-asz.top,gambling
joycasino-baf.top,gambling
joycasino-betmax.ru,gambling
joycasino-bfd.top,gambling
joycasino-bigwin.top,gambling
joycasino-bkq.top,gambling
joycasino-bl.top,gambling
joycasino-bmb.top,gambling
joycasino-bpe.top,gambling
joycasino-bpm.top,gambling
joycasino-bs41.top,gambling
joycasino-bs43.top,gambling
joycasino-bs45.top,gambling
joycasino-bs48.top,gambling
joycasino-buzz.ru,gambling
joycasino-bvk.top,gambling
joycasino-bwm.top,gambling
joycasino-bww.top,gambling
joycasino-c30.xyz,gambling
joycasino-c40.top,gambling
joycasino-c41.top,gambling
joycasino-c42.top,gambling
joycasino-c43.top,gambling
joycasino-c44.top,gambling
joycasino-casino-official125.win,gambling
joycasino-casino-official225.win,gambling
joycasino-casino-official258.win,gambling
joycasino-casino-official378.win,gambling
joycasino-casino-official535.win,gambling
joycasino-casino-official6.win,gambling
joycasino-casino-official654.win,gambling
joycasino-casino-official663.win,gambling
joycasino-casino-official669.win,gambling
joycasino-casino-official685.win,gambling
joycasino-casino-official976.win,gambling
joycasino-casino-official985.win,gambling
joycasino-casino023.win,gambling
joycasino-casino125.win,gambling
joycasino-casino198.win,gambling
joycasino-casino221.win,gambling
joycasino-casino24.win,gambling
joycasino-casino268.win,gambling
joycasino-casino345.win,gambling
joycasino-casino453.win,gambling
joycasino-casino567.win,gambling
joycasino-casino65.win,gambling
joycasino-casino662.win,gambling
joycasino-casino852.win,gambling
joycasino-casino985.win,gambling
joycasino-casinoofficial45.win,gambling
joycasino-casinoofficial6.win,gambling
joycasino-casinosite12.win,gambling
joycasino-casinosite1455.win,gambling
joycasino-casinosite2145.win,gambling
joycasino-casinosite225.win,gambling
joycasino-casinosite25.win,gambling
joycasino-casinosite556.win,gambling
joycasino-casinosite790.win,gambling
joycasino-casinosite865.win,gambling
joycasino-civ.top,gambling
joycasino-co28.top,gambling
joycasino-co29.top,gambling
joycasino-co31.top,gambling
joycasino-co32.top,gambling
joycasino-com.xyz,gambling
joycasino-com1.top,gambling
joycasino-corp.ru,gambling
joycasino-cub.top,gambling
joycasino-cvt.top,gambling
joycasino-cwv.top,gambling
joycasino-dh2.win,gambling
joycasino-dh45.win,gambling
joycasino-dh777.win,gambling
joycasino-dh777official.win,gambling
joycasino-dh870official.win,gambling
joycasino-dhr121.win,gambling
joycasino-dhr1257.win,gambling
joycasino-dhr145.win,gambling
joycasino-dhr157.win,gambling
joycasino-dhr157.xyz,gambling
joycasino-dhr167.win,gambling
joycasino-dhr467.win,gambling
joycasino-dhr568.win,gambling
joycasino-dhr700.win,gambling
joycasino-dhr776.win,gambling
joycasino-dhr998.win,gambling
joycasino-doss.top,gambling
joycasino-dpr.top,gambling
joycasino-dsl.top,gambling
joycasino-dvt.site,gambling
joycasino-e1.xyz,gambling
joycasino-ec32.top,gambling
joycasino-ec33.top,gambling
joycasino-ec34.top,gambling
joycasino-ec36.top,gambling
joycasino-ec37.top,gambling
joycasino-ed33.top,gambling
joycasino-ed34.top,gambling
joycasino-ed36.top,gambling
joycasino-ed37.top,gambling
joycasino-ed38.top,gambling
joycasino-eg27.top,gambling
joycasino-eg30.top,gambling
joycasino-eg31.top,gambling
joycasino-eg32.top,gambling
joycasino-eh26.top,gambling
joycasino-eh27.top,gambling
joycasino-eh30.top,gambling
joycasino-eh31.top,gambling
joycasino-eil.top,gambling
joycasino-ej1.top,gambling
joycasino-elq.top,gambling
joycasino-eo13.top,gambling
joycasino-eop.top,gambling
joycasino-eqk.top,gambling
joycasino-esb.top,gambling
joycasino-ese.top,gambling
joycasino-ev1.top,gambling
joycasino-eye.top,gambling
joycasino-eyy.top,gambling
joycasino-f1.xyz,gambling
joycasino-f48.top,gambling
joycasino-f49.top,gambling
joycasino-f50.top,gambling
joycasino-fav.top,gambling
joycasino-fay.top,gambling
joycasino-fcv.top,gambling
joycasino-fdt.top,gambling
joycasino-fes.top,gambling
joycasino-fest2.ru,gambling
joycasino-flt.top,gambling
joycasino-fpm.top,gambling
joycasino-frb.top,gambling
joycasino-fzk.top,gambling
joycasino-game.top,gambling
joycasino-gb1.top,gambling
joycasino-gc.top,gambling
joycasino-ge.top,gambling
joycasino-gf1.top,gambling
joycasino-gi1.top,gambling
joycasino-gk3.top,gambling
joycasino-gl1.top,gambling
joycasino-gm.top,gambling
joycasino-good5453.ru,gambling
joycasino-gr1.xyz,gambling
joycasino-gsn.top,gambling
joycasino-hlm.top,gambling
joycasino-hog.top,gambling
joycasino-hpu.top,gambling
joycasino-htin.top,gambling
joycasino-htz.top,gambling
joycasino-i.ru,gambling
joycasino-i18.top,gambling
joycasino-i20.top,gambling
joycasino-i21.top,gambling
joycasino-id12.top,gambling
joycasino-id13.top,gambling
joycasino-id14.top,gambling
joycasino-id17.top,gambling
joycasino-igf.top,gambling
joycasino-iii.site,gambling
joycasino-ij10.top,gambling
joycasino-ij11.top,gambling
joycasino-ij12.top,gambling
joycasino-ij6.top,gambling
joycasino-ij8.top,gambling
joycasino-imb.top,gambling
joycasino-irg.xyz,gambling
joycasino-iyq.top,gambling
joycasino-j.xyz,gambling
joycasino-j57.top,gambling
joycasino-j59.top,gambling
joycasino-j62.top,gambling
joycasino-j63.top,gambling
joycasino-j65.top,gambling
joycasino-j67.top,gambling
joycasino-ja1.top,gambling
joycasino-jcasino.xyz,gambling
joycasino-jco.top,gambling
joycasino-jcs01458.win,gambling
joycasino-jcs057.win,gambling
joycasino-jcs216.win,gambling
joycasino-jcs219.win,gambling
joycasino-jcs266.win,gambling
joycasino-jcs320.win,gambling
joycasino-jcs325.win,gambling
joycasino-jcs542.win,gambling
joycasino-jcs579.win,gambling
joycasino-jcs862.win,gambling
joycasino-jdl.top,gambling
joycasino-jer.top,gambling
joycasino-jjx.xyz,gambling
joycasino-joy.xyz,gambling
joycasino-joy1.xyz,gambling
joycasino-joycasino.xyz,gambling
joycasino-joycasino469.win,gambling
joycasino-juo.top,gambling
joycasino-juw.top,gambling
joycasino-jxt.top,gambling
joycasino-kbl.top,gambling
joycasino-kds.top,gambling
joycasino-kev.top,gambling
joycasino-knc.top,gambling
joycasino-ksm.top,gambling
joycasino-kws.top,gambling
joycasino-kxp.top,gambling
joycasino-kxq.top,gambling
joycasino-lcr.top,gambling
joycasino-lfe.top,gambling
joycasino-lij.xyz,gambling
joycasino-lis.top,gambling
joycasino-m1.xyz,gambling
joycasino-main7203.ru,gambling
joycasino-maximum.ru,gambling
joycasino-mfn.top,gambling
joycasino-mhl.top,gambling
joycasino-mma.top,gambling
joycasino-mnk.site,gambling
joycasino-mob4.ru,gambling
joycasino-n1.xyz,gambling
joycasino-net.ru,gambling
joycasino-nfs.top,gambling
joycasino-nig1.top,gambling
joycasino-njb.top,gambling
joycasino-njg14.win,gambling
joycasino-njg233.win,gambling
joycasino-njg563.win,gambling
joycasino-njg567.win,gambling
joycasino-njg575.win,gambling
joycasino-njg669.win,gambling
joycasino-njg724.win,gambling
joycasino-njg737.win,gambling
joycasino-njg747.win,gambling
joycasino-njg779.win,gambling
joycasino-njg899.win,gambling
joycasino-nno.top,gambling
joycasino-nps.top,gambling
joycasino-nre.top,gambling
joycasino-nsi.top,gambling
joycasino-ntm.top,gambling
joycasino-nvw.top,gambling
joycasino-nya.top,gambling
joycasino-offical.info,gambling
joycasino-official-2023.ru,gambling
joycasino-official-sites1.win,gambling
joycasino-official.com,gambling
joycasino-official.me,gambling
joycasino-official.one,gambling
joycasino-official1-bk.ru,gambling
joycasino-official127.win,gambling
joycasino-official14.win,gambling
joycasino-official151.win,gambling
joycasino-official161.win,gambling
joycasino-official168.win,gambling
joycasino-official246.win,gambling
joycasino-official248.win,gambling
joycasino-official448.win,gambling
joycasino-official499.win,gambling
joycasino-official54.win,gambling
joycasino-official553.win,gambling
joycasino-official747.win,gambling
joycasino-official789.win,gambling
joycasino-official790.win,gambling
joycasino-official821.win,gambling
joycasino-official845.win,gambling
joycasino-official98.win,gambling
joycasino-official99.win,gambling
joycasino-officialcasino115.win,gambling
joycasino-officialcasino148.win,gambling
joycasino-officialcasino246.win,gambling
joycasino-officialcasino45.win,gambling
joycasino-officialcasino578.win,gambling
joycasino-officialcasino964.win,gambling
joycasino-officialniy.ru,gambling
joycasino-officialnoye256.win,gambling
joycasino-officialnoye26.win,gambling
joycasino-officialnoye268.win,gambling
joycasino-officialnoye278.win,gambling
joycasino-officialnoye567.win,gambling
joycasino-officialnoye578.win,gambling
joycasino-officialnoye6.win,gambling
joycasino-officialnoye673.win,gambling
joycasino-officialnoye763.win,gambling
joycasino-officialnoye886.win,gambling
joycasino-officialnoye940.win,gambling
joycasino-officialnyi12.win,gambling
joycasino-officialnyi125.win,gambling
joycasino-officialnyi212.win,gambling
joycasino-officialnyi3.win,gambling
joycasino-officialnyi359.win,gambling
joycasino-officialnyi375.win,gambling
joycasino-officialnyi742.win,gambling
joycasino-officialnyi976.win,gambling
joycasino-officialnyy2.win,gambling
joycasino-officialnyy45.win,gambling
joycasino-officialnyy54.win,gambling
joycasino-officialnyy57.win,gambling
joycasino-officialnyy59.win,gambling
joycasino-officialsite.ru,gambling
joycasino-officialsite136.win,gambling
joycasino-officialsite663.win,gambling
joycasino-oficial.ru,gambling
joycasino-ofs189.win,gambling
joycasino-ofs747.win,gambling
joycasino-oksite.ru,gambling
joycasino-olx12.win,gambling
joycasino-olx214.win,gambling
joycasino-olx852.win,gambling
joycasino-online.click,gambling
joycasino-online.co,gambling
joycasino-online.company,gambling
joycasino-online.net,gambling
joycasino-online.work,gambling
joycasino-onlinesite.ru,gambling
joycasino-onlinesite1.top,gambling
joycasino-oux.top,gambling
joycasino-p12.top,gambling
joycasino-p13.top,gambling
joycasino-p15.top,gambling
joycasino-p16.top,gambling
joycasino-p17.top,gambling
joycasino-paygame.top,gambling
joycasino-pcw.top,gambling
joycasino-peu.top,gambling
joycasino-pfb.top,gambling
joycasino-pjg.top,gambling
joycasino-pla1.top,gambling
joycasino-play.ru,gambling
joycasino-play5.top,gambling
joycasino-pnp.top,gambling
joycasino-poh.top,gambling
joycasino-pom.top,gambling
joycasino-psi.top,gambling
joycasino-psy.top,gambling
joycasino-ptx.top,gambling
joycasino-pww.top,gambling
joycasino-pxj.top,gambling
joycasino-pzw.top,gambling
joycasino-q1.xyz,gambling
joycasino-q12.top,gambling
joycasino-q16.top,gambling
joycasino-q8.top,gambling
joycasino-q9.top,gambling
joycasino-qca.top,gambling
joycasino-qhk.top,gambling
joycasino-qho.top,gambling
joycasino-qir.top,gambling
joycasino-qlx.top,gambling
joycasino-qm.ru,gambling
joycasino-qwe45.win,gambling
joycasino-qzg.top,gambling
joycasino-rbh.top,gambling
joycasino-rcd.top,gambling
joycasino-real.cc,gambling
joycasino-real7862.ru,gambling
joycasino-redi1c.ru,gambling
joycasino-reg.top,gambling
joycasino-reg17.xyz,gambling
joycasino-req.top,gambling
joycasino-rpo.top,gambling
joycasino-ru-official128.win,gambling
joycasino-ru-official158.win,gambling
joycasino-ru-official164.win,gambling
joycasino-ru-official367.win,gambling
joycasino-ru-official396.win,gambling
joycasino-ru-official958.win,gambling
joycasino-ru9986.ru,gambling
joycasino-rwk.top,gambling
joycasino-rzn.top,gambling
joycasino-sa1.xyz,gambling
joycasino-sba.xyz,gambling
joycasino-sbb1.top,gambling
joycasino-sbs.ru,gambling
joycasino-scr.top,gambling
joycasino-sites.win,gambling
joycasino-sjc.top,gambling
joycasino-skachat.site,gambling
joycasino-slo.top,gambling
joycasino-sloty.net,gambling
joycasino-sloty.win,gambling
joycasino-sm12.top,gambling
joycasino-sm13.top,gambling
joycasino-sm15.top,gambling
joycasino-sm16.top,gambling
joycasino-sm17.top,gambling
joycasino-sm18.top,gambling
joycasino-suh.top,gambling
joycasino-tdu.top,gambling
joycasino-tfr.top,gambling
joycasino-toi.top,gambling
joycasino-tqc.top,gambling
joycasino-twd.top,gambling
joycasino-ubk.top,gambling
joycasino-udo.top,gambling
joycasino-ugc.top,gambling
joycasino-ukf.top,gambling
joycasino-ukp.top,gambling
joycasino-umx.top,gambling
joycasino-utr.top,gambling
joycasino-utu1.xyz,gambling
joycasino-uty1.xyz,gambling
joycasino-vhf.top,gambling
joycasino-vsr.top,gambling
joycasino-vus.top,gambling
joycasino-vvd.top,gambling
joycasino-vyva.top,gambling
joycasino-w35.top,gambling
joycasino-w36.top,gambling
joycasino-w38.top,gambling
joycasino-w40.top,gambling
joycasino-wco.top,gambling
joycasino-wfm.top,gambling
joycasino-winplay.ru,gambling
joycasino-wnr.top,gambling
joycasino-www.xyz,gambling
joycasino-wyu.top,gambling
joycasino-x.ru,gambling
joycasino-x665.top,gambling
joycasino-xaq.top,gambling
joycasino-xjg.top,gambling
joycasino-xnk.top,gambling
joycasino-xpl.top,gambling
joycasino-xri.top,gambling
joycasino-xsb.top,gambling
joycasino-xxa.xyz,gambling
joycasino-xxv.top,gambling
joycasino-xxx.xyz,gambling
joycasino-ydp.top,gambling
joycasino-ygs.top,gambling
joycasino-ynn.top,gambling
joycasino-yqu.top,gambling
joycasino-yvp.top,gambling
joycasino-yyt.top,gambling
joycasino-z1.xyz,gambling
joycasino-zbg1.top,gambling
joycasino-zbl.top,gambling
joycasino-zcl.top,gambling
joycasino-zd10.top,gambling
joycasino-ze1.xyz,gambling
joycasino-ze31.top,gambling
joycasino-ze32.top,gambling
joycasino-ze33.top,gambling
joycasino-ze34.top,gambling
joycasino-ze35.top,gambling
joycasino-zed9.top,gambling
joycasino-zeh.top,gambling
joycasino-zer1.xyz,gambling
joycasino-zerkalo.best,gambling
joycasino-zerkalo.cam,gambling
joycasino-zerkalo.ltd,gambling
joycasino-zfc2.top,gambling
joycasino-zfo.top,gambling
joycasino-zfp.top,gambling
joycasino-zfw9.top,gambling
joycasino-zfx.top,gambling
joycasino-zit6.top,gambling
joycasino-ziz.top,gambling
joycasino-zls3.top,gambling
joycasino-zlz.top,gambling
joycasino-zon3.top,gambling
joycasino-zop9.top,gambling
joycasino-zpe1.top,gambling
joycasino-zph5.top,gambling
joycasino-zq1.xyz,gambling
joycasino-zq20.top,gambling
joycasino-zq21.top,gambling
joycasino-zq22.top,gambling
joycasino-zq23.top,gambling
joycasino-zqc6.top,gambling
joycasino-zqe.top,gambling
joycasino-zrh9.top,gambling
joycasino-zsk1.top,gambling
joycasino-ztb.top,gambling
joycasino-ztz3.top,gambling
joycasino-zub6.top,gambling
joycasino-zui7.top,gambling
joycasino-zuj6.top,gambling
joycasino-zwn6.top,gambling
joycasino-zxc.site,gambling
joycasino-zxn9.top,gambling
joycasino-zyd1.top,gambling
joycasino-zym.top,gambling
joycasino-zyt8.top,gambling
joycasino-zz1.xyz,gambling
joycasino.accountant,gambling
joycasino.bike,gambling
joycasino.boats,gambling
joycasino.bond,gambling
joycasino.business,gambling
joycasino.center,gambling
joycasino.com,gambling
joycasino.cricket,gambling
joycasino.dance,gambling
joycasino.futbol,gambling
joycasino.gold,gambling
joycasino.ink,gambling
joycasino.loan,gambling
joycasino.men,gambling
joycasino.name,gambling
joycasino.news,gambling
joycasino.org,gambling
joycasino.quest,gambling
joycasino.rocks,gambling
joycasino.rodeo,gambling
joycasino.stream,gambling
joycasino.support,gambling
joycasino.tips,gambling
joycasino.town,gambling
joycasino.uno,gambling
joycasino.win,gambling
joycasino.work,gambling
joycasino1.ru,gambling
joycasino100.ru,gambling
joycasino1013.top,gambling
joycasino1014.top,gambling
joycasino1015.top,gambling
joycasino111.xyz,gambling
joycasino1199.top,gambling
joycasino122.ru,gambling
joycasino1469.top,gambling
joycasino183.ru,gambling
joycasino19.com,gambling
joycasino19.net,gambling
joycasino2.cc,gambling
joycasino2.top,gambling
joycasino200.top,gambling
joycasino2000.xyz,gambling
joycasino2018.ru,gambling
joycasino2018.top,gambling
joycasino2402.top,gambling
joycasino241a.top,gambling
joycasino286.ru,gambling
joycasino3000.xyz,gambling
joycasino3199-legal.ru,gambling
joycasino32.com,gambling
joycasino333.xyz,gambling
joycasino34.com,gambling
joycasino40.top,gambling
joycasino42.top,gambling
joycasino4333.ru,gambling
joycasino471-mobi.ru,gambling
joycasino471.top,gambling
joycasino473.top,gambling
joycasino475.top,gambling
joycasino4923.ru,gambling
joycasino5.org,gambling
joycasino5012.ru,gambling
joycasino5058.xyz,gambling
joycasino6345.ru,gambling
joycasino6488.ru,gambling
joycasino67-luck.ru,gambling
joycasino6775.top,gambling
joycasino7.net,gambling
joycasino7.org,gambling
joycasino7169.ru,gambling
joycasino777.fun,gambling
joycasino777.ru,gambling
joycasino7777.xyz,gambling
joycasino7ntl.ru,gambling
joycasino8463.ru,gambling
joycasino8561.ru,gambling
joycasino9688.ru,gambling
joycasino999.xyz,gambling
joycasino9ntl.top,gambling
joycasinoavtomaty.ru,gambling
joycasinocassino.ru,gambling
joycasinocom-amp.ru,gambling
joycasinocom19.top,gambling
joycasinofun.xyz,gambling
joycasinoice.ru,gambling
joycasinoigrat.com,gambling
joycasinoj39.top,gambling
joycasinoj41.top,gambling
joycasinoj42.top,gambling
joycasinojj2.top,gambling
joycasinojj4.top,gambling
joycasinojj5.top,gambling
joycasinojj6.top,gambling
joycasinokazino.ru,gambling
joycasinolotoru.ru,gambling
joycasinonight.ru,gambling
joycasinoo.co,gambling
joycasinoo.fun,gambling
joycasinoo.news,gambling
joycasinoo.org,gambling
joycasinoo.rocks,gambling
joycasinoo.world,gambling
joycasinoo3.ru,gambling
joycasinoofficial-site1.win,gambling
joycasinoofficial-site221.win,gambling
joycasinoofficial-site225.win,gambling
joycasinoofficial-site23.win,gambling
joycasinoofficial-site24.win,gambling
joycasinoofficial-site375.win,gambling
joycasinoofficial-site379.win,gambling
joycasinoofficial12.win,gambling
joycasinoofficial123.win,gambling
joycasinoofficial212.win,gambling
joycasinoofficial222.win,gambling
joycasinoofficial234.win,gambling
joycasinoofficial367.win,gambling
joycasinoofficial5.win,gambling
joycasinoofficial52.win,gambling
joycasinoofficial55.win,gambling
joycasinoofficial563.win,gambling
joycasinoofficial578.win,gambling
joycasinoofficial579.win,gambling
joycasinoofficial580.win,gambling
joycasinoofficial8.win,gambling
joycasinoofficial87.win,gambling
joycasinoofficial9.win,gambling
joycasinoofficial914.win,gambling
joycasinoofficial973.win,gambling
joycasinoofficial985.win,gambling
joycasinoofficialnui877.win,gambling
joycasinoofficialnyi4.win,gambling
joycasinoofficialnyi56.win,gambling
joycasinoofficialnyi777.win,gambling
joycasinoofficialsite1-777.win,gambling
joycasinoofficialsite15.top,gambling
joycasinoofficialsite357.win,gambling
joycasinoofficialsite377.win,gambling
joycasinoofficialsite5.win,gambling
joycasinoofficialsite777.win,gambling
joycasinoofficialsites.top,gambling
joycasinoofficialsites120.win,gambling
joycasinoofficialsites223.win,gambling
joycasinoofficialsites257.win,gambling
joycasinoofficialsites3.win,gambling
joycasinoofficialsites357.win,gambling
joycasinoplatinum.ru,gambling
joycasinoplay.biz,gambling
joycasinoplay.shop,gambling
joycasinoplayx.top,gambling
joycasinopro.xyz,gambling
joycasinorus.com,gambling
joycasinos7.top,gambling
joycasinosite1.win,gambling
joycasinosite167.win,gambling
joycasinosite169.win,gambling
joycasinosite2.win,gambling
joycasinosite227.win,gambling
joycasinosite24.win,gambling
joycasinosite25.win,gambling
joycasinosite454.win,gambling
joycasinosite555.win,gambling
joycasinosite7.win,gambling
joycasinosloti.club,gambling
joycasinoslots4.top,gambling
joycasinoslots45.top,gambling
joycasinoslots48.top,gambling
joycasinoslots49.top,gambling
joycasinoslots51.top,gambling
joycasinoslots52.top,gambling
joycasinoslots53.top,gambling
joycasinosmart.ru,gambling
joycasinowin.org,gambling
joycasinowin.vip,gambling
joycasinox111.xyz,gambling
joycasinoz.party,gambling
joycasinoz.shop,gambling
joycasinozendoc.com,gambling
joycasinozerkal2157.win,gambling
joycasinozerkal257.win,gambling
joycasinozerkal557.win,gambling
joycasinozerkal785.win,gambling
joycasinozerkal894.win,gambling
joycasinozerkalo159.win,gambling
joycasinozerkalo215.win,gambling
joycasinozerkalo225.win,gambling
joycasinozerkalo24.win,gambling
joycasinozerkalo26.win,gambling
joycasinozerkalo27.win,gambling
joycasinozerkalo286.win,gambling
joycasinozerkalo31.win,gambling
joycasinozerkalo334.win,gambling
joycasinozerkalo4224.win,gambling
joycasinozerkalo458.win,gambling
joycasinozerkalo466.win,gambling
joycasinozerkalo468.win,gambling
joycasinozerkalo469.win,gambling
joycasinozerkalo479.win,gambling
joycasinozerkalo5257.win,gambling
joycasinozerkalo5259.win,gambling
joycasinozerkalo579.win,gambling
joycasinozerkalo590.win,gambling
joycasinozerkalo744.win,gambling
joycasinozerkalo894.win,gambling
joygemvipclub.com,gambling
joyofbingo.com,gambling
joytime-games.com,gambling
joytimegames.com,gambling
joyy-casinox777.ru,gambling
jozz-casino.info,gambling
jozz-casino.lol,gambling
jozzcasino-24.ru,gambling
jozzcasino-bma.top,gambling
jozzcasino-df1.site,gambling
jozzcasino-egu.top,gambling
jozzcasino-etq.top,gambling
jozzcasino-muw.top,gambling
jozzcasino-qtu.top,gambling
jozzcasino-uux.top,gambling
jozzcasino.fun,gambling
jozzcasino.info,gambling
jozzcasino.xyz,gambling
jozzcasino24.com,gambling
jozzcasino24.net,gambling
jozzcasinowinzerkalo.ru,gambling
jrcasino.top,gambling
jrgamblers.com,gambling
jtogel.com,gambling
judiagenonline.com,gambling
judibebas.com,gambling
judibola.com,gambling
judibolaterbesar.com,gambling
judikiss88casino.top,gambling
judionlinebet.com,gambling
judionlinepoker.com,gambling
juegaenlinea.net,gambling
juegalo-casino.cl,gambling
juegatusuerte.com,gambling
juegaygana.bet,gambling
juegocasino.com.co,gambling
juegoresponsable.com.ar,gambling
juegoscasino.net,gambling
juegosdecasino.us,gambling
juegosdecasinochile.online,gambling
juegosxo.casino,gambling
jugarblackjack.org,gambling
jugarblackjack21.com,gambling
jugarenlasvegas.com,gambling
juicebetcasino.com,gambling
juliuscaesarcasino.com,gambling
juliuscasino.com,gambling
jumbabetcasino.top,gambling
jumbo33.org,gambling
jumbo33.site,gambling
jun88casino.net,gambling
jun88casino.tel,gambling
junglereels.com,gambling
junketcasino.click,gambling
jupicasino.com,gambling
jupitercasino.com,gambling
jupiterclub.com,gambling
jupiterclubcasino.top,gambling
juracasino.com,gambling
juragancasino.click,gambling
juruscasino2.biz,gambling
juruscasino2.co,gambling
juruscasino2.org,gambling
justcasino-online.com,gambling
justcasinolooking.site,gambling
justcasinos.net,gambling
justgamble.com,gambling
justicecasino.info,gambling
justonlinecasinos.net,gambling
justsayonce.g2gm.com,drugs
justspincasino.top,gambling
jvspin-casino.one,gambling
jvspincasino-win.top,gambling
jvspincasino.cc,gambling
jvspincasino.club,gambling
jvspincasinoar.top,gambling
jvspincasinobonus.ru,gambling
jwcasino.net,gambling
jwin7casino.click,gambling
jwin7casino.top,gambling
k-poker.com,gambling
k-poker.fr,gambling
k689casino.com,gambling
k7poker.com,gambling
k8-casino.net,gambling
k8-casino.org,gambling
k8casino.biz,gambling
k8casinogaming.com,gambling
k8io.mom,gambling
k8play9.io,gambling
k8poker.cc,gambling
kaboocasino.top,gambling
kaboom-slots.net,gambling
kaiacasino.com,gambling
kais.netfirms.com,dangerous_material
kaisar888am.com,gambling
kaisarlangit33max.com,gambling
kaizengaming.com,gambling
kajot-casino-prime.com,gambling
kajotcasino-bonus.sk,gambling
kajotcasino-sk.top,gambling
kajotcasino.click,gambling
kajotcasino.top,gambling
kakacasino.kr,gambling
kakadu-casino.top,gambling
kakaducasino.click,gambling
kakaducasino.top,gambling
kakaducasinos.com,gambling
kaktus-casino.fun,gambling
kaktus-casino.site,gambling
kaktuzcasino.club,gambling
kalebet1063.com,gambling
kalebet1064.com,gambling
kalebet1066.com,gambling
kalebet1068.com,gambling
kalebet1069.com,gambling
kalebet1070.com,gambling
kalebet1071.com,gambling
kalebet1072.com,gambling
kalebet1075.com,gambling
kalebet1076.com,gambling
kalebet1079.com,gambling
kalebet1080.com,gambling
kalebet1081.com,gambling
kalenegamble.com,gambling
kalispelcasino.com,gambling
kalitebet444.com,gambling
kalitebet445.com,gambling
kalitebet446.com,gambling
kalitebet448.com,gambling
kalitebet453.com,gambling
kalitebet456.com,gambling
kalitebet457.com,gambling
kalitebet458.com,gambling
kalitebet460.com,gambling
kalitebet461.com,gambling
kamibersamacasino.com,gambling
kangtotolaju.com,gambling
kanicasino.com,gambling
kannamania.com,drugs
kansascasinos.com,gambling
kanuunacasino.top,gambling
kapowcasino.top,gambling
karambacasino.click,gambling
karambacasino.top,gambling
karanarising.org,gambling
karavan-casino-tr.com,gambling
karavan-casino.com,gambling
kargacasino.com,gambling
kargacasino.net,gambling
kargacasino.org,gambling
karstunderwater.org,gambling
kartumember1.com,gambling
kassino-casinox744.ru,gambling
kassu-casino.com,gambling
kassucasino.click,gambling
kassucasino.org,gambling
kassucasino.top,gambling
kassucasino.world,gambling
kasynopoker.com.pl,gambling
katekuepers.com,gambling
kathryngamble.com,gambling
kawaiicasino.info,gambling
kazakhstanfairgambling.com,gambling
kazino-casinox667.ru,gambling
kazinoblackjack.com,gambling
kazoomcasino.click,gambling
kazoomcasino.top,gambling
kazzino-casinox734.ru,gambling
kazzino-joycasino8424.ru,gambling
kb86.net,gambling
kcasino.org,gambling
kdo-squatte.net,gambling
kdopoints.com,gambling
kedaicasino.xyz,gambling
kedaijudi.com,gambling
keirforag.com,gambling
kekoldi.org,gambling
kennycasino.com,gambling
kennycasino.net,gambling
kennycasino.org,gambling
keno-info.com,gambling
kent-casino-amp-1.ru,gambling
kent-casino-amp-3.ru,gambling
kent-casino-amp-4.ru,gambling
kent-casino-amp-5.ru,gambling
kent-casino-amp.ru,gambling
kent-casino-amp1.ru,gambling
kent-casino-amp10.ru,gambling
kent-casino-amp4.ru,gambling
kent-casino-amp6.ru,gambling
kent-casino-amp8.ru,gambling
kent-casino-amp9.ru,gambling
kent-casino-cvn.life,gambling
kent-casino-games.top,gambling
kent-casino-gg.buzz,gambling
kent-casino-gj.buzz,gambling
kent-casino-icn.life,gambling
kent-casino-kl.buzz,gambling
kent-casino-official.ru,gambling
kent-casino-onlain.space,gambling
kent-casino-online.ru,gambling
kent-casino-online.shop,gambling
kent-casino-play.ru,gambling
kent-casino-reg.click,gambling
kent-casino-reg.life,gambling
kent-casino-reg.xyz,gambling
kent-casino-slot.com,gambling
kent-casino-vbn.top,gambling
kent-casino-zanos.click,gambling
kent-casino-zanos.life,gambling
kent-casino-zanos.top,gambling
kent-casino-zanos.xyz,gambling
kent-casino-zerkalo.pro,gambling
kent-casino-zerkalo.ru,gambling
kent-casino-zerkalo.site,gambling
kent-casino-zerkalo1435.ru,gambling
kent-casino-zerkalo2387.ru,gambling
kent-casino-zerkalo2406.ru,gambling
kent-casino-zerkalo2678.ru,gambling
kent-casino-zerkalo3111.ru,gambling
kent-casino-zerkalo3833.ru,gambling
kent-casino-zerkalo4310.ru,gambling
kent-casino-zerkalo4665.ru,gambling
kent-casino-zerkalo4937.ru,gambling
kent-casino-zerkalo5290.ru,gambling
kent-casino-zerkalo5419.ru,gambling
kent-casino-zerkalo5616.ru,gambling
kent-casino-zerkalo6234.ru,gambling
kent-casino-zerkalo6336.ru,gambling
kent-casino-zerkalo6480.ru,gambling
kent-casino-zerkalo6652.ru,gambling
kent-casino-zerkalo6745.ru,gambling
kent-casino-zerkalo6904.ru,gambling
kent-casino-zerkalo7175.ru,gambling
kent-casino-zerkalo7513.ru,gambling
kent-casino-zerkalo8647.ru,gambling
kent-casino-zerkalo8760.ru,gambling
kent-casino-zerkalo8784.ru,gambling
kent-casino-zerkalo8862.ru,gambling
kent-casino-zerkalo8882.ru,gambling
kent-casino-zerkalo9310.ru,gambling
kent-casino-zerkalo9436.ru,gambling
kent-casino-zerkalo9497.ru,gambling
kent-casino-zerkalo9630.ru,gambling
kent-casino-zrk.click,gambling
kent-casino.com,gambling
kent-casino12.xyz,gambling
kent-casinoo.live,gambling
kent-casinoo.net,gambling
kent-casinoo.online,gambling
kent-casinoo.xyz,gambling
kent-casinos.live,gambling
kent-casinos.today,gambling
kent-casinos.xyz,gambling
kent-online-casino.ru,gambling
kentcasino-039.top,gambling
kentcasino-159.top,gambling
kentcasino-50.buzz,gambling
kentcasino-63.buzz,gambling
kentcasino-65.buzz,gambling
kentcasino-amp.ru,gambling
kentcasino-dyo.top,gambling
kentcasino-ffr.buzz,gambling
kentcasino-kwp.top,gambling
kentcasino-mobile.ru,gambling
kentcasino-online.com,gambling
kentcasino-online.win,gambling
kentcasino-reg.site,gambling
kentcasino-registraciya.site,gambling
kentcasino-tmp.top,gambling
kentcasino.biz,gambling
kentcasino.cash,gambling
kentcasino.cc,gambling
kentcasino.click,gambling
kentcasino.gold,gambling
kentcasino.help,gambling
kentcasino.info,gambling
kentcasino.rocks,gambling
kentcasino.win,gambling
kentcasino.xyz,gambling
kentcasino315.com,gambling
kentcasino319.com,gambling
kentcasino460.com,gambling
kentcasino534.com,gambling
kentcasino658.com,gambling
kentcasino949.com,gambling
kentcasino993.com,gambling
kentcasinobiz.com,gambling
kentcasinofficial.win,gambling
kentcasinoofficialsite1.ru,gambling
kentcasinoofficialsite1001.ru,gambling
kentcasinoofficialsite1201.ru,gambling
kentcasinoofficialsite1501.ru,gambling
kentcasinoofficialsite1901.ru,gambling
kentcasinoofficialsite1902.ru,gambling
kentcasinoofficialsite2001.ru,gambling
kentcasinoofficialsite2003.ru,gambling
kentcasinoofficialsite201.ru,gambling
kentcasinoofficialsite203.ru,gambling
kentcasinoofficialsite501.ru,gambling
kentcasinoofficialsite505.ru,gambling
kentcasinoofficialsite601.ru,gambling
kentcasinoofficialsite602.ru,gambling
kentcasinoofficialsite801.ru,gambling
kentcasinoofficialsite901.ru,gambling
kentcasinoofficialsite905.ru,gambling
kentcasinoru.top,gambling
kentcasinoru.win,gambling
kentcasinos.pro,gambling
kentcasinotop21-win.win,gambling
kentcasinowins-online.ru,gambling
kentuckygamblinglaws.com,gambling
kenya-online-casinos.com,gambling
kera99gc.com,gambling
kerang.cfd,gambling
kerangslot.in,gambling
key-drop.com,gambling
kgk777casino.top,gambling
kickscasino.com,gambling
kilat77sultan.com,gambling
kilic.hk-kundenzugang.de,dangerous_material
killcasino.info,gambling
kimsacasino.click,gambling
kimsacasino.com,gambling
king-billy-casino.com,gambling
king-billycasino.top,gambling
king-johnnie-casino.net,gambling
king777casino.ph,gambling
kingbet86.info,gambling
kingbilly-casinos.com,gambling
kingbillycasino.com,gambling
kingbillycasino.top,gambling
kingbillycasinopokies.com,gambling
kingcasino.click,gambling
kingcasino.com,gambling
kingcasino.top,gambling
kingcasino2024.online,gambling
kingcasinobonus.com,gambling
kingcasinobonus.uk,gambling
kingchance-casino-france.com,gambling
kingchance-casino.com,gambling
kingdeportes.com,gambling
kingdom-casino-win.com,gambling
kingdomcasino1.com,gambling
kingdomcasino2.com,gambling
kingdomcasinoireland.com,gambling
kingdomofbingo.com,gambling
kingfishingcasino.click,gambling
kingislandcasino.com,gambling
kingjohnniecasino.net,gambling
kingjohnniecasino1.com,gambling
kingjohnniecasinologin.net,gambling
kingmakercasino.it,gambling
kingofbaccarat.info,gambling
kingofbaccarat.net,gambling
kingofbaccarat.org,gambling
kingofmgmmacau.com,gambling
kingofmgmmacau.info,gambling
kingofmgmmacau.net,gambling
kingofslot.info,gambling
kingofslot.net,gambling
kingoloto.com,gambling
kingsolomons.com,gambling
kingswin.com,gambling
kingtogel.com,gambling
kino-dom.tv,gambling
kipastop.icu,gambling
kipaswinbos.net,gambling
kirgo.com,gambling
kiwicasino.com,gambling
kiwicasinonz.com,gambling
kiwicasinos.com,gambling
kiwicasinos.io,gambling
kiwicasinos.nz,gambling
kiwionlinecasino.nz,gambling
kkslots168.com,gambling
klarnacasino-de.top,gambling
klarnacasino-uk.top,gambling
klarnacasinos.nl,gambling
klc.go.kr,gambling
kliklinkdewacasino.com,gambling
kliklinkdewacasino.lol,gambling
kliklinkmildcasino.xyz,gambling
klimaatcasino.nl,gambling
klirrcasino.top,gambling
klondikenuggetcasino.com,gambling
klubnika-casino-kz.buzz,gambling
klubnikacasino.com,gambling
klubniks-casino.top,gambling
klubslotspin.xyz,gambling
knabis.com,drugs
knabis.fr,drugs
knabook.com,drugs
kodgratos.com,gambling
koffieshop.com,drugs
koicasino.top,gambling
koinaga88m.com,gambling
koinbet66.com,gambling
koizebra.com,gambling
koko5000-tg.com,gambling
kometa-casino-netent.buzz,gambling
kometa-casino.best,gambling
kometa-casino.com,gambling
kometa-casino.moscow,gambling
kometa-casino.ru,gambling
kometa-casino.site,gambling
kometa-casino1.com,gambling
kometacasino-5.ru,gambling
kometacasino-vip.ru,gambling
kometacasino.top,gambling
kometacasino2024.ru,gambling
kometacasinoru.ru,gambling
konabet-casino.com,gambling
konabetcasino.top,gambling
koncasino.kr,gambling
konibet-casino.com,gambling
konicasino.com,gambling
kopi4dawan.com,gambling
kopi77.id,gambling
kopi77asli.com,gambling
kopi77n.com,gambling
kopi77o.com,gambling
kordonbet257.com,gambling
korea-onlinecasino.com,gambling
kosmonautcasino.com,gambling
kosmonautcasino2.com,gambling
kosten-verhuizer.nl,gambling
kpwlottery.com,gambling
kqjcasino.com,gambling
kraken-casino.net,gambling
kraken-casino.top,gambling
krcasino.in,gambling
krcasino.net,gambling
kribo88.com,gambling
krikya-casino.com,gambling
krikya-casino.net,gambling
krikya-casino.org,gambling
krikya-casino.top,gambling
krikyacasino.click,gambling
krikyacasino.top,gambling
krikyacasino.world,gambling
kritalporcasinoufabet.shop,gambling
kritikescasinos.one,gambling
kronerandgamble.com,gambling
krooncasino.com,gambling
krooncasino777.com,gambling
kruticasino.top,gambling
kruticasino1.top,gambling
kryptocasino.me,gambling
kryptocasinos.com,gambling
ks-casino.com,gambling
ksproblemgambling.org,gambling
kto.com,gambling
ku-casino.pro,gambling
ku-casino.top,gambling
ku11.casino,gambling
ku1688casino.co,gambling
ku711-casino.click,gambling
ku711casino.top,gambling
ku99.casino,gambling
kubet-casino.click,gambling
kubet-casino.world,gambling
kubet-casino.xyz,gambling
kubetcasino.cloud,gambling
kucasino.bet,gambling
kucasino.click,gambling
kucasino.gold,gambling
kucasino.id,gambling
kucasino.im,gambling
kucasino.news,gambling
kucasino.pro,gambling
kucasino.sh,gambling
kucasino.shop,gambling
kucasino.solutions,gambling
kucasino.world,gambling
kucasino.ws,gambling
kucasino88.app,gambling
kucasinos.online,gambling
kucasinotech.site,gambling
kucasinotructuyen.com,gambling
kucasinov.club,gambling
kuwaiticasino.com,gambling
kvif-fresh-casino.ru,gambling
kvif-fresh-casino.top,gambling
kvif-freshcasino.top,gambling
kylottery.com,gambling
kzcasinos.com,gambling
kzkkslots1.site,gambling
la-caverne-de-dragon.fr,gambling
la-fiesta-casino.com,gambling
la-fiesta-casino.fr,gambling
la-riviera-casino.com,gambling
labcasino.co,gambling
labetedesjeux.com,gambling
laboitakados.com,gambling
ladbrokes.com,gambling
ladbrokes.it,gambling
ladbrokespoker.com,gambling
ladesbet282.com,gambling
ladesbet283.com,gambling
ladesbet284.com,gambling
ladies-slots.com,gambling
ladyluckcasinog.online,gambling
lafiesta-casino.org,gambling
lafiestacasino.com,gambling
lafiestacasino.top,gambling
lafortunacasino.com,gambling
lagidewacasino.cc,gambling
lagigamble247.vip,gambling
laimzcasino.top,gambling
lakepalace.com,gambling
lakepalacecasino.top,gambling
laki.digital,gambling
laki.world,gambling
lalabet-casino.net,gambling
lalabetcasino.online,gambling
lalabetcasinonl.com,gambling
lalabetcasinos.com,gambling
lalasfortunecasino.com,gambling
lancashirefuncasino.co.uk,gambling
langit69.co,gambling
laniel.free.fr,drugs
lanjutrokok.click,gambling
lapakfreebet303b.xyz,gambling
lapalingo-casino.com,gambling
lapilanders-casinos.com,gambling
lapizzeriaetc.com,gambling
lapt.com,gambling
larbacasino.vip,gambling
larisaortizassociates.com,gambling
lariviera-casino.fr,gambling
lariviera-casino.org,gambling
larivieracasino.com,gambling
larivieracasino.online,gambling
laruletadelafortuna.net,gambling
las-vegas-casino-hotel.com,gambling
lasamericascasino.com,gambling
lasatlantiscasino.top,gambling
lascasinozone.com,gambling
lashboutiques.com,gambling
laspalmassportsbook.com,gambling
lasportscasino.com,gambling
lasvegas-casino.top,gambling
lasvegascasino.click,gambling
lasvegascasino.com,gambling
lasvegascasino.world,gambling
lasvegasfestivalgrounds.com,gambling
lasvegashiltonhotelcasino.com,gambling
lasvegashotelscasinos.com,gambling
lasvegaslovestories.com,gambling
lasvegasmgmgrand.com,gambling
lasvegassportsbetting.com,gambling
lataamocasino.top,gambling
latestcasinobonuses.bet,gambling
latestcasinobonuses.com,gambling
latestcasinobonusesusa.com,gambling
latestgamblingtips.com,gambling
latinosbetcasino.top,gambling
latribet.ec,gambling
launchpoker.com,gambling
lavacasinoonline.shop,gambling
lavanderianardella.it,gambling
lazacasino.com,gambling
lazada.mex.com,gambling
lcrestaurants.com,gambling
le-casino.com,gambling
leadercasino.info,gambling
leafletcasino.com,gambling
leaguex.com,gambling
learnslots.com,gambling
learntocasino.com,gambling
leary.com,drugs
lecasinoenligne.co,gambling
lecasinoeuropa.com,gambling
lecasinonet.com,gambling
lecasinoshow.net,gambling
leebetcasino.io,gambling
leebetcasinoofficial501.ru,gambling
leftofstr8radio.com,gambling
legal-casino-portugal.com,gambling
legal-casino.fr,gambling
legalbet.ru,gambling
legalblackjack.com,gambling
legalcasino-portugal.com,gambling
legale-online-casinos.de,gambling
legaleonlinecasinos.de,gambling
legalgamblingaustralia.com,gambling
legalgamblingnewyork.com,gambling
legalgeorgiagambling.com,gambling
legalmethpipe.com,gambling
legalmissourigambling.com,gambling
legalsportsbettingstates.com,gambling
legendscasino.com,gambling
legit-online-casinos.com,gambling
legitbetcasino.com,gambling
legitcasino.ph,gambling
legitgamblingsites.com,gambling
legitimatecasino.com,gambling
legitonlinecasinoph.com,gambling
leguidecasino.com,gambling
legzo-casino-24.com,gambling
legzo-casino-akadrod.ru,gambling
legzo-casino-akadrod.top,gambling
legzo-casino-akadrod1.ru,gambling
legzo-casino-art.com,gambling
legzo-casino-avto.com,gambling
legzo-casino-bike.com,gambling
legzo-casino-bike.top,gambling
legzo-casino-cbi.com,gambling
legzo-casino-cbi.top,gambling
legzo-casino-chessfest.ru,gambling
legzo-casino-clrvt.club,gambling
legzo-casino-clrvt.com,gambling
legzo-casino-clrvt.ru,gambling
legzo-casino-clrvt.top,gambling
legzo-casino-coupon.com,gambling
legzo-casino-dk.ru,gambling
legzo-casino-don.com,gambling
legzo-casino-guru.com,gambling
legzo-casino-hack.ru,gambling
legzo-casino-hack.top,gambling
legzo-casino-hack2.top,gambling
legzo-casino-imtcen.com,gambling
legzo-casino-imtcen.top,gambling
legzo-casino-imtcentr.top,gambling
legzo-casino-iskra.top,gambling
legzo-casino-jalm.com,gambling
legzo-casino-kinder.com,gambling
legzo-casino-kinder.ru,gambling
legzo-casino-kinder1.ru,gambling
legzo-casino-kinder2.ru,gambling
legzo-casino-ky29.top,gambling
legzo-casino-mp.ru,gambling
legzo-casino-new-ur.com,gambling
legzo-casino-online.top,gambling
legzo-casino-online1.top,gambling
legzo-casino-online2.top,gambling
legzo-casino-prolab.top,gambling
legzo-casino-prolab1.top,gambling
legzo-casino-rangsch.com,gambling
legzo-casino-reg.club,gambling
legzo-casino-rodina.ru,gambling
legzo-casino-ru.com,gambling
legzo-casino-russia.com,gambling
legzo-casino-russia.ru,gambling
legzo-casino-ruto.ru,gambling
legzo-casino-ruto.top,gambling
legzo-casino-salesup.com,gambling
legzo-casino-smol.ru,gambling
legzo-casino-smol.top,gambling
legzo-casino-smol1.ru,gambling
legzo-casino-spb.com,gambling
legzo-casino-spb.fun,gambling
legzo-casino-spb.top,gambling
legzo-casino-sport.com,gambling
legzo-casino-sport.ru,gambling
legzo-casino-sport.top,gambling
legzo-casino-sport1.ru,gambling
legzo-casino-sport1.top,gambling
legzo-casino-sport2.ru,gambling
legzo-casino-sports.com,gambling
legzo-casino-technol.com,gambling
legzo-casino-technol.ru,gambling
legzo-casino-tius.com,gambling
legzo-casino-twitw.com,gambling
legzo-casino-twitw.top,gambling
legzo-casino-ultrakon-450.ru,gambling
legzo-casino-ultrakon450.com,gambling
legzo-casino-ultrakon450.ru,gambling
legzo-casino-ultrakon450.top,gambling
legzo-casino-vkustat.com,gambling
legzo-casino-vkustat.ru,gambling
legzo-casino-welc.com,gambling
legzo-casino-zvezda.com,gambling
legzo-casino.club,gambling
legzo-casino.com,gambling
legzo-casino.com.ua,gambling
legzo-casino.one,gambling
legzo-casino.tech,gambling
legzo-casino.top,gambling
legzo-casino.vip,gambling
legzo-casino23.ru,gambling
legzo-casino24.ru,gambling
legzo-casino3.club,gambling
legzo-casino32.ru,gambling
legzo-casino35.ru,gambling
legzo-casino36.ru,gambling
legzo-casino4.club,gambling
legzo-casino41.ru,gambling
legzo-casino51.ru,gambling
legzo-casino52.ru,gambling
legzo-casino7.ru,gambling
legzo-casinos.com,gambling
legzo-casinos.ru,gambling
legzo-casinos.top,gambling
legzo-casinoz.ru,gambling
legzocasino-1.com,gambling
legzocasino-1.ru,gambling
legzocasino-10000.com,gambling
legzocasino-10003.com,gambling
legzocasino-10004.com,gambling
legzocasino-2005.com,gambling
legzocasino-2006.com,gambling
legzocasino-2007.com,gambling
legzocasino-2008.com,gambling
legzocasino-2011.com,gambling
legzocasino-2013.com,gambling
legzocasino-2014.com,gambling
legzocasino-3009.com,gambling
legzocasino-3012.com,gambling
legzocasino-3014.com,gambling
legzocasino-3017.com,gambling
legzocasino-3019.com,gambling
legzocasino-35.com,gambling
legzocasino-35.ru,gambling
legzocasino-4000.com,gambling
legzocasino-4002.com,gambling
legzocasino-4003.com,gambling
legzocasino-4004.com,gambling
legzocasino-600.com,gambling
legzocasino-6001.com,gambling
legzocasino-6002.com,gambling
legzocasino-6003.com,gambling
legzocasino-6004.com,gambling
legzocasino-603.com,gambling
legzocasino-604.com,gambling
legzocasino-607.com,gambling
legzocasino-608.com,gambling
legzocasino-609.com,gambling
legzocasino-610.com,gambling
legzocasino-7000.com,gambling
legzocasino-7001.com,gambling
legzocasino-7002.com,gambling
legzocasino-7003.com,gambling
legzocasino-7004.com,gambling
legzocasino-704.com,gambling
legzocasino-800.com,gambling
legzocasino-8001.com,gambling
legzocasino-8003.com,gambling
legzocasino-801.com,gambling
legzocasino-802.com,gambling
legzocasino-805.com,gambling
legzocasino-806.com,gambling
legzocasino-808.com,gambling
legzocasino-810.com,gambling
legzocasino-900.com,gambling
legzocasino-9000.com,gambling
legzocasino-9001.com,gambling
legzocasino-9002.com,gambling
legzocasino-9003.com,gambling
legzocasino-9004.com,gambling
legzocasino-902.com,gambling
legzocasino-904.com,gambling
legzocasino-905.com,gambling
legzocasino-akadrod.top,gambling
legzocasino-app.com,gambling
legzocasino-arts.com,gambling
legzocasino-at.com,gambling
legzocasino-bar.com,gambling
legzocasino-baz.com,gambling
legzocasino-baz.ru,gambling
legzocasino-baz1.ru,gambling
legzocasino-baz2.ru,gambling
legzocasino-baz3.ru,gambling
legzocasino-baz4.ru,gambling
legzocasino-baz5.ru,gambling
legzocasino-bib.com,gambling
legzocasino-bib1.ru,gambling
legzocasino-bib1.top,gambling
legzocasino-bib2.com,gambling
legzocasino-bib2.ru,gambling
legzocasino-bib2.top,gambling
legzocasino-bib3.ru,gambling
legzocasino-bib3.top,gambling
legzocasino-bib4.ru,gambling
legzocasino-bib5.ru,gambling
legzocasino-bib5.top,gambling
legzocasino-bib6.top,gambling
legzocasino-bib7.top,gambling
legzocasino-bib8.top,gambling
legzocasino-bike.com,gambling
legzocasino-bike.top,gambling
legzocasino-bonus.ru,gambling
legzocasino-chess.ru,gambling
legzocasino-chessfest.com,gambling
legzocasino-chessfest.ru,gambling
legzocasino-chessfest1.top,gambling
legzocasino-chessfest2.top,gambling
legzocasino-clean.com,gambling
legzocasino-clean.top,gambling
legzocasino-clrvt.com,gambling
legzocasino-clrvt.top,gambling
legzocasino-da.com,gambling
legzocasino-da.ru,gambling
legzocasino-da1.ru,gambling
legzocasino-da2.ru,gambling
legzocasino-dia.ru,gambling
legzocasino-dia1.ru,gambling
legzocasino-dia2.ru,gambling
legzocasino-dia3.ru,gambling
legzocasino-dialog.com,gambling
legzocasino-dialog.ru,gambling
legzocasino-dialog1.com,gambling
legzocasino-dialog1.ru,gambling
legzocasino-dialog2.com,gambling
legzocasino-dialog2.ru,gambling
legzocasino-dialog2.top,gambling
legzocasino-dialog3.ru,gambling
legzocasino-dialog3.top,gambling
legzocasino-dialog4.ru,gambling
legzocasino-dialog4.top,gambling
legzocasino-dobrydom.top,gambling
legzocasino-dobrydom1.top,gambling
legzocasino-energy.ru,gambling
legzocasino-eva.com,gambling
legzocasino-fest.com,gambling
legzocasino-garmoniya.ru,gambling
legzocasino-garmoniya1.ru,gambling
legzocasino-garmoniya2.ru,gambling
legzocasino-garmoniya3.ru,gambling
legzocasino-gas.ru,gambling
legzocasino-gor.com,gambling
legzocasino-gor.ru,gambling
legzocasino-gor2.ru,gambling
legzocasino-gyro.com,gambling
legzocasino-hack.ru,gambling
legzocasino-hack.top,gambling
legzocasino-hack1.top,gambling
legzocasino-hack2.top,gambling
legzocasino-imtcen.top,gambling
legzocasino-info.com,gambling
legzocasino-info.ru,gambling
legzocasino-info.top,gambling
legzocasino-irz.com,gambling
legzocasino-irz2.top,gambling
legzocasino-irz3.top,gambling
legzocasino-kadet.com,gambling
legzocasino-kadet.top,gambling
legzocasino-kgn.ru,gambling
legzocasino-kolomna1.ru,gambling
legzocasino-kvan.top,gambling
legzocasino-kvan3.top,gambling
legzocasino-kvan4.top,gambling
legzocasino-kvan5.top,gambling
legzocasino-ky29.com,gambling
legzocasino-lays.ru,gambling
legzocasino-lays2.com,gambling
legzocasino-lucky.com,gambling
legzocasino-lucky.ru,gambling
legzocasino-magnit.com,gambling
legzocasino-master.com,gambling
legzocasino-master.ru,gambling
legzocasino-master.top,gambling
legzocasino-master1.ru,gambling
legzocasino-master1.top,gambling
legzocasino-master2.top,gambling
legzocasino-mfc.ru,gambling
legzocasino-mfc2.ru,gambling
legzocasino-mp.com,gambling
legzocasino-msk.top,gambling
legzocasino-official154.ru,gambling
legzocasino-official177.ru,gambling
legzocasino-official182.ru,gambling
legzocasino-official192.ru,gambling
legzocasino-official2.win,gambling
legzocasino-official3.win,gambling
legzocasino-official568.win,gambling
legzocasino-official73.ru,gambling
legzocasino-official82.ru,gambling
legzocasino-official84.ru,gambling
legzocasino-official89.ru,gambling
legzocasino-osp.com,gambling
legzocasino-pks.com,gambling
legzocasino-pks.ru,gambling
legzocasino-pks1.top,gambling
legzocasino-pks2.ru,gambling
legzocasino-plan.com,gambling
legzocasino-plan.ru,gambling
legzocasino-plan.top,gambling
legzocasino-plan1.top,gambling
legzocasino-plan2.ru,gambling
legzocasino-plan2.top,gambling
legzocasino-plan4.top,gambling
legzocasino-plan5.top,gambling
legzocasino-plan6.top,gambling
legzocasino-razg.top,gambling
legzocasino-reg.top,gambling
legzocasino-reg2.top,gambling
legzocasino-reg3.top,gambling
legzocasino-run.ru,gambling
legzocasino-rzn.com,gambling
legzocasino-rzn.top,gambling
legzocasino-sale2.top,gambling
legzocasino-salesup1.top,gambling
legzocasino-school.ru,gambling
legzocasino-show1.com,gambling
legzocasino-show2.com,gambling
legzocasino-sizn.com,gambling
legzocasino-sizn5.ru,gambling
legzocasino-smart.com,gambling
legzocasino-smart10.top,gambling
legzocasino-smart11.top,gambling
legzocasino-smart12.top,gambling
legzocasino-smart13.top,gambling
legzocasino-smart14.ru,gambling
legzocasino-smart14.top,gambling
legzocasino-smart15.ru,gambling
legzocasino-smart16.ru,gambling
legzocasino-smart17.ru,gambling
legzocasino-smart18.ru,gambling
legzocasino-smart5.top,gambling
legzocasino-smart6.top,gambling
legzocasino-smart7.top,gambling
legzocasino-smol.com,gambling
legzocasino-smol.top,gambling
legzocasino-spm.com,gambling
legzocasino-spm.ru,gambling
legzocasino-spm2.ru,gambling
legzocasino-sport.com,gambling
legzocasino-sports.com,gambling
legzocasino-sti.ru,gambling
legzocasino-sti.top,gambling
legzocasino-sti1.ru,gambling
legzocasino-sti2.ru,gambling
legzocasino-sti3.top,gambling
legzocasino-sti4.top,gambling
legzocasino-sti5.top,gambling
legzocasino-str.com,gambling
legzocasino-str.ru,gambling
legzocasino-stra.ru,gambling
legzocasino-stra2.ru,gambling
legzocasino-stra3.ru,gambling
legzocasino-strail.com,gambling
legzocasino-strail1.top,gambling
legzocasino-strail3.top,gambling
legzocasino-surdo.top,gambling
legzocasino-surdo1.top,gambling
legzocasino-surdo2.top,gambling
legzocasino-tax.com,gambling
legzocasino-tax.ru,gambling
legzocasino-tax1.ru,gambling
legzocasino-tea.ru,gambling
legzocasino-ultrakon-450.ru,gambling
legzocasino-vr.com,gambling
legzocasino-vr.ru,gambling
legzocasino-vr.top,gambling
legzocasino-vr2.ru,gambling
legzocasino-vr2.top,gambling
legzocasino-vr3.ru,gambling
legzocasino-vr3.top,gambling
legzocasino-vr4.top,gambling
legzocasino-vr5.top,gambling
legzocasino-wgd.top,gambling
legzocasino-yisg.com,gambling
legzocasino-yisg.fun,gambling
legzocasino-yisg.top,gambling
legzocasino-ymal.ru,gambling
legzocasino-ymal1.ru,gambling
legzocasino-ymal2.ru,gambling
legzocasino-ymal3.ru,gambling
legzocasino-zer.ru,gambling
legzocasino-zer2.ru,gambling
legzocasino.com.ua,gambling
legzocasino.fun,gambling
legzocasino.kz,gambling
legzocasino.net,gambling
legzocasino.org,gambling
legzocasino.tech,gambling
legzocasino.vip,gambling
legzocasino.win,gambling
legzocasino.xyz,gambling
legzocasino10.win,gambling
legzocasino1013.com,gambling
legzocasino11.win,gambling
legzocasino12.win,gambling
legzocasino19.com,gambling
legzocasino19.top,gambling
legzocasino2.win,gambling
legzocasino20.top,gambling
legzocasino22.top,gambling
legzocasino23.top,gambling
legzocasino24.top,gambling
legzocasino25.top,gambling
legzocasino26.top,gambling
legzocasino27.top,gambling
legzocasino28.top,gambling
legzocasino3.win,gambling
legzocasino34.top,gambling
legzocasino4.win,gambling
legzocasino5.win,gambling
legzocasino6.win,gambling
legzocasino66.com,gambling
legzocasino67.top,gambling
legzocasino68.top,gambling
legzocasino7.win,gambling
legzocasino8.win,gambling
legzocasinofunslots.ru,gambling
legzocasinokz42.com,gambling
legzocasinokz54.com,gambling
legzocasinokz55.com,gambling
legzocasinoofficial2.win,gambling
legzocasinoofficial241.fun,gambling
legzocasinoofficial52.win,gambling
legzocasinoofficialsite2.win,gambling
legzocasinoofficialsite3.win,gambling
legzocasinoofficialsite5.win,gambling
legzocasinoprof.com,gambling
legzocasinoprof.ru,gambling
legzocasinos.com,gambling
legzocasinos.ru,gambling
legzocasinos.top,gambling
legzocasinotop.ru,gambling
legzocasinotop1.ru,gambling
legzocasinoz.ru,gambling
legzocasinoz.top,gambling
leidsetutorprogramma.nl,gambling
lemeilleurcasino.fr,gambling
lemocasino.online,gambling
lemon-casino-pl.pl,gambling
lemon-casino.top,gambling
lemoncasino-hu.click,gambling
lemoncasino.org,gambling
lemoncasino.top,gambling
lemoncasinobonus.pl,gambling
leniscasinohotels.com,gambling
lenora.id,gambling
lenpanuncasino.com,gambling
leon-bet-casino-pt.com,gambling
leon-bet-casino.gr,gambling
leon-bk-casino.buzz,gambling
leon-casino-money.ru,gambling
leon-casino-online.biz,gambling
leon-casino-online.cam,gambling
leon-casino-online.club,gambling
leon-casino-online.net,gambling
leon-casino-registration.xyz,gambling
leon-casino-vhod.buzz,gambling
leon-casino.art,gambling
leon-casino.club,gambling
leon-casino.com,gambling
leon-casino.company,gambling
leon-casino.gr,gambling
leon-casino.ltd,gambling
leon-casino.net,gambling
leon-casino.world,gambling
leonbet-casino.top,gambling
leonbet-casino.xyz,gambling
leonbetcasino.click,gambling
leonbets-casino-074m.click,gambling
leonbets-casino-3cme.xyz,gambling
leonbets-casino-4ime.xyz,gambling
leonbets-casino-8ik1.xyz,gambling
leonbets-casino-ck3m.xyz,gambling
leonbets-casino-er23.xyz,gambling
leonbets-casino-fci3.xyz,gambling
leonbets-casino-fm4k.xyz,gambling
leonbets-casino-gizb.top,gambling
leonbets-casino-kw2m.xyz,gambling
leonbets-casino-nyr9.click,gambling
leonbets-casino-ttrh.xyz,gambling
leonbets-casino-ugf1.xyz,gambling
leonbets-casino-vnr2.xyz,gambling
leonbets-casino-z5ig.lol,gambling
leonbets-casino1101.xyz,gambling
leonbets-casino1200.xyz,gambling
leonbets-casino2400.xyz,gambling
leonbets-casino4100.xyz,gambling
leonbets-casino4101.xyz,gambling
leonbets-casino4102.xyz,gambling
leonbets-casino5200.xyz,gambling
leonbets-casino5201.xyz,gambling
leonbets-casino6200.xyz,gambling
leonbets-casino6201.xyz,gambling
leonbets-casino7200.xyz,gambling
leonbets-casino7201.xyz,gambling
leonbets-casino8001.xyz,gambling
leonbets-casino8002.xyz,gambling
leonbets-casino8100.xyz,gambling
leonbets-casino8101.xyz,gambling
leonbets-casino8200.xyz,gambling
leonbets-casino8201.xyz,gambling
leonbets-casino8202.xyz,gambling
leonbets-casino9000.xyz,gambling
leonbets-casino9002.xyz,gambling
leoncasino.best,gambling
leoncasino.click,gambling
leoncasino.club,gambling
leoncasino.ink,gambling
leoncasino.life,gambling
leoncasino.one,gambling
leoncasino.pro,gambling
leoncasino.top,gambling
leonidascasino.com,gambling
leoscasino.com,gambling
leoslots2024.online,gambling
leovegas-casino.click,gambling
leovegas-online-casino.com,gambling
leovegas.com,gambling
leovegascasino.online,gambling
leparadisdesjoueurs.com,gambling
leroijohnny-casino-france.com,gambling
lesa-fresh-casino.ru,gambling
lescasinosenligne.ca,gambling
lescasinosfrancais.fr,gambling
lescomptoirs-casino.fr,gambling
lesgrainesdecannabis.com,drugs
lesjeuxgratuits.com,gambling
lesmissdescasinos.fr,gambling
letfuryhavethehour.com,gambling
letsbeatcasinos.shop,gambling
letsgambleusa.com,gambling
letsgambling.xyz,gambling
letsgambling1.life,gambling
letsgambling11.xyz,gambling
letsgiveitaspinslots.com,gambling
letsplaycasinos.com,gambling
leturf.fr,gambling
lev---casino.ru,gambling
lev-casino-djd.buzz,gambling
lev-casino-ega.buzz,gambling
lev-casino-ru.com,gambling
lev-casino-zerk.ru,gambling
lev-casino.biz,gambling
lev-casino.kz,gambling
lev-casino2023.ru,gambling
lev-casinozerkalo.ru,gambling
lev-slotswinplay.ru,gambling
lev-slotswinsplay.ru,gambling
leva-casinos.xyz,gambling
leva-casinoz.xyz,gambling
levacasinos.xyz,gambling
levantcasino.com,gambling
levcasino-band.ru,gambling
levcasino-official.click,gambling
levcasino-online.click,gambling
levcasino-plc.buzz,gambling
levcasino-vhod.ru,gambling
levcasino-zerkalo.ru,gambling
levcasino.click,gambling
levcasino.org,gambling
levcasino24.win,gambling
levcasinobet.ru,gambling
levcasinobonus.pro,gambling
levcasinoclub.ru,gambling
levcasinogames.space,gambling
levcasinoslots-online.ru,gambling
levcasinoslots.com,gambling
levcasinoslotseth.ru,gambling
levcasinoslotswin.ru,gambling
levcasinoslotswineth.ru,gambling
levcasinox.online,gambling
levcasinox.ru,gambling
level-up-casino.org,gambling
levelupcasino-au.com,gambling
levelupcasino.top,gambling
levelupcasino10.com,gambling
levelupcasino7.com,gambling
levelupcasino8.com,gambling
levelupcasinoau1.com,gambling
levis-casino.xyz,gambling
levis-casinoz.xyz,gambling
levis-gamble.xyz,gambling
levofficialcasino.ru,gambling
levos-casino.xyz,gambling
levos-gamble.xyz,gambling
levscasino.com,gambling
levscasinoz.com,gambling
levsgamble.com,gambling
levslots-ska.ru,gambling
levslotska.ru,gambling
levss-casinos.xyz,gambling
levsscasinos.xyz,gambling
levsscasinoz.xyz,gambling
levszcasinos.xyz,gambling
levus-casino.xyz,gambling
levus-casinoz.xyz,gambling
levus-gamble.xyz,gambling
levuscasino.xyz,gambling
levusgamble.xyz,gambling
levz-casinos.com,gambling
levzcasinoz.com,gambling
levzz-casinos.xyz,gambling
lewa-casinos.xyz,gambling
lewa-casinoz.xyz,gambling
lewa-gamble.xyz,gambling
lewacasino.xyz,gambling
lewcasino.net,gambling
lewus-casinoz.xyz,gambling
lex-casino-03.ru,gambling
lex-casino-aa.buzz,gambling
lex-casino-gg.buzz,gambling
lex-casino.fun,gambling
lex-casino.info,gambling
lex-casino.store,gambling
lex-casino.su,gambling
lex-casino.website,gambling
lex-casinos.com,gambling
lexcasino.buzz,gambling
lexcasino.fun,gambling
lexcasino.store,gambling
lexcasino.su,gambling
lexcasino.website,gambling
lexcasino2.kz,gambling
lexcasino8.kz,gambling
lexcasinos.ru,gambling
lexs-casino.club,gambling
lexs-casino.pro,gambling
lexs-casino.ru,gambling
lexs-casino.site,gambling
lexs-casino.vip,gambling
lexscasino.club,gambling
lexscasino.com,gambling
lexscasino.live,gambling
lexscasino.vip,gambling
lezgo-casino-top.ru,gambling
lg88casino.org,gambling
lgcasino.org,gambling
libertabet125.com,gambling
libertyslots.eu,gambling
libertyslots.net,gambling
libertyslotscasino.co,gambling
librabetcasino.de,gambling
licasinotransportation.com,gambling
license-casino-aladdin.xyz,gambling
licensecasinos.info,gambling
liderendeportes.bet,gambling
lifeincasino.com,gambling
lifetimecasinos.com,gambling
liga365.com,gambling
lightcasino.top,gambling
lightcasinos.co,gambling
lightpoker88.me,gambling
lightpoker88.xyz,gambling
ligobet615.com,gambling
ligobet618.com,gambling
ligobet620.com,gambling
ligobet625.com,gambling
ligobet631.com,gambling
ligobet632.com,gambling
ligobet633.com,gambling
likegamecasino.shop,gambling
lilbullies.com,gambling
lilibet-casino.net,gambling
lilibet-casino.org,gambling
lilibetcasino.org,gambling
lilibetcasino.top,gambling
limitlesscasino.app,gambling
limitlesscasino.top,gambling
lincolncasino.eu,gambling
lincolncasino.top,gambling
lincolncasinoslots.com,gambling
lincolnslotscasino.com,gambling
lindesmith.org,drugs
linebet-casino.ru,gambling
liningcasino.online,gambling
link-amprusun22world.pages.dev,gambling
link-harum4d39.lat,gambling
link-mpocasino.com,gambling
link2casinox.ru,gambling
linkcasino338.com,gambling
linkdewacasino.bio,gambling
linkegcasino88.lol,gambling
linkera.gumlet.io,gambling
linkigamble247.bio,gambling
linkmpocasino.com,gambling
linkscasino.info,gambling
linktaihitclub.casino,gambling
lintastogel.com,gambling
lioncityparkour.com,gambling
lionesscasino.xyz,gambling
lippo-ind.com,gambling
lippybingo.com,gambling
list24casinohotels.com,gambling
list24hotelcasino24.com,gambling
listanetticasinoista.com,gambling
listcasino.co.uk,gambling
listcasinohotel365.com,gambling
listcasinohotel48.com,gambling
listedecasinomobile.com,gambling
listhotelwithcasino.com,gambling
listtopcasinohotel.com,gambling
litecoin-casino-us.top,gambling
litecoin-casino.top,gambling
little6casino.net,gambling
littlecasinos.shop,gambling
live-betting-casino.com,gambling
live-casinos.online,gambling
live-gambling-casino.com,gambling
livebestblackjacks.com,gambling
liveblackjackusa.io,gambling
livebonuscasino.com,gambling
livecasino-online.nu,gambling
livecasino.com,gambling
livecasino.team,gambling
livecasino13.online,gambling
livecasino188.id,gambling
livecasino24h.com,gambling
livecasinoau.com,gambling
livecasinobetting.online,gambling
livecasinobonus.com,gambling
livecasinocommunity.shop,gambling
livecasinodanmark.dk,gambling
livecasinodirect.com,gambling
livecasinofinder.com,gambling
livecasinohotel.com,gambling
livecasinohouseasia.top,gambling
livecasinokings.com,gambling
livecasinola.com,gambling
livecasinomalaysia.org,gambling
livecasinoman.com,gambling
livecasinomate.com,gambling
livecasinon.se,gambling
livecasinonetwork.shop,gambling
livecasinoonline.dk,gambling
livecasinoonline.org,gambling
livecasinopro.shop,gambling
livecasinorank-ao.com,gambling
livecasinorank-gh.com,gambling
livecasinorank-rw.com,gambling
livecasinorank-zm.com,gambling
livecasinorank.co.nz,gambling
livecasinorank.co.uk,gambling
livecasinorank.co.za,gambling
livecasinorank.com.ve,gambling
livecasinorank.dk,gambling
livecasinorank.ec,gambling
livecasinorank.ie,gambling
livecasinorank.lv,gambling
livecasinorank.nl,gambling
livecasinoru.com,gambling
livecasinos-canada.com,gambling
livecasinos77.com,gambling
livecasinosalary.site,gambling
livecasinosalary.website,gambling
livecasinosalary.xyz,gambling
livecasinosgreek.com,gambling
livecasinotips.dk,gambling
livecasinoz.co,gambling
livedealercasinos.me,gambling
livegamble.com,gambling
liveonlinecasinoschweiz.com,gambling
liveroulette.com,gambling
liverpool-lottery.com,gambling
livescore.in,gambling
livesocialcasinodom.com,gambling
livetmedcasino.dk,gambling
ll-casino.com,gambling
lmspoker.com,gambling
lnwcasino.club,gambling
lockcasino.com,gambling
lococasino.top,gambling
locowin-casino.top,gambling
locowincasino.top,gambling
locowincasino1.fr,gambling
lodi-646-casino.me,gambling
lodi291-casino.me,gambling
lodi646-casino.me,gambling
lodi777-casino.me,gambling
lodi777casino.me,gambling
lodibet-casino.me,gambling
lodicasino.me,gambling
lodicasinoph.me,gambling
lodicasinovip.me,gambling
lodigamecasino.me,gambling
lodislot-casino.me,gambling
loftcasino.org,gambling
logincasino.com,gambling
lok-fresh-casino.top,gambling
lok-freshcasino.top,gambling
lokecasino.se,gambling
lokicasino.com,gambling
lokicasino.fun,gambling
lokicasino.org,gambling
lokicasino.top,gambling
lokicasino35.com,gambling
lokicasino36.com,gambling
lokicasinoplay1.com,gambling
lolaart.net,gambling
lolly-bet.com,gambling
lolly-bet2.com,gambling
lonacionline.ci,gambling
londonpartypoker.com,gambling
londonseedcentre.co.uk,drugs
londracasino.com,gambling
longs.com,drugs
loompanics.com,drugs
loosecasino.xyz,gambling
loot.bet,gambling
lordcasino.app,gambling
lordcasino267.com,gambling
lordcasino268.com,gambling
lordcasino271.com,gambling
lordcasino274.com,gambling
lordcasino276.com,gambling
lordcasino280.com,gambling
lordcasino282.com,gambling
lordcasino285.com,gambling
lordcasino286.com,gambling
lordcasino287.com,gambling
lords-casino.ru,gambling
los-casinos-online.es,gambling
losangelesdeckbuilders.org,gambling
losmejorescasinositios.com,gambling
loteria.com.ec,gambling
lotobet264.com,gambling
lotoquebec.com,gambling
lotoscasinos.com,gambling
lotospoker.com,gambling
lottery-admin.sd.gov,gambling
lottery-app.com,gambling
lottery-insurance.com,gambling
lottery.co.at,gambling
lottery.co.za,gambling
lottery.com,gambling
lottery.com.au,gambling
lottery.com.sg,gambling
lottery.dk,gambling
lottery.ie,gambling
lottery.ok.gov,gambling
lottery.sd.gov,gambling
lottery.sg,gambling
lottery.xyz,gambling
lotterycasinos.shop,gambling
lotteryplus.net,gambling
lotterypost.com,gambling
lotterysambadresult.in,gambling
lotteryscasino.com,gambling
lotteryservices.com,gambling
lotteryus.com,gambling
lottiplay.com,gambling
lotto-berlin.de,gambling
lotto-rlp.de,gambling
lotto649.ca,gambling
lottocasinoslotufabet.shop,gambling
lottogenius.com,gambling
lottomatica.it,gambling
lottomaticacasino.top,gambling
lottomaticaitalia.it,gambling
lottomax.ca,gambling
lottorichcasino.com,gambling
lottosod888.site,gambling
lottospot.ca,gambling
lotusasiacasino.top,gambling
loud-onlinecasino.co.uk,gambling
louisianagamblinglaws.com,gambling
lovecasino.fr,gambling
lovecasinowomen.com,gambling
loverscanadianwould.com,drugs
low-deposit-casino.com,gambling
lowen-casino.top,gambling
lowstakesblackjack.com,gambling
loyalcasino.top,gambling
lsbet-casino.com,gambling
lsbetcasino.top,gambling
lsd.info,drugs
ltccasino.io,gambling
ltccasino.ltd,gambling
ltccasino1.com,gambling
ltccasinos.ltd,gambling
lucacasino888.com,gambling
lucacasino888.online,gambling
lucasino.com,gambling
lucasino.net,gambling
lucasinocente.com,gambling
lucasinode.xyz,gambling
luchshie-casino-online118.win,gambling
luchshie-casinoonline1.win,gambling
luchshie-casinoonline5.win,gambling
luchshie-casinoonline7.win,gambling
luchshiecasinoonlinetop-2023.win,gambling
luchshieraytingi-casinoonlinetop-2023.win,gambling
luchshieraytingtopcasino2023.win,gambling
luciacasino.top,gambling
luck-casino.top,gambling
luck9-casino.com,gambling
luck99.casino,gambling
luckcasino.co.uk,gambling
luckcasino.ro,gambling
luckia-casino.top,gambling
luckia.es,gambling
luckiacasino.top,gambling
luckiacasinobilbao.com,gambling
luckland-casino.top,gambling
lucklandcasino.top,gambling
luckofslots.com,gambling
luckscasino.com,gambling
luckster-casino.com,gambling
lucky-99-casino.me,gambling
lucky-bird-casino.pl,gambling
lucky-blackjack.org,gambling
lucky-casino-online.com,gambling
lucky-casino.click,gambling
lucky-casino.net,gambling
lucky-casino.top,gambling
lucky-casinox631.ru,gambling
lucky-jet-casino.com,gambling
lucky-jet-official.net,gambling
lucky247gamble.xyz,gambling
lucky31casino.com,gambling
lucky31casinofrance.com,gambling
lucky777-casino.me,gambling
lucky777casino.ph,gambling
lucky7even3.com,gambling
lucky7sevencasino1.com,gambling
luckyaccesscasinoa.store,gambling
luckyacepoker.com,gambling
luckybetcasino.top,gambling
luckybetscasino.com,gambling
luckybirdcasino.top,gambling
luckyblock.com,gambling
luckybluecasinob.online,gambling
luckyboycasino.com,gambling
luckycasino.click,gambling
luckycasino.com,gambling
luckycasino.world,gambling
luckycasinoapk.com,gambling
luckycasinoapp.com,gambling
luckycasinodeluxe.com,gambling
luckycasinospins.com,gambling
luckycircuscasino.com,gambling
luckycola-casino.me,gambling
luckycola-casino.net,gambling
luckycola.vip,gambling
luckycolacasino.net,gambling
luckycolacasino1.com,gambling
luckycolalogin.casino,gambling
luckycreekcasino.biz,gambling
luckycreekcasino.top,gambling
luckycreekcasinos.shop,gambling
luckydabberbingo.com,gambling
luckydaycasino.top,gambling
luckydays-casino.top,gambling
luckydayscasino.click,gambling
luckydayscasino.top,gambling
luckydiamondcasino.io,gambling
luckydiamondscasino.site,gambling
luckydrawcasinos.com,gambling
luckydreamscasino.top,gambling
luckydreamscasino1.com,gambling
luckyelfcasino.top,gambling
luckyelfcasino2.com,gambling
luckyemperorcasino.top,gambling
luckyforlife.us,gambling
luckygambler.com,gambling
luckygambler.net,gambling
luckygames.be,gambling
luckygoldencasino.com,gambling
luckygreencasino1.com,gambling
luckygreencasinoau.com,gambling
luckyhandcasinos.com,gambling
luckyhippocasino.top,gambling
luckyhorseshoecasinoc.store,gambling
luckyhotslots.com,gambling
luckyjet-2023.ru,gambling
luckyjet-signal.com,gambling
luckyjet-signals.com,gambling
luckyjet.pro,gambling
luckyjeux.fr,gambling
luckylandingclub.com,gambling
luckylandslotscasinoreal.money,gambling
luckylukecasino-france.com,gambling
luckylukecasino.top,gambling
luckymanor-casino.com,gambling
luckymanor.org,gambling
luckymobilecasinos.com,gambling
luckynugget-casino.eu,gambling
luckynuggetcasino.com,gambling
luckynuggetcasino.top,gambling
luckyparadisecasinos.com,gambling
luckypuppybingo.com,gambling
luckyriverpoker.com,gambling
luckyrollscasino.com,gambling
luckysevenlottery.com,gambling
luckyspinmantap.xyz,gambling
luckyspinzcasino.com,gambling
luckystarcasino.online,gambling
luckystarcasino.site,gambling
luckystopcasino.shop,gambling
luckytiger-casino.org,gambling
luckytigercasino.top,gambling
luckytigercasinopokies.com,gambling
luckywavecasino.com,gambling
luckywincasino.online,gambling
luckywinscasinos.com,gambling
ludi-fresh-casino.ru,gambling
ludi-freshcasino.ru,gambling
lukic.io,gambling
lukki-casino.live,gambling
lukkicasino1.com,gambling
lukkly.com,gambling
lukkly3.com,gambling
lukscasino19.com,gambling
lukscasino20.com,gambling
lukscasino3.com,gambling
lumicasino.com,gambling
lumicasino.online,gambling
lunarlightcasino.com,gambling
lunubetcasino.online,gambling
lupincasino.com,gambling
lusionproducts.co.za,gambling
lutrija.co.me,gambling
luvibet174.com,gambling
lux-casino.club,gambling
luxcasino.club,gambling
luxcasino.live,gambling
luxcasino.net,gambling
luxcasino.online,gambling
luxecasinoescapes.com,gambling
luxecasinoretreat.com,gambling
luxequipcasino.com,gambling
luxor.jobs,gambling
luxor.lv,gambling
luxordashboard.com,gambling
luxorhotelreservations.com,gambling
luxorinsiders.com,gambling
luxorstore.com,gambling
luxury-casino.top,gambling
luxury.casino,gambling
luxurycasino.top,gambling
luxuryloungecasino.com,gambling
lvbet.com,gambling
lvbet.pl,gambling
lvbetcasino.ph,gambling
lvcasino.co,gambling
lvcasino.com,gambling
lvcasino.win,gambling
lvcasino1.com,gambling
lvcasino3.com,gambling
lvcasino365.com,gambling
lvcasino4.com,gambling
lvcasino5.com,gambling
lvlup-casino.com,gambling
lvstudio54.com,gambling
lvtixdeals.com,gambling
lycaeum.org,drugs
lyckost-casino.com,gambling
lyckostcasino.top,gambling
lyllocasino.com,gambling
lyllocasino.top,gambling
lyracasino.top,gambling
m-7k-casino1.ru,gambling
m-7k-casino2.ru,gambling
m1xslots.xyz,gambling
m69casino.com,gambling
m777casino.ph,gambling
m777casino.top,gambling
m77casino.cam,gambling
m77casino.com,gambling
m77casino.estate,gambling
m77casino.games,gambling
m77casino.health,gambling
m77casino.irish,gambling
m77casino.network,gambling
m77casino.sbs,gambling
m77casino.support,gambling
m77casino.ventures,gambling
m77casino.website,gambling
m77casino3.today,gambling
m98casino.top,gambling
ma-chance-casino.com,gambling
ma-chance-casino.fr,gambling
macasino.top,gambling
macaucasino4.com,gambling
maccasino.net,gambling
machance-casino.fr,gambling
machance-casino.org,gambling
machance-casino.top,gambling
machancecasino-france.com,gambling
machancecasino.bet,gambling
machancecasino.click,gambling
machancecasino6.com,gambling
machancefrance.com,gambling
madamechance.com,gambling
madamriches.com,gambling
madnix.com,gambling
madnixcasino.top,gambling
madnixcasinofrance.com,gambling
maestro-casino-nl.top,gambling
magasinetcasino.dk,gambling
magazine-casino.com,gambling
magic-mushrooms.net,drugs
magic-reels-casino.site,gambling
magic-reels-casino.space,gambling
magicalcasino.info,gambling
magicalspincasino-france.com,gambling
magicalvegas.com,gambling
magicbettingcasino.be,gambling
magiccasino.top,gambling
magiccasinopoker.online,gambling
magiccasinos.co,gambling
magiccitycasino.com,gambling
magicjackpot-casino.ro,gambling
magicpoker88.info,gambling
magicred-casino.top,gambling
magicred.com,gambling
magicredcasino.top,gambling
magicslots.uk,gambling
magicvan.com,drugs
magicwincasino.co.uk,gambling
magicwins.be,gambling
magikcasino.top,gambling
magnetcasino24.click,gambling
magnetcasinos-onlinee.click,gambling
magnetcasinos-onlines.click,gambling
magnetcasinos24.click,gambling
magnetcasinos24h.click,gambling
magnitcasino.top,gambling
magnitcasino.xyz,gambling
magnumbet705.com,gambling
magnumbet706.com,gambling
magnumbet707.com,gambling
magnumbet708.com,gambling
magnumbet709.com,gambling
magnumbet710.com,gambling
magnumbet711.com,gambling
magnumbet712.com,gambling
magnumbet713.com,gambling
magnumbet714.com,gambling
magnumbet715.com,gambling
magnumbet716.com,gambling
magnumbet717.com,gambling
magnumbet718.com,gambling
magnumbet719.com,gambling
magnumbet720.com,gambling
magnumbet721.com,gambling
mahticasino.top,gambling
mail-casino-vulkan.online,gambling
mailcasino.co,gambling
maincasinoslotonline.cam,gambling
maincasinoslotonline.online,gambling
maindewcasino.biz,gambling
maindragonslots.net,gambling
maindwcasino.club,gambling
maingamble247.cc,gambling
maingamble247.top,gambling
mainpk88cuan.org,gambling
mainpkmaju.net,gambling
mainstreetcasino.com,gambling
maintunas4d23.sbs,gambling
majapahitkuat.com,gambling
majestic-slots-casino.com,gambling
majesticcasino.com,gambling
majesticcasinogame.com,gambling
majesticslots-casino-france.com,gambling
majesticslots-casino.com,gambling
majesticslots.com,gambling
majesticslotscasino.com,gambling
majesticslotscasino.fr,gambling
majesticslotsclub.net,gambling
majorcasino.org,gambling
mak-jet-casino.com,gambling
mak-jet-casino.top,gambling
makebet.club,gambling
maksbetslots1.ru,gambling
maksibet597.com,gambling
malayacasino.com,gambling
malaygambling.com,gambling
malaysiacasino.games,gambling
malaysiacasino.ltd,gambling
malaysiacasino.website,gambling
maldives-casino.com,gambling
malinacasino.com,gambling
malinacasino.top,gambling
malinacasino001.com,gambling
malinacasino1.com,gambling
malinacasino11.com,gambling
malinacasino12.com,gambling
malinacasino123.com,gambling
malinacasino14.com,gambling
malinacasino143.com,gambling
malinacasino15.com,gambling
malinacasino17.com,gambling
malinacasino2.com,gambling
malinacasino21.com,gambling
malinacasino25.com,gambling
malinacasino26.com,gambling
malinacasino27.com,gambling
malinacasino3.com,gambling
malinacasino30.com,gambling
malinacasino4.com,gambling
malinacasino5.com,gambling
malinacasino6.com,gambling
malinacasino77.com,gambling
malinacasino8.com,gambling
malinacasino855.com,gambling
malinacasino88.com,gambling
malinacasino9.com,gambling
malta-casino.se,gambling
maltcasino.biz,gambling
maltcasino.click,gambling
maltcasino.net,gambling
maltcasino2.games,gambling
maltcasinoz.com,gambling
mamacasinos.com,gambling
mamamiaslots2024.online,gambling
mamauji77.net,gambling
mami188-ee.com,gambling
mammamiaslots2024.online,gambling
mandalaybay.jobs,gambling
mandalaybayinlasvegas.com,gambling
mandalaybaywave.com,gambling
mandalayinsiders.com,gambling
mandalayorders.com,gambling
mandalayplace.com,gambling
mandarinpalacecasino.click,gambling
mandarinpalacecasino.top,gambling
maneki-casino-win.com,gambling
maneki-casino.top,gambling
manekicasino.click,gambling
manekicasino.com,gambling
manekicasino.top,gambling
mangacasino-france.com,gambling
manilaplaycasino.ph,gambling
manningsneworleans.com,gambling
mans-joycasino921.ru,gambling
mansion.com,gambling
mansionbet.com,gambling
mansioncasino.com,gambling
mansioncasino.top,gambling
mansioncasinoesp.top,gambling
mansionpoker.com,gambling
mapau.com,gambling
mapcasino.info,gambling
mapinc.org,drugs
maplecasino.ca,gambling
maquinasslots.com,gambling
marathonbet-casino.biz,gambling
marathonbet.com,gambling
marcacasino.top,gambling
marcycasino.com,gambling
marengocasino.mx,gambling
marga4dbos.com,gambling
maria-casino.top,gambling
mariacasino.com,gambling
mariacasino.top,gambling
mariacasino.world,gambling
marihemp.com,drugs
marihuana.at,drugs
marihuana.cl,drugs
mariinskylabel.com,gambling
marijuana-center.com,drugs
marijuana-pipes-glass-pipes-and-bongs.com,drugs
marijuana-seeds.nl,drugs
marijuana-uses.com,drugs
marijuana.com,drugs
marijuana.forum-actif.net,drugs
marijuana.nl,drugs
marijuana.org,drugs
marijuanagrams.com,drugs
maritbet149.com,gambling
maritbet150.com,gambling
maritbet153.com,gambling
maritbet154.com,gambling
maritbet155.com,gambling
maritbet156.com,gambling
maritbet157.com,gambling
marjuana.org,drugs
markastogel.com,gambling
markcasino.co,gambling
marketcasinoufabet.site,gambling
marketlikeacasino.com,gambling
markscasino.info,gambling
marsbahiscasino.org,gambling
marscasino.com,gambling
marvelbet-casino.com,gambling
marvelcasino.top,gambling
marvelcasino14.games,gambling
marylandcasinos.net,gambling
marylandlivecasino.com,gambling
maryuana.virtuale.org,drugs
mas4d.it.com,gambling
mas4d910.com,gambling
mas4dio.com,gambling
mashcasino.com,gambling
masked.tube,gambling
mason-slots-casino.nl,gambling
masonslots.site,gambling
masonslots.top,gambling
masparley.com,gambling
massachusettsindiancasino.com,gambling
master05.panen100.id,gambling
masterbets365.com,gambling
mastercard-casino-us.top,gambling
mastercard-casino.top,gambling
mastercard-casinos-ca.top,gambling
mastercardcasino.ca,gambling
mastercardcasino.in,gambling
mastercardcasino.nz,gambling
mastercasino88-slot.com,gambling
mastercasino88.cc,gambling
mastercasino88.live,gambling
mastercasino88.online,gambling
mastercasino88.ph,gambling
mastercasino88.pro,gambling
mastercasino88pro.com,gambling
mastercasino99.net,gambling
mastercasinobetting.online,gambling
mastercasinoslot.org,gambling
mastering-roulette.com,gambling
masterjudi.blog.com,gambling
masterjudi.com,gambling
masterofcasinos.com,gambling
masterprocasino.online,gambling
match-point.it,gambling
matchbook.com,gambling
matchpub.com,gambling
matecasinos.shop,gambling
max-bet-casino2.top,gambling
max-bet-casino3.top,gambling
max-bet-casino4.top,gambling
max-bet-casino5.top,gambling
max-bet-casino6.top,gambling
max-bet-slots.biz,gambling
max-bet.ru,gambling
max-betcasino.top,gambling
max-betslots.ru,gambling
max-slots.top,gambling
max-slots.xyz,gambling
maxbet-37.ru,gambling
maxbet-casino.net,gambling
maxbet-casino.ru,gambling
maxbet-casino1.top,gambling
maxbet-cazino16.top,gambling
maxbet-mobile295.ru,gambling
maxbet-slots.games,gambling
maxbet-slotscasino.net,gambling
maxbet365.ru,gambling
maxbet377.top,gambling
maxbet925.ru,gambling
maxbetbest.ru,gambling
maxbetbets.ru,gambling
maxbetcasino.ink,gambling
maxbetcasino2020.ru,gambling
maxbetfun.ru,gambling
maxbetlottos.ru,gambling
maxbetqq.net,gambling
maxbetslotcasino.shop,gambling
maxbetslots-854.ru,gambling
maxbetslots-casino.bid,gambling
maxbetslots-casino.co,gambling
maxbetslots-casino.live,gambling
maxbetslots-casino.net,gambling
maxbetslots-casino.pro,gambling
maxbetslots-casinos.live,gambling
maxbetslots-casinos.pro,gambling
maxbetslots-casinos.top,gambling
maxbetslots-cazino.fun,gambling
maxbetslots-fire.ru,gambling
maxbetslots-red468.ru,gambling
maxbetslots-wb14.top,gambling
maxbetslots-web13.top,gambling
maxbetslots-zerkalo1.ru,gambling
maxbetslots.games,gambling
maxbetslots122.ru,gambling
maxbetslots882-playwin.ru,gambling
maxbetslotscasino.net,gambling
maxbetslotscasino10.top,gambling
maxbetslotscasino11.top,gambling
maxbetslotscasino12.top,gambling
maxbetslotscasino7.top,gambling
maxbetslotscasino8.top,gambling
maxbetslotscasino9.top,gambling
maximcasino426.com,gambling
maximcasino427.com,gambling
maximinacasino.com,gambling
maximum-casino.com,gambling
maximum-casino.site,gambling
maximumcasinos.com,gambling
maximumvegas.com,gambling
maxroyalcasino230.com,gambling
maxslots-casino-online.biz,gambling
maxslots-casino.biz,gambling
maxslotscasino.cam,gambling
maxslotscasino.co,gambling
maxslotscasino.ink,gambling
maxslotscasino.ltd,gambling
maxslotscasino.org,gambling
maxslotscasino.pro,gambling
maxslotscasino.vip,gambling
maxwin138ln.vercel.app,gambling
maxwingamble.info,gambling
maxwingamble.online,gambling
maxwingamble.tech,gambling
maxwinmildcasino.com,gambling
maxx-casino.club,gambling
maxxwincasino.online,gambling
may-jet-casino.ru,gambling
may-jet-casino1.top,gambling
may-jet-casino2.top,gambling
may-jetcasino.ru,gambling
mayancasino.com,gambling
mayflowercasino.com,gambling
mb5casino.com,gambling
mb5casinomalaysia.com,gambling
mba66jom.com,gambling
mbcasinoonline.com,gambling
mbestcasinomaster.shop,gambling
mbet999-casino.me,gambling
mbit-casino.top,gambling
mbitcasino.click,gambling
mbitcasino.com,gambling
mbitcasino.io,gambling
mbitcasinopartners2.com,gambling
mbw-casino.me,gambling
mc-d7f7cc1f-1a7c-4fc5-b531-6087-cdn-endpoint.azureedge.net,gambling
mcasino.club,gambling
mcasinobet.com,gambling
mcasinofr.com,gambling
mccasino-bd.com,gambling
mckinleyburkart.com,gambling
mcluck.com,gambling
mcw-casino.click,gambling
mcw-casino.com,gambling
mcw-casino.net,gambling
mcw-casino.top,gambling
mcw-casino.world,gambling
mcwcasino.click,gambling
mcwcasino.mobi,gambling
mcwcasino.world,gambling
mcwcasino77.com,gambling
mcwcasinobangladesh.co,gambling
mcwcasinolkr.com,gambling
md-1xbet.com,gambling
mdlottery.com,gambling
meccasino.nl,gambling
mechoopdacasino.com,gambling
mechoopdacasino.net,gambling
medcenterstore.com,drugs
mediamancasino.com,gambling
meetmirage.com,gambling
mega-casino-uk.com,gambling
mega-casino.click,gambling
mega-casino.world,gambling
mega-volna-casino.ru,gambling
mega-volna-casino.top,gambling
mega-volnacasino.ru,gambling
mega-volnacasino.top,gambling
mega45pari12.in,gambling
megabonanza.com,gambling
megacasino.co.uk,gambling
megacasino.com,gambling
megacasino.me,gambling
megacasino4.com,gambling
megacasinobonuses.ca,gambling
megacasinobonuses.co.nz,gambling
megacasinolistings.com,gambling
megacasinowebsite.com,gambling
megacasinoworld.click,gambling
megafaraon-casino.top,gambling
megafaraoncasino.click,gambling
megafaraoncasino.top,gambling
megagambling.net,gambling
megajackpotscasino.com,gambling
megakingscasino.com,gambling
megamoneycasino.site,gambling
megapari.host,gambling
megaparicasinoar.top,gambling
megaparicasinos.com,gambling
megaparionlinecasino.com,gambling
megapuestacasino.top,gambling
megaslot.com,gambling
megaslotcasino.top,gambling
megaspinzcasino.com,gambling
megaways-casino.online,gambling
megawincasino.com,gambling
megawincasinoe.online,gambling
megawinzcasino.com,gambling
megawinzcasino.shop,gambling
meilleur-casino.fr,gambling
meilleurcasinoenligne.ltd,gambling
meilleurs-casino.net,gambling
meilleurscasinosfr.com,gambling
meilleurscasinosonline.org,gambling
mejorcasino.com.es,gambling
mejores-casinos.pe,gambling
mejorescasinohoteles-en-chile.com,gambling
mejorescasinos-online.com,gambling
mejorescasinosargentina.com,gambling
mejorescasinoscl.com,gambling
mejorescasinosenlinea.com.ar,gambling
mejorescriptocasinos.com,gambling
mejoresonlinecasinos.co,gambling
melati138.com,gambling
melati4d.net,gambling
melati88.org,gambling
melatislotx.org,gambling
melbet-122.ru,gambling
melbet-480723.top,gambling
melbet-casino-1top.ru,gambling
melbet-casino-apk.com,gambling
melbet-casino-download.com,gambling
melbet-casino-eg.com,gambling
melbet-casino-kz.ru,gambling
melbet-casino-news.com,gambling
melbet-casino-top1.ru,gambling
melbet-casino.art,gambling
melbet-casino.cam,gambling
melbet-casino.fun,gambling
melbet-casino.ink,gambling
melbet-casino.ltd,gambling
melbet-casino.org,gambling
melbet-casino.pro,gambling
melbet-casino.today,gambling
melbet-casino.top,gambling
melbet-casino.wiki,gambling
melbet-casino.win,gambling
melbet-casino.work,gambling
melbet-casinos.com,gambling
melbet-casinos.net,gambling
melbet-casinos.org,gambling
melbet-top-casino.ru,gambling
melbet-x63.ru,gambling
melbet.com,gambling
melbet.ec,gambling
melbetcasino.org,gambling
melhor-slots.com,gambling
melhorcasinosonline.com,gambling
mellowcasinoonline.com,gambling
member4d.net,gambling
memecasino.games,gambling
memegambling.com,gambling
menang88pkr.co,gambling
menang88pkr.com,gambling
menang88pkr.net,gambling
menang88pkr.org,gambling
menangmainpk88.asia,gambling
mendhomeclinic.com,gambling
meneercasino.com,gambling
mensleatherjacketsonsale.com,gambling
mercurecasino477.com,gambling
mercurecasinocu.com,gambling
mercuresantarosa.com.ar,gambling
mercurypolicy.org,gambling
merecasino.dk,gambling
meredithoconnormusic.com,gambling
merelivecasino.dk,gambling
mereonlinecasino.dk,gambling
meritbet387.com,gambling
meritbet389.com,gambling
meritbet390.com,gambling
merkur-online-casino.site,gambling
merkur-online-casino.xyz,gambling
merkurbets.de,gambling
merkuronlinecasino.net,gambling
merkuronlinecasino.pro,gambling
merkuronlinecasino.top,gambling
merlincasino.com,gambling
mernagh.ca,drugs
merpati55.xyz,gambling
mers-casino-1.ru,gambling
merscasino-jgo.buzz,gambling
merscasino.buzz,gambling
merscasino.site,gambling
merscasino399.com,gambling
merscasino410.com,gambling
merscasino516.com,gambling
merscasinoofficial.site,gambling
mescasinos.org,gambling
mescoursesdeproximite.com,gambling
messicasino.com,gambling
mestresdopoker.com,gambling
mestudcasino.com,gambling
metacasino.pt,gambling
metagoldcasino.shop,gambling
metakingcasino.com,gambling
metalcasino.com,gambling
metalcasino.site,gambling
metalcasino.top,gambling
metalexcess.com,gambling
metatokens-casino.ru,gambling
methadone.org,drugs
metro4dandro.com,gambling
metro4dchip.com,gambling
metroatmgmgrand.com,gambling
metrohotellasvegas.com,gambling
metrohotellv.com,gambling
metrolv.com,gambling
metromgmgrand.com,gambling
metropoker.fr,gambling
metroresort.com,gambling
mextrade.com.mx,gambling
mgacasino.fi,gambling
mgacasino.ltd,gambling
mgacasino.top,gambling
mgacasinon.se,gambling
mgacasinoutansvensklicens.nu,gambling
mgm-mirage.com,gambling
mgm1job.com,gambling
mgm99win.casino,gambling
mgmafrica.co.za,gambling
mgmbaccarat.com,gambling
mgmbetonline.com,gambling
mgmblackjack.com,gambling
mgmbridgeport.com,gambling
mgmcardgames.com,gambling
mgmcares.com,gambling
mgmcasino.com,gambling
mgmcasinoclub.com,gambling
mgmcasinos.com,gambling
mgmchina.info,gambling
mgmchinaholdings.com,gambling
mgmclubcasino.com,gambling
mgmcondohotel.com,gambling
mgmconnecticut.com,gambling
mgmcontractupdate.com,gambling
mgmdashboard.com,gambling
mgmdetroit.com,gambling
mgmdigitalventures.com,gambling
mgmdirectorsclub.com,gambling
mgmdiversity.com,gambling
mgmeastcoastpokertour.com,gambling
mgmecpt.com,gambling
mgmessence.info,gambling
mgmessence.net,gambling
mgmessence.org,gambling
mgmfan.com,gambling
mgmfantasy.com,gambling
mgmfantasysports.com,gambling
mgmgambler.com,gambling
mgmgames.com,gambling
mgmgamingsystems.com,gambling
mgmggrand.com,gambling
mgmgrand.cc,gambling
mgmgrand.co.in,gambling
mgmgrand.co.za,gambling
mgmgrand.com,gambling
mgmgrand.com.lv,gambling
mgmgrand.jobs,gambling
mgmgrand.lv,gambling
mgmgrand.ma,gambling
mgmgrand21.com,gambling
mgmgrandarena.com,gambling
mgmgrandbaccarat.com,gambling
mgmgrandbet.com,gambling
mgmgrandbetonline.com,gambling
mgmgrandbingo.com,gambling
mgmgrandblackjack.com,gambling
mgmgrandboxoffice.com,gambling
mgmgrandcardgames.com,gambling
mgmgrandcasino.com,gambling
mgmgrandcasinohotel.com,gambling
mgmgrandcasinos.com,gambling
mgmgrandcondohotel.com,gambling
mgmgranddetroitnye.com,gambling
mgmgrande.com,gambling
mgmgrandexhibitorservices.com,gambling
mgmgrandgambler.com,gambling
mgmgrandhotel.cn,gambling
mgmgrandhotel.co.in,gambling
mgmgrandhotel.com,gambling
mgmgrandhotelcasino.com,gambling
mgmgrandhotellasvegas.com,gambling
mgmgrandhotelmacau.cn,gambling
mgmgrandhotram.com,gambling
mgmgrandhotrambeach.com,gambling
mgmgrandinroomcasino.com,gambling
mgmgrandlionhabitat.com,gambling
mgmgrandmacao.cn,gambling
mgmgrandmacau.com.cn,gambling
mgmgrandmacau.net.cn,gambling
mgmgrandmacau.org.cn,gambling
mgmgrandmetro.com,gambling
mgmgrandnightlife.com,gambling
mgmgrandproduction.com,gambling
mgmgrandresort.com,gambling
mgmgrandresort.ma,gambling
mgmgrandroulette.com,gambling
mgmgrandskylofts.com,gambling
mgmgrandslotmachine.com,gambling
mgmgrandsport.com,gambling
mgmgrandsports.com,gambling
mgmgrandsportsbetting.com,gambling
mgmgrandsportsbook.com,gambling
mgmgrandstudio54.com,gambling
mgmgrandtickets.com,gambling
mgmgrandturnberryresales.com,gambling
mgmgrandvegas.com,gambling
mgmgrandweddings.com,gambling
mgmhospitality.com,gambling
mgmhospitality.ru,gambling
mgmhospitalityaffiliates.com,gambling
mgmhotel.co.in,gambling
mgmhotel.ma,gambling
mgmmacao.cn,gambling
mgmmacao.com.cn,gambling
mgmmacau.cn,gambling
mgmmacau.com,gambling
mgmmacau.com.cn,gambling
mgmmgrand.com,gambling
mgmmirage.co.za,gambling
mgmmirage.com.lv,gambling
mgmmirage.cz,gambling
mgmmirage.jobs,gambling
mgmmirage.lv,gambling
mgmmirage.sg,gambling
mgmmirage.tv,gambling
mgmmirageaccess.com,gambling
mgmmirageaffiliates.com,gambling
mgmmiragecareers.com,gambling
mgmmiragediversity.com,gambling
mgmmirageevents.com,gambling
mgmmiragegiftcard.com,gambling
mgmmiragegiftcards.com,gambling
mgmmiragemagazine.com,gambling
mgmmiragemomentum.com,gambling
mgmmiragemomentum.net,gambling
mgmmiragemomentum.org,gambling
mgmmirageplayersclub.com,gambling
mgmmiragerewards.com,gambling
mgmmiragevisa.com,gambling
mgmmiragevoice.com,gambling
mgmnightlife.com,gambling
mgmnorthfieldpark.com,gambling
mgmopoly.com,gambling
mgmplay.com,gambling
mgmresorts.com,gambling
mgmresortsaccess.com,gambling
mgmresortsaffiliates.com,gambling
mgmresortscareers.com,gambling
mgmresortsconnections.com,gambling
mgmresortsdiversity.com,gambling
mgmresortseliteaccess.com,gambling
mgmresortsevents.com,gambling
mgmresortsfoundation.org,gambling
mgmresortsgiftcard.com,gambling
mgmresortshealthyyou.com,gambling
mgmresortsimages.com,gambling
mgmresortsinternational.com,gambling
mgmresortslogos.com,gambling
mgmresortsluxurysuites.com,gambling
mgmresortsmomentum.com,gambling
mgmresortsproductions.com,gambling
mgmrewards.com,gambling
mgmroulette.com,gambling
mgmshops.com,gambling
mgmslotmachine.com,gambling
mgmsport.com,gambling
mgmsports.com,gambling
mgmsportsbetting.com,gambling
mgmsportsbook.com,gambling
mgmspringfield.com,gambling
mgmsystems.com,gambling
mgmthink.com,gambling
mgmturnberryresales.com,gambling
mgmturnberryresidences.com,gambling
mgmvegasyourway.com,gambling
mgmwin.com,gambling
mhamplin.cfd,gambling
miami1688casino.org,gambling
miamicasinoclub.com,gambling
miamicasinohotels.com,gambling
miamiclubcasino.im,gambling
miamiclubcasino.top,gambling
micasino-chile.net,gambling
micasino.com.mx,gambling
micasinoenlinea.com,gambling
micasinovip.com,gambling
michiganlottery.com,gambling
microgaming-online-casinos.us,gambling
microgaming.com,gambling
microgaming.eu,gambling
midas-casino.es,gambling
midlandsgamblingclinic.org,gambling
midnightwins-casino.com,gambling
mifinitycasino-se.top,gambling
mifinitycasinos.com,gambling
mightyriches.com,gambling
miglioricasinononaams.com,gambling
miglioricasinononaams.online,gambling
miglioricasinoonline.info,gambling
miglioricasinoonline.net,gambling
miglioricasinoonlineaams.com,gambling
miharrahsrincon.com,gambling
mild-casino.xyz,gambling
mildcasino-cuan.xyz,gambling
mildcasino303.vip,gambling
mildcasinoalternatif.asia,gambling
miliardercasino.com,gambling
milkcasino.com,gambling
milkomedacasino.com,gambling
milkywaycasino.bot,gambling
milkywaycasino.co,gambling
milkywaycasino.game,gambling
milkywaycasino.games,gambling
milkywaycasino2.com,gambling
million-casino.net,gambling
million-onlinecasino.co.uk,gambling
million88-casino.me,gambling
millionairecasino.com,gambling
millionairecasino.net,gambling
millioncasino-onlinee.click,gambling
millioncasinos-online.click,gambling
millionz.com,gambling
millionzcasino-france.com,gambling
milyon88-casino.com,gambling
milyon888-casino.me,gambling
mimusa.org,gambling
mindepcasinos.com,gambling
mindmodulations.com,drugs
mines-casino.kz,gambling
minibet88-casino.me,gambling
minimalgenesis.com,gambling
minimum-deposit-casinos.org,gambling
minimumdepositcasino.ca,gambling
minimumdepositcasinos.ie,gambling
minimumdepositcasinos.org,gambling
minivegascasino.com,gambling
mintedpoker.com,gambling
miparley.com.ve,gambling
mir1win.ru,gambling
mirage.com,gambling
mirage.dm,gambling
mirage.ma,gambling
miragebaccarat.com,gambling
miragebet.com,gambling
miragebetonline.com,gambling
mirageblackjack.com,gambling
mirageboxoffice.com,gambling
miragecardgames.com,gambling
miragecasino.com,gambling
miragecasinoandsportsbook.com,gambling
miragecasinos.com,gambling
miragecasinousa.com,gambling
mirageclubcasino.com,gambling
miragedream.com,gambling
mirageevents.com,gambling
mirageexhibitorservices.com,gambling
miragegambler.com,gambling
miragehabitat.com,gambling
miragehotelcasino.com,gambling
mirageonlinepoker.com,gambling
mirageplay.com,gambling
miragepoker.com,gambling
miragereservations.com,gambling
mirageroulette.com,gambling
miragescasino.com,gambling
mirageslotmachine.com,gambling
miragesport.com,gambling
miragesports.com,gambling
miragesportsbetting.com,gambling
miragesportsbook.com,gambling
miragevoice.com,gambling
miragewin.com,gambling
miraxcasino.top,gambling
mircasino.store,gambling
misalofindia.com,gambling
mislibet257.com,gambling
missourilottery.com,gambling
misterbet.it,gambling
misterindo.net,gambling
misterocasino.com,gambling
mistertogel.com,gambling
mistertoto.it,gambling
misterx-casino.fun,gambling
misterx-casino3.fun,gambling
misterx-casino4.fun,gambling
mitrapoker.com,gambling
miucasino.com,gambling
miucasino.promo,gambling
mjcasino.hk,gambling
mjptop2025.com,gambling
mjslot777.engineering,gambling
mkcasino.top,gambling
mkgamble.com,gambling
mldcasino.live,gambling
mlifewineclub.com,gambling
mlifewinestore.com,gambling
mmbet.in,gambling
mn-lottery.net,gambling
mnl168-casino.me,gambling
mnl168casino.me,gambling
mnl63casino.me,gambling
mnl777-casinoaa.com,gambling
mnl777casino.me,gambling
mnlottery.com,gambling
mnlwin-casino.me,gambling
mo1xbet.ru,gambling
mobil-casinos.nu,gambling
mobilacasinospel.se,gambling
mobilautomaten.com,gambling
mobilbahis.us,gambling
mobilcasinolistesi.com,gambling
mobilcasinoonline.se,gambling
mobilcasinos.net,gambling
mobile-casino.com,gambling
mobile-casinox72.ru,gambling
mobilebet.com,gambling
mobilebetgratis.com,gambling
mobilecasino-canada.com,gambling
mobilecasino-freespins.com,gambling
mobilecasino-ng.com,gambling
mobilecasino-ph.com,gambling
mobilecasino-sg.com,gambling
mobilecasinodirectory.net,gambling
mobilecasinolab.com,gambling
mobilecasinomobile.com,gambling
mobilecasinoparty.com,gambling
mobilecasinorang.be,gambling
mobilecasinorank-ao.com,gambling
mobilecasinorank-gh.com,gambling
mobilecasinorank-rw.com,gambling
mobilecasinorank-zm.com,gambling
mobilecasinorank-zw.com,gambling
mobilecasinorank.co.za,gambling
mobilecasinorank.com.ar,gambling
mobilecasinorank.com.ve,gambling
mobilecasinorank.ie,gambling
mobilecasinorank.mx,gambling
mobilecasinorank.nl,gambling
mobilecasinorank.pe,gambling
mobilecasinorank.ro,gambling
mobilecasinos.me,gambling
mobilecasinos.mobi,gambling
mobilecasinos.wiki,gambling
mobilecasinos24.net,gambling
mobilecasinoscanada.net,gambling
mobilecasinosite.com,gambling
mobilepaycasino-fi.top,gambling
mobilepokerclub.com,gambling
mobileslotsites.co.uk,gambling
mobiletopcasinos.com,gambling
mobileuscasinos.com,gambling
mobilewinscasino.co.uk,gambling
mockupcasino.com,gambling
modelguns.co.uk,dangerous_material
modelscasino.com,gambling
moderncasino.co,gambling
moderneolg.ca,gambling
modernindianman.com,gambling
moh-fresh-casino.top,gambling
moh-freshcasino.top,gambling
mohawkcasino.co.uk,gambling
mohawkcasino.com,gambling
mohegansun.com,gambling
mohegansuncasino.com,gambling
moicasino.top,gambling
molottery.com,gambling
molotteryblog.com,gambling
momangcasino.se,gambling
momentumcasino.com,gambling
momypedia.com,gambling
monacocasino.top,gambling
moncasino.ga,gambling
moncasinoenligne.expert,gambling
monerocasino.top,gambling
monet11-v2.com,gambling
monetacasino.com,gambling
money-casinos.xyz,gambling
money-slots.org,gambling
moneyfanclub.com,gambling
moneyrealcasino.online,gambling
moneytreecasinoe.store,gambling
moneyyellow.com,gambling
monjackpot.com,gambling
monkeykingcasino.xyz,gambling
monlinecasinoskills.com,gambling
monopoly-casino.net,gambling
monopolycasino-es.click,gambling
monopolycasino.space,gambling
monopolycasino.top,gambling
monopolyslots.net,gambling
monoslotcasino.top,gambling
monro-casino-game.top,gambling
monro-casino-official.ru,gambling
monro-casino-ru.com,gambling
monro-casino.com,gambling
monro-casino.org,gambling
monro-casino.ru,gambling
monro-casinowin.ru,gambling
monro-casinowins.ru,gambling
monro-play-casino.top,gambling
monrocasino-ada.ru,gambling
monrocasino-btc.ru,gambling
monrocasino-online.ru,gambling
monrocasino-proza.ru,gambling
monrocasino-win.ru,gambling
monrocasino.cfd,gambling
monrocasino.icu,gambling
monrocasino.ru,gambling
monrocasino.sbs,gambling
monrocasino3.com,gambling
monrocasino4.com,gambling
monrocasinobtc.ru,gambling
monrocasinotop.com,gambling
monrocasinowins.ru,gambling
monroslots.ru,gambling
monsieur-casino.com,gambling
monsieur-casinos-bonus.net,gambling
monstercasino.co.uk,gambling
monsupercasino.com,gambling
montanablackcasino.com,gambling
monte-casino.com,gambling
montecasino.co.za,gambling
montecristocasino.com,gambling
montecrypto-casino-france.com,gambling
montecrypto-casino.com,gambling
montgomeryundergroundwinery.com,gambling
monty-casinos.com,gambling
montycasinos.com,gambling
moons-casino.online,gambling
moonshine-still.com,drugs
moosesocialcasino.com,gambling
mooshcasino.top,gambling
morongocasinoresort.com,gambling
morskocasino.com,gambling
moscow-maxbet116.ru,gambling
mosh-casino.top,gambling
mosquitonet.com,drugs
mostbet-301.ru,gambling
mostbet-az-casino.com,gambling
mostbet-azerbaycan-casino.com,gambling
mostbet-bd.casino,gambling
mostbet-bet-casino.com,gambling
mostbet-brasil-casino.com,gambling
mostbet-casino-apk.com,gambling
mostbet-casino-app.com,gambling
mostbet-casino-app.ru,gambling
mostbet-casino-ar.com,gambling
mostbet-casino-az24.com,gambling
mostbet-casino-bd.net,gambling
mostbet-casino-bet.com,gambling
mostbet-casino-betting.com,gambling
mostbet-casino-betting.ru,gambling
mostbet-casino-gold.ru,gambling
mostbet-casino-gr.com,gambling
mostbet-casino-kazakhstan.ru,gambling
mostbet-casino-kz.ru,gambling
mostbet-casino-mexico.com,gambling
mostbet-casino-morocco.com,gambling
mostbet-casino-mostbet.ru,gambling
mostbet-casino-news.com,gambling
mostbet-casino-no.com,gambling
mostbet-casino-np.biz,gambling
mostbet-casino-pk.com,gambling
mostbet-casino-portugal.pt,gambling
mostbet-casino-pt.biz,gambling
mostbet-casino-ru.ru,gambling
mostbet-casino-sa.com,gambling
mostbet-casino-top.com,gambling
mostbet-casino-turkiye.com,gambling
mostbet-casino-uz24.com,gambling
mostbet-casino-vhod.ru,gambling
mostbet-casino-win.ru,gambling
mostbet-casino.biz,gambling
mostbet-casino.co,gambling
mostbet-casino.fun,gambling
mostbet-casino.in,gambling
mostbet-casino.pk,gambling
mostbet-casino.space,gambling
mostbet-casino108.in,gambling
mostbet-casino777.ru,gambling
mostbet-i742.ru,gambling
mostbet-kazakhstan-casino.com,gambling
mostbet-kazino359.ru,gambling
mostbet-kz-casino.ru,gambling
mostbet-links-12.top,gambling
mostbet-obzor-casino.ru,gambling
mostbet-online-casino-ru.com,gambling
mostbet-pt-casino.pt,gambling
mostbet-slots.kz,gambling
mostbet-turkiye-casino.com,gambling
mostbet-uz-casino.com,gambling
mostbet-wad4.top,gambling
mostbet-waq8.top,gambling
mostbet-wby6.top,gambling
mostbet-wcc7.top,gambling
mostbet-wcd6.top,gambling
mostbet-wcg5.top,gambling
mostbet-wci3.top,gambling
mostbet-wcl9.top,gambling
mostbet-wda7.top,gambling
mostbet-wdn6.top,gambling
mostbet-wdq2.top,gambling
mostbet-wdr9.top,gambling
mostbet-wds6.top,gambling
mostbet-wdu1.top,gambling
mostbet-wdv9.top,gambling
mostbet-wdw9.top,gambling
mostbet-wef6.top,gambling
mostbet-wej1.top,gambling
mostbet-wej5.top,gambling
mostbet-wej8.top,gambling
mostbet-wel3.top,gambling
mostbet-wel8.top,gambling
mostbet-wep4.top,gambling
mostbet-wfr1.top,gambling
mostbet-wgc8.top,gambling
mostbet-wgg6.top,gambling
mostbet-wgj1.top,gambling
mostbet-wgp5.top,gambling
mostbet-whh2.top,gambling
mostbet-whi9.top,gambling
mostbet-whk7.top,gambling
mostbet-whl2.top,gambling
mostbet-whl7.top,gambling
mostbet-whr3.top,gambling
mostbet-whz5.top,gambling
mostbet-wia5.top,gambling
mostbet-wif8.top,gambling
mostbet-wik4.top,gambling
mostbet-wiv1.top,gambling
mostbet-wjb2.top,gambling
mostbet-wjb5.top,gambling
mostbet-wji2.top,gambling
mostbet-wjm5.top,gambling
mostbet-wjo8.top,gambling
mostbet-wkn3.top,gambling
mostbet-wkn5.top,gambling
mostbet-wky1.top,gambling
mostbet-wli4.top,gambling
mostbet-wli8.top,gambling
mostbet-wlj2.top,gambling
mostbet-wlj4.top,gambling
mostbet-wlm8.top,gambling
mostbet-wmb2.top,gambling
mostbet-wmc9.top,gambling
mostbet-wms9.top,gambling
mostbet-wmx7.top,gambling
mostbet-wna5.top,gambling
mostbet-wnd6.top,gambling
mostbet-wni4.top,gambling
mostbet-wnj4.top,gambling
mostbet-wnj6.top,gambling
mostbet-wnq2.top,gambling
mostbet-wob1.top,gambling
mostbet-woe9.top,gambling
mostbet-wof9.xyz,gambling
mostbet-wol6.top,gambling
mostbet-wou3.top,gambling
mostbet-wpi3.top,gambling
mostbet-wpo2.top,gambling
mostbet-wpx5.top,gambling
mostbet-wqa1.top,gambling
mostbet-wqe4.top,gambling
mostbet-wqp5.top,gambling
mostbet-wqw8.top,gambling
mostbet-wqz4.top,gambling
mostbet-wra7.top,gambling
mostbet-wri7.top,gambling
mostbet-wrj6.top,gambling
mostbet-wrk9.top,gambling
mostbet-wrm5.top,gambling
mostbet-wrr1.top,gambling
mostbet-wru7.top,gambling
mostbet-wrv3.top,gambling
mostbet-wsv7.top,gambling
mostbet-wtc7.top,gambling
mostbet-wtl4.top,gambling
mostbet-wtz3.top,gambling
mostbet-wub2.top,gambling
mostbet-wud3.top,gambling
mostbet-wuo9.top,gambling
mostbet-wus4.top,gambling
mostbet-wvf1.top,gambling
mostbet-wvh9.xyz,gambling
mostbet-wvl8.top,gambling
mostbet-wvm1.top,gambling
mostbet-wvn7.top,gambling
mostbet-wvr4.top,gambling
mostbet-wvx8.top,gambling
mostbet-wwa4.top,gambling
mostbet-wwb8.top,gambling
mostbet-wwt9.top,gambling
mostbet-wwv1.top,gambling
mostbet-wxd5.top,gambling
mostbet-wxi3.top,gambling
mostbet-wxn8.top,gambling
mostbet-wxq9.top,gambling
mostbet-wyf6.top,gambling
mostbet-wyk1.top,gambling
mostbet-wym3.top,gambling
mostbet-wyq5.top,gambling
mostbet-wyt2.top,gambling
mostbet-wyt3.top,gambling
mostbet-wzn4.top,gambling
mostbet-wzq4.top,gambling
mostbet-wzt4.top,gambling
mostbet-wzy5.top,gambling
mostbet-zerkala.ru,gambling
mostbet-zerkalo-12.xyz,gambling
mostbet-zerkalo-casino.ru,gambling
mostbet564.ru,gambling
mostbet566.ru,gambling
mostbet88.ru,gambling
mostbetcasino-cz.com,gambling
mostbetcasino-fr.com,gambling
mostbetcasino-kz.ru,gambling
mostbetcasino-pk.com,gambling
mostbetcasino-turkiye.com,gambling
mostbetcasino.click,gambling
mostbetcasino.in,gambling
mostbetcasino.kz,gambling
mostbetcasino681.com,gambling
mostbetcasino682.com,gambling
mostbetcasino686.com,gambling
mostbetcasino691.com,gambling
mostbetcasinoslots.com,gambling
mostbetcasinoz.com,gambling
mostbets-casino.kz,gambling
mostcasino.link,gambling
motorcitycasino.com,gambling
mountairycasino.com,gambling
mountgold-casino.top,gambling
mountgoldcasino.top,gambling
mountiesocialcasino.com,gambling
movarejokeshcasino.com,gambling
movecasino.com,gambling
movecasino.net,gambling
movecasinoin.com,gambling
mozzart-casino.click,gambling
mozzart-casino.top,gambling
mozzartcasino.top,gambling
mpc91casino.pro,gambling
mpesacasinokenya.com,gambling
mpl.live,gambling
mpocasino-jp.xyz,gambling
mpocasino-mantap.com,gambling
mpocasino11.xyz,gambling
mpocasinoqq.com,gambling
mposlotcasino.com,gambling
mr-bit-casino.top,gambling
mr-casinos.com,gambling
mr302sgirl.tripod.com,gambling
mrb-casino.de,gambling
mrbeast-casino.com,gambling
mrbet-casino.top,gambling
mrbet-casino1.com,gambling
mrbet-casino88.com,gambling
mrbetcasino.in,gambling
mrbetcasino.org,gambling
mrbetcasino.top,gambling
mrbetcasino1.com,gambling
mrbetcasinoonline.com,gambling
mrbetcasinos.cl,gambling
mrbetslots.com,gambling
mrbit-casino.net,gambling
mrbit-casino.top,gambling
mrbit-casino1.org,gambling
mrbitcasino-vhod.win,gambling
mrbitcasino.top,gambling
mrcasino.com,gambling
mrcasino.kr,gambling
mrcasino.nu,gambling
mrcasino586.com,gambling
mrcasinogir.com,gambling
mrcasinomy.com,gambling
mrcasinos.online,gambling
mrcasinoslots.com,gambling
mrcasinova.com,gambling
mresortg.net,gambling
mrfortunecasino.online,gambling
mrgjobs.com,gambling
mrgmail.com,gambling
mrgreen.com,gambling
mrgreencasino.click,gambling
mrgreencasino.top,gambling
mrgres.com,gambling
mrjack.bet,gambling
mrmegacasino.top,gambling
mrocasino.com,gambling
mrplay-casino.top,gambling
mrplaycasino.online,gambling
mrq-casino-uk.com,gambling
mrscommesse.it,gambling
mrxbet.it,gambling
mtproblemgambling.org,gambling
mu88-casino.top,gambling
mu88casino.sbs,gambling
mu88casino.top,gambling
muchbetter-casino-ca.top,gambling
muchbetter-casino-ru.top,gambling
muchbetter-casino.top,gambling
muchbettercasinos.co.uk,gambling
muchospoker.com,gambling
muckleshootcasino.com,gambling
mukacasino.site,gambling
mukacasino.us,gambling
mukacasino5.com,gambling
mukacasino6.com,gambling
mukacasinoa.com,gambling
mukacasinob.com,gambling
multgame.com,gambling
multi-drugs-test.com,drugs
multicasino.com,gambling
multicasinosmart.com,gambling
multiplayervideopoker.com,gambling
multitalentoso.net,gambling
mumbaicasinos.com,gambling
mumitoto-ku.musimsejuk.my,gambling
mummiesbingo.com,gambling
mummysgold.com,gambling
mundoclub.com.ar,gambling
munstercasino.com,gambling
murka.com,gambling
mustwin-casino.me,gambling
mutterbetslorcasino.shop,gambling
mwincasino.com,gambling
mwplay-casino.me,gambling
my-casino-now.com,gambling
my-casino.top,gambling
my-fresh-casino.ru,gambling
my-fresh-casino.top,gambling
my-freshcasino.ru,gambling
my-freshcasino.top,gambling
my-mafia-city.net,gambling
my11circle.com,gambling
myanmar-redd.org,gambling
myarkansaslottery.com,gambling
mybcasino.top,gambling
mybecasinomasterslot.shop,gambling
mybestcasino.ca,gambling
mybet.com,gambling
mybet.de,gambling
mybetoncasino.com,gambling
mybookie.ag,gambling
mybookie.com,gambling
mycasino-vavada.fun,gambling
mycasino-vavada.ru,gambling
mycasino.ch,gambling
mycasino.id,gambling
mycasino.in,gambling
mycasino.uno,gambling
mycasino77.com,gambling
mycasinoadviser.com,gambling
mycasinoblackjack.com,gambling
mycasinoguru.com,gambling
mycasinoknowledge.com,gambling
mycasinooffer.shop,gambling
mycasinopartners.com,gambling
mycasinopartners.partners,gambling
mycasinopinions.com,gambling
mycasinoreviews.net,gambling
mycasinous.com,gambling
mychance.com,gambling
mychumbacasino.com,gambling
myclubmandalay.com,gambling
myclubrewards.ca,gambling
mycoolcasino.net,gambling
mydailytoke.com,drugs
mydreamscasino.com,gambling
myempirecasino.de,gambling
myempirewire.com,gambling
myexcaliburoffers.com,gambling
myfabulousvegas.com,gambling
myfabulousvegas.net,gambling
myfabulousvegas.org,gambling
myfavouritecasinos.com,gambling
mygamblingpal.com,gambling
myjackpot-casino.fr,gambling
myjackpotcasino.de,gambling
myjoykasino.ru,gambling
mykentcasinoru1.top,gambling
mylegacyclub.com,gambling
mylifeofcasinoslots.com,gambling
myluckylandingclub.com,gambling
myluxor.com,gambling
mymgm.com,gambling
mymobicasino.com,gambling
myonlinecasinos.com,gambling
mypersonas.ca,gambling
mypok.fr,gambling
mypokercasinoufabet.online,gambling
mypowerplay11.com,gambling
mysino.de,gambling
myslotclub.com,gambling
mystake-casino-france.com,gambling
mystake-casino.top,gambling
mystake.bet,gambling
mystake.com,gambling
mystakecasino-fr.com,gambling
mystakecasino.click,gambling
mystakecasino.online,gambling
mystakecasino.top,gambling
mysticcasinohotel.com,gambling
mystinocasino.com,gambling
mystinocasino.jp,gambling
mystrikeitrichclub.com,gambling
myteam11.com,gambling
myteampoker.com,gambling
n1-betcasino1.com,gambling
n1-casino-online.com,gambling
n1bet-casino-australia.com,gambling
n1bet-casinos.net,gambling
n1betcasino.top,gambling
n1casino.click,gambling
n1casino.co,gambling
n1casino.com,gambling
n8-casino.top,gambling
n8casino.live,gambling
n8casinon8.in,gambling
naak.io,gambling
nadeznie-casino.ru,gambling
naga-poker.com,gambling
naga188casino.com,gambling
nagapoker.biz,gambling
nagapoker.com,gambling
nagapoker88.com,gambling
nagatogel.com,gambling
nagatoto168.com,gambling
naijabet.com,gambling
najboljecasino.com,gambling
najlepsie-casino-online.sk,gambling
nalpa.com,gambling
nanocasino.top,gambling
napoleoncasino.top,gambling
napoleongames.be,gambling
naskilacasinoexpress.com,gambling
natcasinosverige.com,gambling
nathangamble.net,gambling
nationacasino.com,gambling
national-casino.top,gambling
national-lottery.asia,gambling
national-lottery.co.uk,gambling
national-lottery.com,gambling
nationalcasino-hu.click,gambling
nationalcasino.click,gambling
nationalcasino.com,gambling
nationalcasino.top,gambling
nationalcasino.world,gambling
nativecasinos.ca,gambling
natrocket.kmip.net,dangerous_material
naturabuy.fr,dangerous_material
natuxo.com,dangerous_material
nautiluscasino.com,gambling
nb26-jet-casino.top,gambling
nb26-jetcasino.top,gambling
nbacasino.cc,gambling
nbacasino.live,gambling
nbet.me,gambling
nbet.net,gambling
ncjrs.org,drugs
nclottery.com,gambling
ndbcasinos.com,gambling
ndfcclinic.com,gambling
nearestcasino.site,gambling
nebulaecasino.com,gambling
necasino.co,gambling
necasino.pro,gambling
necasino77.com,gambling
necasino777.com,gambling
necasino88.com,gambling
nederlands-casino.com,gambling
nederlandscasinos.net,gambling
nederlandsecasinosite.com,gambling
nederlandseloterij.nl,gambling
nederlandseonlinecasino.com,gambling
nederlandseonlinecasino.nl,gambling
nederlandseonlinecasinos.org,gambling
negeringarip-desa.id,gambling
nejlepsicasino24.com,gambling
nejlepsicasino4you.com,gambling
nelottery.com,gambling
nemoland.dk,drugs
neobet.de,gambling
neogames.com,gambling
neon-54casino.de,gambling
neon54casino.top,gambling
neonix-casino.com,gambling
neonslots.com,gambling
neonvertexcasino.com,gambling
neoonlinecasino.com,gambling
neopoker.fr,gambling
neospincasino.com,gambling
neosurf-casino-au.top,gambling
neosurf-casino-ca.top,gambling
neosurf-casino-nl.top,gambling
neosurf-casino.net,gambling
neosurfcasinos.ca,gambling
nesine.com,gambling
nesinecasino214.com,gambling
nesinecasino218.com,gambling
nesinecasino219.com,gambling
nesinecasino220.com,gambling
nesinecasino222.com,gambling
nesinecasino224.com,gambling
nesinecasino226.com,gambling
nesinecasino227.com,gambling
nesinecasino228.com,gambling
nesinecasino229.com,gambling
nesinecasino230.com,gambling
nesinecasino231.com,gambling
nesinecasino232.com,gambling
nesinecasino233.com,gambling
nesinecasino234.com,gambling
nesinecasino235.com,gambling
nesinecasino238.com,gambling
nesinecasino242.com,gambling
nesinecasino307.com,gambling
nesinecasino308.com,gambling
nesinecasino309.com,gambling
nesinecasino311.com,gambling
nesinecasino312.com,gambling
nesinecasino315.com,gambling
nesinecasino316.com,gambling
nesinecasino317.com,gambling
nesinecasino318.com,gambling
nesinecasino319.com,gambling
nesinecasino322.com,gambling
nesinecasino324.com,gambling
nesinecasino325.com,gambling
nesinecasino326.com,gambling
nestcasino.xyz,gambling
net-casino.online,gambling
netbet-casino.top,gambling
netbet.co.uk,gambling
netbet.fr,gambling
netbetcasino.click,gambling
netbetcasino.it,gambling
netbetcasino.top,gambling
netbetpoker.it,gambling
netcasino-x.ru,gambling
netcasinobonuses.com,gambling
netcasinofreespins.com,gambling
neteller-casino-ru.top,gambling
neteller-casino-uk.top,gambling
neteller-casinos.com,gambling
netellercasinos.ca,gambling
netellercasinos.net,gambling
netellercasinos.nz,gambling
netent-casino.money,gambling
netent-casino.site,gambling
netentcasino.com,gambling
netentcasino.se,gambling
netentcasinoguide.se,gambling
netentcasinonederland.nl,gambling
netentfreeslots.com,gambling
netentsverigecasino.com,gambling
netonlinecasino.com,gambling
netonlinecasinos.com,gambling
netsitegaming.com,gambling
nettcasino.com,gambling
nettcasinoer.nu,gambling
netticasino.com,gambling
netticasinosuomi.info,gambling
networkstresser.com,dangerous_material
neue-casino-spiele.de,gambling
neue-onlinecasinos.net,gambling
neuebesteonlinecasinos.de,gambling
neuecasinoboni.com,gambling
neuecasinos-at.com,gambling
neuecasinos24.com,gambling
neueonline-casinos.com,gambling
neugrunaercasino.top,gambling
nevadagambling.info,gambling
nevadagamblinglaws.com,gambling
nevadalanding.com,gambling
nevadawincasinoreview.net,gambling
new-crypto-casinos.com,gambling
new-fresh-casino.com,gambling
new-fresh-casino.top,gambling
new-freshcasino.top,gambling
new-pin-up-casino.ru,gambling
new-retro-casino-a1p.ru,gambling
new-retro-casino-c3n.ru,gambling
new-retro-casino-e5l.ru,gambling
new-retro-casino-f6k.ru,gambling
new-retro-casino-i9h.ru,gambling
new-retro-casino-officiall.com,gambling
new-retro-casino-q7j.ru,gambling
new-retro-casino-s9h.ru,gambling
new-retro-casino-t0g.ru,gambling
new-retro-casino.site,gambling
new-retro-casino.xyz,gambling
new-retro-casinoe.ru,gambling
new-retro-casinor.ru,gambling
new-retro-casinow.ru,gambling
new-rtg-casinos.com,gambling
new1-freshcasino.top,gambling
new2-freshcasino.top,gambling
new88casino.site,gambling
newbitcoincasinos.net,gambling
newbitcoincasinosites.net,gambling
newbrunswickcasino.com,gambling
newcasino-ke.com,gambling
newcasino-ng.com,gambling
newcasino-nl.com,gambling
newcasino-sg.com,gambling
newcasinobonuses.uk,gambling
newcasinolab.com,gambling
newcasinorang.be,gambling
newcasinorank-gh.com,gambling
newcasinorank-rw.com,gambling
newcasinorank-zm.com,gambling
newcasinorank-zw.com,gambling
newcasinorank.co.uk,gambling
newcasinorank.ie,gambling
newcasinorank.in,gambling
newcasinorank.nl,gambling
newcasinoranks.ca,gambling
newcasinos-au.com,gambling
newcasinos-ca.com,gambling
newcasinos-ie.com,gambling
newcasinos.ca,gambling
newcasinos.com,gambling
newcasinos.ie,gambling
newcasinos2020.co.uk,gambling
newcasinoseason.com,gambling
newcasinosites.ltd,gambling
newcasinouk.com,gambling
newestonlinecasinoreviews.com,gambling
newgenerationslots2024.online,gambling
newicsteam.com,gambling
newjerseycasinos.net,gambling
newkingcasinoffers.com,gambling
newkingcasinopromos.com,gambling
newlasvegascasinos.com,gambling
newmexicocasinos.net,gambling
newmobilecasinos.ca,gambling
newonline-casinos.co.uk,gambling
newonlinecasino.ltd,gambling
newonlinecasinos.ltd,gambling
newonlineslots.co.uk,gambling
newrealcasino.com,gambling
newretro-casino.click,gambling
newretro-casino.life,gambling
newretro-casino.ru,gambling
newretro-casinoplay.ru,gambling
newretro-casinowins.ru,gambling
newretro-playcasino.ru,gambling
newretrocasino-band.ru,gambling
newretrocasino-casino3.ru,gambling
newretrocasino-playz.ru,gambling
newretrocasino-yu.ru,gambling
newretrocasino.com,gambling
newretrocasino1.ru,gambling
newretrocasino777.ru,gambling
newretrocasinoa17.com,gambling
newretrocasinocx7.com,gambling
newretrocasinoew7.com,gambling
newretrocasinofa9.com,gambling
newretrocasinog17.com,gambling
newretrocasinoh14.com,gambling
newretrocasinoh19.com,gambling
newretrocasinoh24.com,gambling
newretrocasinoh56.com,gambling
newretrocasinom16.com,gambling
newretrocasinom19.com,gambling
newretrocasinom21.com,gambling
newretrocasinomb4.com,gambling
newretrocasinomc2.com,gambling
newretrocasinoonline.ru,gambling
newretrocasinoplay.ru,gambling
newretrocasinorg8.com,gambling
newretrocasinort9.com,gambling
newretrocasinos25aqw.com,gambling
newretrocasinowin.ru,gambling
newretrocasinowins.space,gambling
newretrocasinoxr4.com,gambling
newretrocasinozw1.com,gambling
newretroslots.ru,gambling
news-melbet-casino.com,gambling
news-mostbet-casino.com,gambling
news-vavada-casino.com,gambling
newslotsites.xyz,gambling
newsoncasinos.com,gambling
newspeakdictionary.com,drugs
newtowncasino.co,gambling
newvegas.com,gambling
newvegascasino.top,gambling
newvodkacasinobet.online,gambling
newvodkacasinobet10.online,gambling
newvodkacasinobet2.online,gambling
newyorkbets.com,gambling
newyorkcasino.com,gambling
newyorknewyorkcasino.com,gambling
newyorknewyorklasvegas.com,gambling
newyorkslotexchange.com,gambling
newzealandcasino10top.com,gambling
newzealandcasinobonuses.com,gambling
newzealandcasinos.io,gambling
newzealandcasinos.nz,gambling
newzealandcasinosonline.co.nz,gambling
next-casino.net,gambling
next-casinos.net,gambling
nextcasino.top,gambling
nextocasino.com,gambling
nexts-casino.net,gambling
nextslots.com,gambling
nexus88-casino.me,gambling
nexusgaming88-casino.me,gambling
neypasming.com,gambling
nft-fresh-casino.ru,gambling
nft-fresh-casino.top,gambling
nft-fresh-casino1.top,gambling
nft-fresh-casino2.top,gambling
nft-fresh-casino3.top,gambling
nggambling.com,gambling
nhlottery.com,gambling
niagara-casino.pro,gambling
nice-casino.me,gambling
nice88-casinoaa.com,gambling
nice888-casino.me,gambling
nicejoycasino-60.ru,gambling
nieuwcasinonederland.com,gambling
nieuwe-casinos.net,gambling
niftycasinotoken.shop,gambling
nightbirdcasino.com,gambling
nikecasino.sk,gambling
nikecasino.top,gambling
nilecasino.com,gambling
nine-casino-uk.com,gambling
nine-casino.click,gambling
nine-casino.world,gambling
nine99-casino.me,gambling
ninebetcasino.com,gambling
ninecasino-de.com,gambling
ninecasino-es.click,gambling
ninecasino-fr.app,gambling
ninecasino-fr.com,gambling
ninecasino-fr.fr,gambling
ninecasino-hu.click,gambling
ninecasino-sk.click,gambling
ninecasino-sk.online,gambling
ninecasino.com,gambling
ninecasino.com.br,gambling
ninecasino.top,gambling
ninecasinoapp.com,gambling
ninecasinofrance.com,gambling
ninecasinohu.click,gambling
ninecasinos.es,gambling
ninewincasino.uk,gambling
ninewinslots.com,gambling
ninja-casino.top,gambling
ninjacasino.com,gambling
ninjacasino.top,gambling
nirvana-shop.com,drugs
nirvanashop.com,drugs
nitro-casino.click,gambling
nitro-casino.top,gambling
nitrobetcasino.com,gambling
nitrobetcasino1.com,gambling
nitrocasino.click,gambling
nitrocasino.com,gambling
nitrocasino.online,gambling
nitrocasino.top,gambling
nitrocasino7.com,gambling
nitrocasinokirjaudu.com,gambling
nitrocasinoonline.ro,gambling
nitrocasinoonline.top,gambling
njlottery.com,gambling
njplaycasinos.com,gambling
nla.com.gh,gambling
nlcasinos.net,gambling
nlcasinospot.nl,gambling
nmgmgrand.com,gambling
nn77-casino.me,gambling
nn777-slot.net,gambling
nn777casinoph.com,gambling
nn777onlinecasino.com,gambling
nnprod.com,dangerous_material
no-account-casino.com,gambling
no-deposit-bonus-casino.net,gambling
no-deposit-casino-bonus.se,gambling
no-joycasino.ru,gambling
no1-jili-casino.me,gambling
no1casino.link,gambling
noaccountcasino.com,gambling
nobettercasino.shop,gambling
noblebet.pl,gambling
noblegamble.com,gambling
nobleonlinecasino.com,gambling
noblepoker.com,gambling
nodeposit-casinos.com,gambling
nodepositbonuscasino.co.za,gambling
nodepositbonuscasinocanada.com,gambling
nodepositbonuscasinoz.com,gambling
nodepositcasino.guide,gambling
nodepositcasino.net,gambling
nodepositcasinobonuscodes.org,gambling
nodepositcasinobonuses.in,gambling
nodepositcasinoem.com,gambling
nodepositcasinos.io,gambling
nodepositonlinecasinoreviews.com,gambling
nodepositonlinecasinos.net,gambling
nodepositonlinecasinos.org,gambling
nogamble-nolife.com,gambling
nokycgamble.com,gambling
noluckneeded.com,gambling
nomad-casino-az.com,gambling
nomad-casino-kz.ru,gambling
nomadatparkmgm.com,gambling
nomadatthepark.com,gambling
nomadcasino-kz.top,gambling
nomadlasvegas.com,gambling
nomadlv.com,gambling
nomadmgm.com,gambling
nomadonparkmgm.com,gambling
nomadonthepark.com,gambling
nomadvegas.com,gambling
nomercy.nl,drugs
nomini-casino.top,gambling
nominicasino.top,gambling
nominicasinohu.click,gambling
non-betstop-casinos.com,gambling
non-gamstop-casino.com,gambling
non-gamstop-casinos.com,gambling
non-uk-casino.com,gambling
non-ukcasinos.org,gambling
nonadmcasino.com,gambling
nonameslots2024.online,gambling
nongamstopcasino.site,gambling
nongamstopcasino.uk,gambling
nongamstopcasinos.ltd,gambling
nongamstopcasinos.net,gambling
nongamstopcasinos.org,gambling
nongamstopcasinosuk.ltd,gambling
nonorfolkcasino.com,gambling
nonstopcasino.org,gambling
nontonpk8.net,gambling
nonukcasino.ltd,gambling
nonukcasino.uk,gambling
nonukcasinos.net,gambling
nonukcasinos.uk,gambling
nopeampi.com,gambling
nopeampicasino.com,gambling
nordi-casino.org,gambling
nordic-casinoguide.com,gambling
nordicasino.info,gambling
nordicbet.com,gambling
norgesautomaten.com,gambling
norgescasino.com,gambling
norgescasinoliste.com,gambling
norgesspill.com,gambling
noricvariccasino.com,gambling
norml.org,drugs
norppacasino.top,gambling
norskacasino.se,gambling
norskcasino.co,gambling
norskcasino.org,gambling
norskcasinooversikt.com,gambling
norskcasinos.net,gambling
norske-casino.eu,gambling
norske-casino.io,gambling
norskecasino.cc,gambling
norskecasinoeronline.com,gambling
norskecasinoonline.com,gambling
norskgambling.com,gambling
norskonlinecasino.click,gambling
norskonlinecasino.org,gambling
norskonlinecasinoer.com,gambling
north-casino.net,gambling
northcasino.com,gambling
northdakotagamblinglaws.com,gambling
northerngamblingservice.nhs.uk,gambling
northernwinzcasino.com,gambling
nortoncreativegroup.com,gambling
norwegiancasinobonuses.com,gambling
nostalgiacasino.ca,gambling
notkyccasino.com,gambling
nouveaucasino.net,gambling
nouveaucasinoenligne.fr,gambling
nouveaucasinogratuit.com,gambling
nouveaucasinoranks.com,gambling
novacasinoresort.com,gambling
novcasino.com,gambling
novecasino.cz,gambling
novecasino.net,gambling
novecasinorank.sk,gambling
noveceskecasino.com,gambling
noverifycasino.com,gambling
novibet.co.uk,gambling
novibet.com,gambling
novibet.partners,gambling
novibetcasino.online,gambling
novibetcasino.top,gambling
novibetmxcasino.top,gambling
novicasino.com,gambling
novos-casinos.com,gambling
novoscasinos.com.pt,gambling
nrg-casino.pl,gambling
nrtcasino.com,gambling
nuebe-gaming-casino.me,gambling
nuevocasinorank.ar,gambling
nuevocasinorank.bo,gambling
nuevocasinorank.cl,gambling
nuevocasinorank.com.ve,gambling
nuevocasinorank.es,gambling
nuevocasinorank.mx,gambling
nuevocasinorank.uy,gambling
nuggetcasinoresort.com,gambling
nulledcasino.com,gambling
nuovicasino.it,gambling
nutsaboutcasinos.com,gambling
nutscasino.top,gambling
nxhaowangmy.com,gambling
nyacasino.com,gambling
nyacasinon2020.se,gambling
nyacasinon24.se,gambling
nyacasinonsnabbauttag.se,gambling
nyacasinoutansvensklicens.io,gambling
nyakocasino.com,gambling
nyamobilcasinon.se,gambling
nyaonlinecasinon.nu,gambling
nyasvenskacasino.se,gambling
nycasino.se,gambling
nycasinopartyevents.com,gambling
nyccasino.com,gambling
nye-nettcasino.com,gambling
nyecasino.com,gambling
nyecasino.eu,gambling
nyecasino.io,gambling
nyecasino.me,gambling
nyenorskecasinoer.com,gambling
nyforme.com,gambling
nynybaccarat.com,gambling
nynycasino.com,gambling
nynydashboard.com,gambling
nynyhotelcasino.com,gambling
nynyinteractive.com,gambling
nynylasvegashotel.com,gambling
nytfracasinobiksen.dk,gambling
nytomcasino.dk,gambling
nz-casino.online,gambling
nz-casinoonline.com,gambling
nzcasinohex.com,gambling
nzcasinomagic.com,gambling
nzcasinosites.com,gambling
nzdcasinos.com,gambling
o-poker.net,gambling
oasisgambling.com,gambling
obobet.net,gambling
obzor-1win-casino.ru,gambling
obzor-1xbet-casino.ru,gambling
obzor-casino-1win.ru,gambling
obzor-casino-1xbet.ru,gambling
obzor-casino-bn.com,gambling
obzor-casino-mostbet.ru,gambling
obzor-most-bet-casino.ru,gambling
obzor-mostbet-casino.ru,gambling
obzor-vavada-casino.com,gambling
obzorcasino.org,gambling
oceanbluecasino.com,gambling
oceanbreezecasino.es,gambling
oceanbreezecasino.nl,gambling
oceanbreezecasino.top,gambling
oceanonegrill.com,gambling
oceanworldcasino.com,gambling
octcasino.com,gambling
octocasino.top,gambling
oculus-casino.de,gambling
odawacasino.com,gambling
odawacasinoresort.info,gambling
oddincasino.com,gambling
odds-betting-server.nola.com,gambling
oddschecker.com,gambling
oddset.de,gambling
oddsmaker.ag,gambling
oddspedia.com,gambling
oddsshark.com,gambling
odencasino.net,gambling
oesterreichcasinos.com,gambling
oesterreichischecasinos.at,gambling
oesterreichonlinecasino.at,gambling
of-casino-pin-up7.top,gambling
offar.com,drugs
offical-eldorado-casino.com,gambling
official-casino-1win.cyou,gambling
official-casino-x.ru,gambling
official-xbet.ru,gambling
officialniiu-pinupcasinotop777-win.win,gambling
officialnuicasinopinup21-win.win,gambling
officialnyiocasinopinup124-win.win,gambling
officialnyiocasinopinup21-win.win,gambling
officialpokerrankings.com,gambling
officialsiteroxcasino.shop,gambling
officialworldseriesofpoker.us,gambling
offshore-gambling.org,gambling
offshore.ipbhost.com,gambling
offshorepokersites.com,gambling
offsite-1win289.ru,gambling
offsite-1xslots4.ru,gambling
offsite-1xslots845.ru,gambling
offtrackbetting.com,gambling
oflc.gov.au,drugs
ogcasino.online,gambling
ogcasino.top,gambling
ogilvyalbaniaonline.com,gambling
ohiorizzcasino.com,gambling
ojibwacasino.com,gambling
ojocasino.top,gambling
ojol77v.com,gambling
ok-casino.org,gambling
ok-casinot.com,gambling
okadacasino.click,gambling
okbet-casino.com.ph,gambling
okbet-cc-casino.me,gambling
okbetcasino.live,gambling
okbetcasino.tv,gambling
okbetonlinecasino.me,gambling
okcasino-th.com,gambling
okcasino.co,gambling
okcasino.com,gambling
okcasino.me,gambling
okcasino.net,gambling
okcasino66.com,gambling
okcasino777.com,gambling
okcasino88.com,gambling
okcasinocareers.com,gambling
okcasinot.com,gambling
okebet168-casino.me,gambling
okhash-livecasino.live,gambling
oklahomacasinoguru.com,gambling
oktacasino.com,gambling
okvipcasino.site,gambling
okviplabcasinoslot.shop,gambling
olaph.io,gambling
olaycasino.com,gambling
olaycasino100.com,gambling
olaycasino178.com,gambling
olaycasino180.com,gambling
olaycasino251.com,gambling
olaycasino252.com,gambling
olaycasino254.com,gambling
olaycasino257.com,gambling
olaycasino258.com,gambling
olaycasino259.com,gambling
olaycasino3.com,gambling
olaycasinocu.com,gambling
olaycasinocum.com,gambling
olaycasinogir.com,gambling
olaycasinogirisim.com,gambling
olcasino24.com,gambling
oldhavanacasino.top,gambling
oldoakcasino.com,gambling
ole777casino.net,gambling
olg.ca,gambling
olgallforhere.ca,gambling
olggroupplay.ca,gambling
olgmobile.ca,gambling
olgmobileservices.ca,gambling
olgslotsandcasinos.ca,gambling
olgsponsorshipdb.ca,gambling
olgtoutpourici.ca,gambling
olimp-casino-bonus.com,gambling
olimp-casinokz.com,gambling
olimp-casinox.ru,gambling
olimpcasino.top,gambling
olimpcasino2.kz,gambling
olipsbet142.com,gambling
olipsbet145.com,gambling
olipsbet146.com,gambling
olybet.fr,gambling
olybetcasino.top,gambling
olympiancasino.com,gambling
olympiccasino.top,gambling
omnicasino.com,gambling
omnicasino.site,gambling
omnislots.com,gambling
omocasino.com,gambling
on-line-casinos-online.net,gambling
on-linecasino.org.uk,gambling
oncasino.site,gambling
oncasino1.top,gambling
oncasino10.xyz,gambling
oncasino10top.xyz,gambling
oncasino2.top,gambling
oncasino3.top,gambling
oncasino4.top,gambling
oncasino5.top,gambling
oncasino6.top,gambling
oncasino7.top,gambling
oncasinogames.com,gambling
oncasinos.info,gambling
oncasinosite.info,gambling
oncasinosite.net,gambling
ondel4dtop.com,gambling
one-casino.online,gambling
one-casino.top,gambling
one-pin-up-casino.ru,gambling
onecasino.asia,gambling
onecasino.com,gambling
onecasino.es,gambling
onecasino.nl,gambling
onecasino.top,gambling
oneclubplatinum.com,gambling
onehourfreeplaycasinos.com,gambling
onepoker88.xyz,gambling
onestep-casino.com,gambling
onetwocasino-online.com,gambling
onextwo.com,gambling
onion-casino.club,gambling
onion-casino.lol,gambling
onion-casino.space,gambling
onioncasino.click,gambling
onioncasino.fun,gambling
onioncasino.live,gambling
onioncasino.xyz,gambling
onlain-casino.com,gambling
onlicasinoaussi24.com,gambling
online-2casino.co.uk,gambling
online-canada-casino.pro,gambling
online-card-game-casino.com,gambling
online-casino-001.com,gambling
online-casino-007.com,gambling
online-casino-australia.net,gambling
online-casino-austria.com,gambling
online-casino-betting.com,gambling
online-casino-bingo.co.uk,gambling
online-casino-canada.ca,gambling
online-casino-canada.guru,gambling
online-casino-canada1.site,gambling
online-casino-club.jp,gambling
online-casino-de.com,gambling
online-casino-dealer.com,gambling
online-casino-directory.com,gambling
online-casino-euro.co.uk,gambling
online-casino-explorer.com,gambling
online-casino-fr.com,gambling
online-casino-frank.net,gambling
online-casino-frank.org,gambling
online-casino-gambling.com,gambling
online-casino-games-guide.com,gambling
online-casino-gaming.org,gambling
online-casino-go.com,gambling
online-casino-greece.gr,gambling
online-casino-king.com,gambling
online-casino-listings.com,gambling
online-casino-oesterreich.com,gambling
online-casino-ohne.com,gambling
online-casino-portal.net,gambling
online-casino-pro.sytes.net,gambling
online-casino-schnelle-auszahlung.com,gambling
online-casino-search.com,gambling
online-casino-software.org,gambling
online-casino-spielautomaten.de,gambling
online-casino-th.com,gambling
online-casino-top1.ru,gambling
online-casino-vegas.com,gambling
online-casino-vulcan.net,gambling
online-casino-wib.com,gambling
online-casino-winning.com,gambling
online-casino-x.best,gambling
online-casino-x.club,gambling
online-casino-x.com,gambling
online-casino-x.net,gambling
online-casino.africa,gambling
online-casino.bg,gambling
online-casino.cafe,gambling
online-casino.cheap,gambling
online-casino.com.sg,gambling
online-casino.de,gambling
online-casino.dev,gambling
online-casino.dog,gambling
online-casino.download,gambling
online-casino.energy,gambling
online-casino.expert,gambling
online-casino.in,gambling
online-casino.jetzt,gambling
online-casino.kz,gambling
online-casino.monster,gambling
online-casino.org.es,gambling
online-casino.party,gambling
online-casino.ph,gambling
online-casino.run,gambling
online-casino1.co,gambling
online-casino2.co.uk,gambling
online-casinoaa.com,gambling
online-casinoaustralia.org,gambling
online-casinocanada.net,gambling
online-casinocz.com,gambling
online-casinoo.com,gambling
online-casinos-24.de,gambling
online-casinos-707.net,gambling
online-casinos-789.com,gambling
online-casinos-australia.com,gambling
online-casinos-canada.ca,gambling
online-casinos-free-bonus.com,gambling
online-casinos-nj.com,gambling
online-casinos-ohne-oasis.com,gambling
online-casinos-portugal.com,gambling
online-casinos-reports.com,gambling
online-casinos-test.com,gambling
online-casinos-uncovered.com,gambling
online-casinos-vip.com,gambling
online-casinos.ca,gambling
online-casinos.co.uk,gambling
online-casinos.su,gambling
online-casinos.top,gambling
online-casinos.ws,gambling
online-casinosaustralia.com,gambling
online-casinosaustralia.site,gambling
online-casinosgambling.com,gambling
online-casinosusa.com,gambling
online-echtgeld-casino.de,gambling
online-fresh-casino.ru,gambling
online-fresh-casino.top,gambling
online-freshcasino.top,gambling
online-gamblers-guide.com,gambling
online-gambling-directory.com,gambling
online-glorycasino.com,gambling
online-izzi-casino.top,gambling
online-izzi-casino1.top,gambling
online-izzi-casino2.top,gambling
online-izzi-casino3.top,gambling
online-izzicasino.top,gambling
online-jet-casino.com,gambling
online-jet-casino.top,gambling
online-liveblackjack.com,gambling
online-money-casino.xyz,gambling
online-poker-inside.com,gambling
online-poker-winner.com,gambling
online-pokerratings.info,gambling
online-richard-casino.com,gambling
online-sevenslots.net,gambling
online-slot-machine.net,gambling
online-slots-real-money.com,gambling
online-starda-casino.com,gambling
online-vulkan-casino.one,gambling
online-vulkan-casino.rocks,gambling
online-vulkan-casino.top,gambling
online.casino,gambling
online22casinos.com,gambling
online2casino.com,gambling
online5poker.com,gambling
onlineapprovedcasino.shop,gambling
onlineaucasino.com,gambling
onlinebestecasinos.com,gambling
onlineblackjack.ca,gambling
onlineblackjack.co.nz,gambling
onlineblackjack.rs,gambling
onlineblackjack.tips,gambling
onlineblackjackaustralia.com,gambling
onlineblackjackaustralia.org,gambling
onlineblackjackgaming.com,gambling
onlineblackjackguru.com,gambling
onlineblackjackrealmoneys.com,gambling
onlinebrazilcasino.com,gambling
onlinecasino-24.net,gambling
onlinecasino-777.net,gambling
onlinecasino-baccarat.link,gambling
onlinecasino-bg24.com,gambling
onlinecasino-ca.info,gambling
onlinecasino-canada.org,gambling
onlinecasino-casinox411.ru,gambling
onlinecasino-deutschland.net,gambling
onlinecasino-geld-zurueck.de,gambling
onlinecasino-guide.com,gambling
onlinecasino-hu24.com,gambling
onlinecasino-india.in,gambling
onlinecasino-intense.com,gambling
onlinecasino-jp24.com,gambling
onlinecasino-kenya.com,gambling
onlinecasino-krw.com,gambling
onlinecasino-like.com,gambling
onlinecasino-lt24.com,gambling
onlinecasino-mag.com,gambling
onlinecasino-nl.com,gambling
onlinecasino-ph.com,gambling
onlinecasino-portugal.com,gambling
onlinecasino-reviews.in,gambling
onlinecasino-sg.com.sg,gambling
onlinecasino-sg.net,gambling
onlinecasino-singapore.org,gambling
onlinecasino-sk-24.com,gambling
onlinecasino-southafrica.co.za,gambling
onlinecasino-top7.com,gambling
onlinecasino-tr.com,gambling
onlinecasino-tr.icu,gambling
onlinecasino-tr.top,gambling
onlinecasino.amsterdam,gambling
onlinecasino.at,gambling
onlinecasino.bike,gambling
onlinecasino.bio,gambling
onlinecasino.buzz,gambling
onlinecasino.ca,gambling
onlinecasino.cc,gambling
onlinecasino.cl,gambling
onlinecasino.co.za,gambling
onlinecasino.com,gambling
onlinecasino.coupons,gambling
onlinecasino.ec,gambling
onlinecasino.eu,gambling
onlinecasino.kz,gambling
onlinecasino.nl,gambling
onlinecasino.ru,gambling
onlinecasino.tm,gambling
onlinecasino.wiki,gambling
onlinecasino001.com,gambling
onlinecasino1.co.nz,gambling
onlinecasino10.ru,gambling
onlinecasino1000games.com,gambling
onlinecasino2023.com,gambling
onlinecasino24.club,gambling
onlinecasino24.nl,gambling
onlinecasino25.com,gambling
onlinecasino36.com,gambling
onlinecasino4u.com,gambling
onlinecasino66.com,gambling
onlinecasino68.com,gambling
onlinecasino777.co.nz,gambling
onlinecasinoad.com,gambling
onlinecasinoadmirall.com,gambling
onlinecasinoanleitung.com,gambling
onlinecasinoapproved.com,gambling
onlinecasinoarabic.com,gambling
onlinecasinoarche.com,gambling
onlinecasinoarchive.shop,gambling
onlinecasinoareal.com,gambling
onlinecasinoassistant.com,gambling
onlinecasinoaussie.com,gambling
onlinecasinoaustria.org,gambling
onlinecasinobangladesh.pro,gambling
onlinecasinobelarus.by,gambling
onlinecasinobettingid.com,gambling
onlinecasinobig.shop,gambling
onlinecasinobluebook.com,gambling
onlinecasinobonus.ltd,gambling
onlinecasinobonusking.shop,gambling
onlinecasinobookmekers.com,gambling
onlinecasinobox.no,gambling
onlinecasinoboy.com,gambling
onlinecasinobuitenland.com,gambling
onlinecasinocanada5.com,gambling
onlinecasinocl.com,gambling
onlinecasinoclub.com,gambling
onlinecasinoday.com,gambling
onlinecasinodd.com,gambling
onlinecasinodeluxe.com,gambling
onlinecasinodemar.com,gambling
onlinecasinodirectory.com,gambling
onlinecasinodollar.com,gambling
onlinecasinoelite.com,gambling
onlinecasinoerdk.com,gambling
onlinecasinoes.nl,gambling
onlinecasinoevents.com,gambling
onlinecasinoextra.com,gambling
onlinecasinofbk.com,gambling
onlinecasinofinder.nz,gambling
onlinecasinofortunes.com,gambling
onlinecasinoforus.com,gambling
onlinecasinofriend.com,gambling
onlinecasinogambling.in,gambling
onlinecasinogambling.me,gambling
onlinecasinogamblingtips.com,gambling
onlinecasinogames.ltd,gambling
onlinecasinogames.se,gambling
onlinecasinogateway.com,gambling
onlinecasinogator.com,gambling
onlinecasinogems.com,gambling
onlinecasinogg.com,gambling
onlinecasinogit.com,gambling
onlinecasinogo.com,gambling
onlinecasinogogo.com,gambling
onlinecasinogoldenpalace.com,gambling
onlinecasinogowild.com,gambling
onlinecasinoground.nl,gambling
onlinecasinogroups.com,gambling
onlinecasinoguide.ca,gambling
onlinecasinoguide.com,gambling
onlinecasinoguide.in,gambling
onlinecasinohase.com,gambling
onlinecasinohero.com,gambling
onlinecasinohex.ca,gambling
onlinecasinohex.de,gambling
onlinecasinohex.nl,gambling
onlinecasinohex.ph,gambling
onlinecasinohrvatska.org,gambling
onlinecasinohub.com,gambling
onlinecasinoiceland.is,gambling
onlinecasinoidanmark.dk,gambling
onlinecasinoideal-nl.top,gambling
onlinecasinoigrat.com,gambling
onlinecasinoinfo.eu,gambling
onlinecasinoinfo.it,gambling
onlinecasinoinspector.com,gambling
onlinecasinoirish.shop,gambling
onlinecasinokle.com,gambling
onlinecasinokosmo.org,gambling
onlinecasinolegends.com,gambling
onlinecasinolime.com,gambling
onlinecasinolistan.se,gambling
onlinecasinolistguru.com,gambling
onlinecasinolists.com,gambling
onlinecasinomagicdirectory.com,gambling
onlinecasinomalaysia.wiki,gambling
onlinecasinomalaysia.world,gambling
onlinecasinomalaysia888.org,gambling
onlinecasinomaldives.com,gambling
onlinecasinomaldives.org,gambling
onlinecasinomanitoba.com,gambling
onlinecasinomansion24.com,gambling
onlinecasinomitstartguthaben.org,gambling
onlinecasinon.eu,gambling
onlinecasinoneteller.top,gambling
onlinecasinonewzealand.nz,gambling
onlinecasinonodeposit001.com,gambling
onlinecasinonodeposit002.com,gambling
onlinecasinonodepositbonus.us,gambling
onlinecasinonorge.net,gambling
onlinecasinoofficial.com,gambling
onlinecasinoontario.net,gambling
onlinecasinooperator.com,gambling
onlinecasinoosusume.jp,gambling
onlinecasinoparadies.com,gambling
onlinecasinoparliament.com,gambling
onlinecasinopaysafe.de,gambling
onlinecasinope.com,gambling
onlinecasinoph.net,gambling
onlinecasinophilippines.com.ph,gambling
onlinecasinopoint.nl,gambling
onlinecasinopolis.de,gambling
onlinecasinopolis.org,gambling
onlinecasinoportal.dk,gambling
onlinecasinoprime.com,gambling
onlinecasinoprofy.co.uk,gambling
onlinecasinoprofy.com,gambling
onlinecasinoprofy.es,gambling
onlinecasinopromotionen.de,gambling
onlinecasinoquest.com,gambling
onlinecasinor.us,gambling
onlinecasinorank-ao.com,gambling
onlinecasinorank-sg.com,gambling
onlinecasinorank-zw.com,gambling
onlinecasinoranks.in,gambling
onlinecasinorater.com,gambling
onlinecasinorealmoneyusa.quest,gambling
onlinecasinorealmoneyx.com,gambling
onlinecasinoreports.eu,gambling
onlinecasinoreports.me,gambling
onlinecasinoreportstz.com,gambling
onlinecasinoreviews1.com,gambling
onlinecasinoreviewz.com,gambling
onlinecasinoroxypalace.com,gambling
onlinecasinoroyal.com,gambling
onlinecasinos-australia.com,gambling
onlinecasinos-brand.com,gambling
onlinecasinos-gamble.com,gambling
onlinecasinos-india.com,gambling
onlinecasinos-test.com,gambling
onlinecasinos.at,gambling
onlinecasinos.co.uk,gambling
onlinecasinos.com,gambling
onlinecasinos.com.cy,gambling
onlinecasinos.group,gambling
onlinecasinos.me,gambling
onlinecasinos.net,gambling
onlinecasinos.tv,gambling
onlinecasinos24.de,gambling
onlinecasinos24.eu,gambling
onlinecasinos24.info,gambling
onlinecasinos365.net.nz,gambling
onlinecasinos4me.com,gambling
onlinecasinos77.com,gambling
onlinecasinos77austria.com,gambling
onlinecasinos77colombia.com,gambling
onlinecasinos77greenland.com,gambling
onlinecasinos77micronesia.com,gambling
onlinecasinos77panama.com,gambling
onlinecasinos77pr.com,gambling
onlinecasinos77uk.com,gambling
onlinecasinosat.com,gambling
onlinecasinoscamalert.com,gambling
onlinecasinoscanada.ca,gambling
onlinecasinosco.com,gambling
onlinecasinoscreen.com,gambling
onlinecasinoscripts.com,gambling
onlinecasinosdeutschland.com,gambling
onlinecasinosdeutschland.de,gambling
onlinecasinosdirectory.org,gambling
onlinecasinosechtgeld.com,gambling
onlinecasinosfinder.com,gambling
onlinecasinosforus.com,gambling
onlinecasinosg.com.sg,gambling
onlinecasinosg.info,gambling
onlinecasinosg.org,gambling
onlinecasinosg.sg,gambling
onlinecasinosgame.com,gambling
onlinecasinosgeave.com,gambling
onlinecasinoshex.nl,gambling
onlinecasinoshub.com,gambling
onlinecasinosingapore.club,gambling
onlinecasinosingapore.live,gambling
onlinecasinosingapore.ltd,gambling
onlinecasinosingapore888-sg.org,gambling
onlinecasinosingapore888.org,gambling
onlinecasinosingapore99.com,gambling
onlinecasinosite24.com,gambling
onlinecasinositeleri7.com,gambling
onlinecasinositelive.com,gambling
onlinecasinosites.com.ng,gambling
onlinecasinoskills10.com,gambling
onlinecasinoskills12.com,gambling
onlinecasinoskills14.com,gambling
onlinecasinoskills19.com,gambling
onlinecasinoskills20.com,gambling
onlinecasinoskills21.com,gambling
onlinecasinoskills22.com,gambling
onlinecasinoskiwi.co.nz,gambling
onlinecasinoslist.info,gambling
onlinecasinoslotgames.net,gambling
onlinecasinoslots.co,gambling
onlinecasinoslots.dk,gambling
onlinecasinoslotsmaxx.com,gambling
onlinecasinoslotsparty.com,gambling
onlinecasinoslotsreview.com,gambling
onlinecasinoslotstips.com,gambling
onlinecasinosluxembourg.com,gambling
onlinecasinosmalaysia.com,gambling
onlinecasinosman.com,gambling
onlinecasinosmitbonus.com,gambling
onlinecasinosnederland.net,gambling
onlinecasinosnz.org,gambling
onlinecasinosohnedeutschelizenz.com,gambling
onlinecasinosonline.co.za,gambling
onlinecasinospark.com,gambling
onlinecasinospel.net,gambling
onlinecasinosportugal.com,gambling
onlinecasinosrealmoney.co.nz,gambling
onlinecasinosrealmoneynz.co.nz,gambling
onlinecasinosrilanka.net,gambling
onlinecasinosschweiz23.com,gambling
onlinecasinosspelen.com,gambling
onlinecasinosuomi.net,gambling
onlinecasinosupport.com,gambling
onlinecasinosw.com,gambling
onlinecasinoswithoutlicense.com,gambling
onlinecasinosymphony.com,gambling
onlinecasinothailand.com,gambling
onlinecasinotips.net,gambling
onlinecasinotoken.com,gambling
onlinecasinotop100.ca,gambling
onlinecasinotop100.se,gambling
onlinecasinotoppers.com,gambling
onlinecasinotoprating-2023.win,gambling
onlinecasinotrustly.top,gambling
onlinecasinotur.com,gambling
onlinecasinotutorial.com,gambling
onlinecasinoudenrofus.dk,gambling
onlinecasinouk.ltd,gambling
onlinecasinoukhelper.com,gambling
onlinecasinousa.money,gambling
onlinecasinousaguide.com,gambling
onlinecasinouse.com,gambling
onlinecasinoutankonto.com,gambling
onlinecasinoutanlicens.com,gambling
onlinecasinoutanregistrering.se,gambling
onlinecasinovanhetjaar.nl,gambling
onlinecasinovermittler.com,gambling
onlinecasinovilla.com,gambling
onlinecasinovip.ru,gambling
onlinecasinovulcan.net,gambling
onlinecasinowiki.jp,gambling
onlinecasinowind.com,gambling
onlinecasinowinning.com,gambling
onlinecasinowiretransfer.top,gambling
onlinecasinozonder.nl,gambling
onlineclubcasino.com,gambling
onlinecryptocasino.org,gambling
onlinedealcasino.com,gambling
onlinegambleblog.com,gambling
onlinegamblers.com,gambling
onlinegambling.com,gambling
onlinegambling21.com,gambling
onlinegamblingapps.net,gambling
onlinegamblingbonusreviews.com,gambling
onlinegamblingcalifornia.com,gambling
onlinegamblingcasino.co.nz,gambling
onlinegamblingcasino101.com,gambling
onlinegamblingcasinoonly.com,gambling
onlinegamblingexpert.com,gambling
onlinegamblinglicense.org,gambling
onlinegamblingphilippines.ph,gambling
onlinegamblings.info,gambling
onlinegamblingtexas.com,gambling
onlinegamblingtit.com,gambling
onlinegamblingworld.one,gambling
onlinehollandcasino.net,gambling
onlinehomecasino.com,gambling
onlineleovegasblackjacks.com,gambling
onlinelistcasino24.com,gambling
onlinemalaysiancasino.com,gambling
onlinemicrogamingcasino.net,gambling
onlinenetticasino.com,gambling
onlinenlcasino.com,gambling
onlinenzcasino.co.nz,gambling
onlineplaytechcasinos.com,gambling
onlinepoker.com,gambling
onlinepoker66.com,gambling
onlineratingcasino-2023.fun,gambling
onlineratingcasino1.fun,gambling
onlineratingcasino2.fun,gambling
onlineraytingcasinotop2023.win,gambling
onlinergocasino.com,gambling
onlineslotmachine.org,gambling
onlineslotsadvices.com,gambling
onlinespielcasinotest.com,gambling
onlinesportcasino.online,gambling
onlinethaigambling.com,gambling
onlinethemecasinos.shop,gambling
onlinetogel.com,gambling
onlinetopplaycasino.com,gambling
onlinetrustedcasinos.com,gambling
onlineukcasinos.co.uk,gambling
onlineunitedstatescasinos.com,gambling
onlinevegas.com,gambling
onlinevulcanocasino.com,gambling
onlineworldseriesofpoker.us,gambling
onlinewsop.us,gambling
only-casinos.net,gambling
onlyonlinecasinos.com,gambling
onlytopscasino.shop,gambling
onnetcasinos.com,gambling
onsitedrugtesting.com,drugs
ontario-casinos.ca,gambling
ontariocasinos.com,gambling
ontarioonlinecasino.net,gambling
onthegocasinos.com,gambling
oocasino-admin.com,gambling
oocasino-agent.com,gambling
opap.gr,gambling
opapcasino.top,gambling
opcje-binarne4all.xyz,gambling
opencasinos.co,gambling
opendriftcasino.com,gambling
opengambling.co,gambling
openpk88.org,gambling
operationresponsiblegambling.org,gambling
opinionscasinos.com,gambling
opioids.com,drugs
opnermangcasinoslot.shop,gambling
oppatoto.com,gambling
ops-store.fr,dangerous_material
oranjecasino.com,gambling
oranjecasino777.com,gambling
oranjecasinobonus.top,gambling
oranjescasino.nl,gambling
orbitspinscasino.com,gambling
orca88casino.net,gambling
orca88casino.org,gambling
oregonlottery.org,gambling
oricasino.lol,gambling
oricasino5.com,gambling
oricasino99.com,gambling
oriental-online-casino-guide.com,gambling
original-1xslots148.ru,gambling
original-casinox192.ru,gambling
original777casino.fun,gambling
original777casino.net,gambling
originalcasino.site,gambling
origtellcasinos.com,gambling
oriontotodaftar.com,gambling
orisbet201.com,gambling
orisbet202.com,gambling
orisbet203.com,gambling
orisbet206.com,gambling
orisbet207.com,gambling
orisbet209.com,gambling
orisbet210.com,gambling
orisbet211.com,gambling
orisbet212.com,gambling
orisbet213.com,gambling
orisbet214.com,gambling
orisbet215.com,gambling
orisbet216.com,gambling
orisbet219.com,gambling
orleanscasino.com,gambling
ornorml.org,drugs
orocasino.es,gambling
ortakbet259.com,gambling
ortakbet261.com,gambling
ortakbet264.com,gambling
ortakbet271.com,gambling
os-casinos.com,gambling
oscasinos.com,gambling
osga.com,gambling
oshi-casino.com,gambling
oshicasino.net,gambling
oshicasinopokies.com,gambling
osiriscasino.com,gambling
oslobet555.com,gambling
oslobet556.com,gambling
oslobet558.com,gambling
oslobet559.com,gambling
oslobet561.com,gambling
oslobet564.com,gambling
oslobet567.com,gambling
oslobet568.com,gambling
oslobet572.com,gambling
oslobet573.com,gambling
oslobet578.com,gambling
osterixpub.it,gambling
osterreich-online-casino.net,gambling
otherhomecasino.com,gambling
oto.ilovemangomaddy.com,gambling
otso-bet-casino.me,gambling
otsobet-casino.me,gambling
otsobetcasino.me,gambling
otsocasino.com,gambling
otsocasino.top,gambling
ottocasino.top,gambling
oubleucasino.com,gambling
ourcasinoreviews.com,gambling
ourcasinosites.com,gambling
outplayedcasino.com,gambling
outstandingcasinos.com,gambling
overweed.com,drugs
overweed.net,drugs
own18.wisatapadang.buzz,gambling
owncasino.com,gambling
ownonlinecasino.com,gambling
oxicasino.top,gambling
oxygenee.com,drugs
oynacasinocanli.com,gambling
oz-lotto.com,gambling
ozlotteries.com,gambling
ozstoners.com,drugs
ozwincasino.gg,gambling
p0ker303.com,gambling
p1xbet.ru,gambling
p2p-casino.com,gambling
p3casino.io,gambling
p3casino.shop,gambling
p88site.biz,gambling
p88site.cc,gambling
p88site.org,gambling
pacasinorewards.com,gambling
pachinkocasino.com,gambling
pacificpoker.com,gambling
pacificspinscasino.org,gambling
packbarre.com,gambling
padangtoto-buktijp.s3.wasabisys.com,gambling
paddypower.com,gambling
paddypower.it,gambling
paddypowercasino.com,gambling
padisahbet560.com,gambling
padisahbet561.com,gambling
padisahbet562.com,gambling
padisahbet563.com,gambling
padisahbet564.com,gambling
padisahbet566.com,gambling
padisahbet567.com,gambling
padisahbet568.com,gambling
padisahbet569.com,gambling
padisahbet570.com,gambling
padisahbet571.com,gambling
padisahbet573.com,gambling
padisahbet574.com,gambling
padisahbet575.com,gambling
padisahbet576.com,gambling
padisahbet577.com,gambling
paduka7.cc,gambling
paf.es,gambling
pafcasino.click,gambling
pafibaritokualakab.org,gambling
pafiempatlawangkab.org,gambling
pagbet.com,gambling
pagcor-casino.me,gambling
paigegamble.com,gambling
pailottery.com,gambling
paktotoangkasa.com,gambling
paktotomanis.com,gambling
palacasino.com,gambling
palace-casino.com,gambling
palacebet305.com,gambling
palacebet307.com,gambling
palacebet308.com,gambling
palacebet309.com,gambling
palacebet310.com,gambling
palacebet311.com,gambling
palacebet313.com,gambling
palacebet315.com,gambling
palacecasino.eu,gambling
palacecasinoresort.com,gambling
palmascasino.com,gambling
palmscasino.xyz,gambling
palottery.com,gambling
palotteryinsiders.com,gambling
paly-casino.com,gambling
pamestoixima.casino,gambling
pamestoixima.gr,gambling
panache-casino.com,gambling
panachecasino.top,gambling
panalo888casino.com,gambling
panalo99-casino.me,gambling
panalobet-casino.me,gambling
panaloko-casino.com,gambling
pandacasinos.online,gambling
pandawin7.com,gambling
pandujudionline.com,gambling
panen108.net,gambling
panen108cui.com,gambling
panen123tv.com,gambling
panen138.com,gambling
panen66.info,gambling
panens108.com,gambling
panicdisorder.miningco.com,drugs
paracasino.net,gambling
paradise-casino.top,gambling
paradisecasino.com,gambling
paradisecasino.com.sg,gambling
paradisecasino.online,gambling
paradisecasino.top,gambling
paradisevistacasino.com,gambling
paragoncasinoresort.com,gambling
parierenligne.com,gambling
parieurs-sportifs.com,gambling
parimatch-casino-apk.com,gambling
parimatch-casino-app.com,gambling
parimatch-casino.click,gambling
parimatch-casino.info,gambling
parimatch-casino24.in,gambling
parimatch.com,gambling
parions974.fr,gambling
parionsweb.fr,gambling
paris-lottery.com,gambling
paris-poker-casinos.info,gambling
paris365.fr,gambling
parisblvdcasino.com,gambling
pariscasino6.com,gambling
pariscasinoclub.com,gambling
parisiancasino.com,gambling
parissportifsonline.com,gambling
parisvipcasino.online,gambling
parisvipcasino.top,gambling
parkinson.org,drugs
parklaneecasino.com,gambling
parktowercasino.com,gambling
parley.com.ve,gambling
parley.la,gambling
parley777.com,gambling
parleyactivo.com,gambling
parleycenter.com,gambling
parleyvenezuela.com,gambling
partouche-game.com,gambling
partouche.com,gambling
partouche.fr,gambling
partouchepokertour.fr,gambling
parttimepoker.com,gambling
party-bwin.net,gambling
party-casino.si,gambling
party-casino.top,gambling
party-pokermonster.net,gambling
partyaccount.com,gambling
partybets.fr,gambling
partybwin.co,gambling
partybwin.com,gambling
partybwinpartners.com,gambling
partycasino.com,gambling
partycasino.es,gambling
partycasinobonusz.com,gambling
partycitycasino.com,gambling
partylodge.com,drugs
partypoker-bot.com,gambling
partypoker.com,gambling
partypoker.cz,gambling
partypoker.es,gambling
partypoker.fr,gambling
partypoker.it,gambling
partypoker10012.com,gambling
partypoker2006.com,gambling
partypoker616.com,gambling
partypokercd.com,gambling
partypokerinstant.info,gambling
partypokeririshpokerchampionships.net,gambling
partypokerpots.com,gambling
parxcasino.com,gambling
pasacasino438.com.tr,gambling
pasacasinogiris.com,gambling
pasacasinox.com,gambling
pasangtogelonline.com,gambling
pasportscasino.com,gambling
passyourdrugtest.com,drugs
pastidapatbagus.shop,gambling
pastoncasino.top,gambling
patracasino122.com,gambling
patracasino123.com,gambling
patrianna.com,gambling
pattaya-lottery.com,gambling
pay-for-it-casino.top,gambling
paybymobilecasino.co.uk,gambling
paybymobilecasino.com,gambling
paybymobilecasino.top,gambling
paybyphonecasino.top,gambling
paybyphonecasinos.ca,gambling
paybyphonecasinos.nz,gambling
payid-casino-australia.com,gambling
payid-casinos.com,gambling
payidcasinos-au.top,gambling
payidcasinos-australia.top,gambling
paylevocasino-se.top,gambling
paynplay-casino-us.top,gambling
paynplaycasino-uk.top,gambling
paynplaycasinos.nz,gambling
paypal-casino-nz.top,gambling
paypalcasino-fi.top,gambling
paypalcasino.eu,gambling
paypalcasino.info,gambling
paypalcasinos.nz,gambling
paypalcasinosdeutschland.com,gambling
paysafecard-casino-ca.top,gambling
paysafecard-casino-nl.top,gambling
paysafecard-casino-ru.top,gambling
paysafecard-casino-uk.top,gambling
paysafecard-casino.eu,gambling
paysafecard-casinos.net,gambling
paysafecardcasino.ca,gambling
paytoncasinogambling.online,gambling
pdxnorml.org,drugs
pediatrichealthcare.com,gambling
pedicacasinopg.site,gambling
peekcasino.shop,gambling
pegas21casinoigratonline.site,gambling
pekanslot.com,gambling
pelangicasino.click,gambling
pelataancasino.top,gambling
pelican-casino-game.pl,gambling
pelican-casino.app,gambling
pelican-casino.net,gambling
pelican-casino.top,gambling
pelicancasino-online.pl,gambling
pelicancasino.click,gambling
pelicancasino.top,gambling
pelicancasino3.games,gambling
pelicancasino4.games,gambling
pelicancasino6.games,gambling
pemburu.pages.dev,gambling
penaltyshootoutcasino.com,gambling
penn-casinos.com,gambling
pennplaycasino.com,gambling
pennsylvania-casino.com,gambling
peoplesbet.fr,gambling
peoplesnetwork.fr,gambling
pepescasino.fun,gambling
perform-casino.com,gambling
perlacasino.top,gambling
peso888casino.site,gambling
petercasino.com,gambling
petercasino.net,gambling
petercasino.org,gambling
petitcasino.top,gambling
peyote.org,drugs
peyote51.com,drugs
pgbetcasino.ph,gambling
pggamecasinopoker.site,gambling
pggslots.online,gambling
pgpk88.com,gambling
pgpk88.org,gambling
pgsgame.com,gambling
pgslot-casino.co,gambling
pgslot.casino,gambling
pgslot7g.com,gambling
pgslotcasinopoker.site,gambling
pgt.com,gambling
ph-dream-casino.me,gambling
ph-sabong-casino.me,gambling
ph-taya-casino.me,gambling
ph143-casino.site,gambling
ph365casino.me,gambling
ph444casino.site,gambling
ph646seo-casino.me,gambling
pharaon-casino.club,gambling
pharaon-casino.fun,gambling
pharaon-casino.net,gambling
pharaon-casino.nl,gambling
pharaon-casino.vip,gambling
pharaonbet-casino.net,gambling
phbetcasino.com,gambling
phcash11-casino.me,gambling
phcashcasino.com,gambling
phcasino777.com,gambling
phcasinoplus.com,gambling
phcity-casino.online,gambling
phcity-casino.top,gambling
phdream-333-casino.me,gambling
phdream-6-casino.me,gambling
phdream-7-casino.me,gambling
phdream-8-casino.me,gambling
phdream-casino.me,gambling
phdream11-casino.me,gambling
phdream33-casino.me,gambling
phil168-casino.me,gambling
philboss-casino.com,gambling
philboss-casino.me,gambling
philippinescasinos.ph,gambling
philippinesonlinecasino.com,gambling
philucky-casino.me,gambling
philwin-casino.me,gambling
philwin-games-casino.me,gambling
phl63casino.me,gambling
phlwin-casino.com.ph,gambling
phlwin.casino,gambling
phmacao-casino.net,gambling
phmayacasino.site,gambling
phnxcasino.com,gambling
phonecasino-ie.top,gambling
phonecasino-us.top,gambling
phonecasino.top,gambling
phpark-casino.site,gambling
phptpoint.com,gambling
phsabong-casino.me,gambling
phspin-casino.me,gambling
phtayacasino.ph,gambling
phwin777-casino.me,gambling
piabellacasino289.com,gambling
piabellacasino290.com,gambling
piabellacasino291.com,gambling
piabellacasino292.com,gambling
piabellacasino293.com,gambling
piabellacasino294.com,gambling
piabellacasino295.com,gambling
piabellacasino296.com,gambling
piabellacasino297.com,gambling
piabellacasino298.com,gambling
piabellacasino300.com,gambling
piabellacasino301.com,gambling
piabellacasino302.com,gambling
piabellacasino303.com,gambling
piabellacasino304.com,gambling
piabellacasino305.com,gambling
piabellacasino306.com,gambling
piabellacasino307.com,gambling
piabellacasino308.com,gambling
piabellacasino309.com,gambling
piabellacasino310.com,gambling
piabellacasino311.com,gambling
piabellacasino312.com,gambling
piabellacasino313.com,gambling
piabellacasino314.com,gambling
piabellacasino315.com,gambling
piabellacasino316.com,gambling
piabellacasino317.com,gambling
piabellacasino318.com,gambling
piabellacasino319.com,gambling
piabellacasino417.com,gambling
piabellacasino418.com,gambling
piabellacasino421.com,gambling
piabellacasino423.com,gambling
piabellacasinon.com,gambling
piabellecasino.biz,gambling
pickcasino.info,gambling
piggspeak.co.za,gambling
pilihancasinodisinitop.com,gambling
pillreports.com,drugs
pimpcasino.com,gambling
pin-up-2022casino.win,gambling
pin-up-2023casino24-win.win,gambling
pin-up-2023casino3-win.win,gambling
pin-up-2023casino4-win.win,gambling
pin-up-2023casino5-win.win,gambling
pin-up-2023casino9-win.win,gambling
pin-up-bet-casino.com,gambling
pin-up-bet-casinoonline.com,gambling
pin-up-casino-10-23.ru,gambling
pin-up-casino-11-23.ru,gambling
pin-up-casino-12-23.ru,gambling
pin-up-casino-13-23.ru,gambling
pin-up-casino-14-23.ru,gambling
pin-up-casino-15-23.ru,gambling
pin-up-casino-16-23.ru,gambling
pin-up-casino-17-23.ru,gambling
pin-up-casino-18-23.ru,gambling
pin-up-casino-23.ru,gambling
pin-up-casino-30-23.ru,gambling
pin-up-casino-31-23.ru,gambling
pin-up-casino-32-23.ru,gambling
pin-up-casino-33-23.ru,gambling
pin-up-casino-34-23.ru,gambling
pin-up-casino-35-23.ru,gambling
pin-up-casino-36-23.ru,gambling
pin-up-casino-37-23.ru,gambling
pin-up-casino-38-23.ru,gambling
pin-up-casino-39-23.ru,gambling
pin-up-casino-40-23.ru,gambling
pin-up-casino-41-23.ru,gambling
pin-up-casino-42-23.ru,gambling
pin-up-casino-43-23.ru,gambling
pin-up-casino-8-23.ru,gambling
pin-up-casino-9-23.ru,gambling
pin-up-casino-amp-2.ru,gambling
pin-up-casino-az.com,gambling
pin-up-casino-azerbaycan.com,gambling
pin-up-casino-bet.best,gambling
pin-up-casino-bet.com,gambling
pin-up-casino-bet.in,gambling
pin-up-casino-bonus.ru,gambling
pin-up-casino-entrar.com,gambling
pin-up-casino-igrat-online.ru,gambling
pin-up-casino-in.biz,gambling
pin-up-casino-indir.com,gambling
pin-up-casino-kbh1.top,gambling
pin-up-casino-mpd2.top,gambling
pin-up-casino-official-bg.site,gambling
pin-up-casino-official-de.site,gambling
pin-up-casino-official-fi.site,gambling
pin-up-casino-official-fr.site,gambling
pin-up-casino-official-it.site,gambling
pin-up-casino-official-login.com,gambling
pin-up-casino-official-online.com,gambling
pin-up-casino-official.online,gambling
pin-up-casino-official786-win.win,gambling
pin-up-casino-online-win.app,gambling
pin-up-casino-online.in,gambling
pin-up-casino-online.site,gambling
pin-up-casino-pinup.com,gambling
pin-up-casino-reg.com,gambling
pin-up-casino-slots.com,gambling
pin-up-casino-syt8.top,gambling
pin-up-casino-tr.org,gambling
pin-up-casino.az,gambling
pin-up-casino.com.br,gambling
pin-up-casino.info.tr,gambling
pin-up-casino.net.br,gambling
pin-up-casino.promo,gambling
pin-up-casino.uno,gambling
pin-up-casino.win,gambling
pin-up-casino1.com.tr,gambling
pin-up-casino1221-win.win,gambling
pin-up-casino147-win.win,gambling
pin-up-casino156win.win,gambling
pin-up-casino187win.win,gambling
pin-up-casino188win.win,gambling
pin-up-casino444.ru,gambling
pin-up-casino82win.win,gambling
pin-up-casino875-win.win,gambling
pin-up-casino888-win.win,gambling
pin-up-casino98.win,gambling
pin-up-casino999.ru,gambling
pin-up-casinoofficial753.win,gambling
pin-up-casinoofficialniu21.win,gambling
pin-up-casinos-com.ru,gambling
pin-up-casinotr.org,gambling
pin-up-game-casino1.com,gambling
pin-up-game-casino4.com,gambling
pin-up-game-casino5.com,gambling
pin-up-game-casino6.com,gambling
pin-up-game-casino7.com,gambling
pin-up-game-casino8.com,gambling
pin-up-game-casino9.com,gambling
pin-up-online-casino.com,gambling
pin-up-online-casinoru.com,gambling
pin-up-onlinecasino.pe,gambling
pin-up.casino,gambling
pin-upcasino-com.ru,gambling
pin-upcasino.mx,gambling
pin-upcasino.top,gambling
pin-upcasino13.ru,gambling
pin-upcasino241.win,gambling
pin-upcasino245.win,gambling
pin-upcasino255.win,gambling
pin-upcasino257.win,gambling
pin-upcasino357.win,gambling
pin-upcasinoofficial777.win,gambling
pin-upcasinoofficialniu117-win.win,gambling
pin-upcasinoofficialniu118-win.win,gambling
pin-upcasinoofficialniu77-win.win,gambling
pin-upcasinoofficialnoie77-win.win,gambling
pin-upcasinoofficialnyi77-win.win,gambling
pin-upcasinoonline.win,gambling
pin-upcasinoonline2.win,gambling
pin-upcasinoonline20.win,gambling
pin-upcasinoonline22.win,gambling
pin-upcasinoonline23.win,gambling
pin-upcasinoonline33.win,gambling
pin-upcasinoonline6.win,gambling
pin-upcasinoonline98.win,gambling
pin-upkz-casino.com,gambling
pin-uplogincasino.ru,gambling
pin-upoffsitecasinoiy777-win.win,gambling
pin-upoffsitecasinoonline777-win.win,gambling
pin-upoffsitecasinoonlinio777-win.win,gambling
pin-upoffsitecasinoonlinyyu777-win.win,gambling
pinapofficialnucasino777-win.top,gambling
pinapofficialnucasinos777-win.top,gambling
pinapofficialnucasinos779-win.top,gambling
pinco-casino-official.ru,gambling
pincocasino.pro,gambling
pingwincasino.com,gambling
pingwincasino24.com,gambling
pink-casino-uk.com,gambling
pinkcasino.co.uk,gambling
pinkcasinos.co,gambling
pinkrabbitcasino1.com,gambling
pinkypinkycasino.com,gambling
pinnacle.com,gambling
pinnaclesports.com,gambling
pinocasino.click,gambling
pinocasino.top,gambling
pinocasinos.com,gambling
pinoycasino.info,gambling
pinoyonlinecasino.ph,gambling
pinup-bet-casino.com,gambling
pinup-cashslots.ru,gambling
pinup-casino-1.com,gambling
pinup-casino-137.win,gambling
pinup-casino-634.ru,gambling
pinup-casino-app.cl,gambling
pinup-casino-bet.in,gambling
pinup-casino-club24.ru,gambling
pinup-casino-com.ru,gambling
pinup-casino-del.com,gambling
pinup-casino-del.ru,gambling
pinup-casino-del.top,gambling
pinup-casino-del5.ru,gambling
pinup-casino-del7.ru,gambling
pinup-casino-game.com,gambling
pinup-casino-games-officials6.top,gambling
pinup-casino-games-officials7.top,gambling
pinup-casino-giris-tr.com,gambling
pinup-casino-indir.com,gambling
pinup-casino-mobi.ru,gambling
pinup-casino-ofcl.ru,gambling
pinup-casino-officialnoe673-win.win,gambling
pinup-casino-online.click,gambling
pinup-casino-online.kz,gambling
pinup-casino-play.com,gambling
pinup-casino-plays-official5.top,gambling
pinup-casino-top.com,gambling
pinup-casino-top1.com,gambling
pinup-casino-top3.com,gambling
pinup-casino-top4.com,gambling
pinup-casino-top5.com,gambling
pinup-casino-top7.com,gambling
pinup-casino-top8.com,gambling
pinup-casino-top9.com,gambling
pinup-casino-ua.com,gambling
pinup-casino.az,gambling
pinup-casino.ca,gambling
pinup-casino.in.ua,gambling
pinup-casino07e.xyz,gambling
pinup-casino1.in,gambling
pinup-casino1.site,gambling
pinup-casino11b.buzz,gambling
pinup-casino11f.buzz,gambling
pinup-casino11h.buzz,gambling
pinup-casino11n.buzz,gambling
pinup-casino11w.buzz,gambling
pinup-casino125-win.win,gambling
pinup-casino12f.buzz,gambling
pinup-casino12m.buzz,gambling
pinup-casino12n.buzz,gambling
pinup-casino12s.buzz,gambling
pinup-casino12t.buzz,gambling
pinup-casino12y.buzz,gambling
pinup-casino13e.buzz,gambling
pinup-casino13l.buzz,gambling
pinup-casino13q.buzz,gambling
pinup-casino13y.buzz,gambling
pinup-casino17x.ru,gambling
pinup-casino19-win.win,gambling
pinup-casino1k5.ru,gambling
pinup-casino21-win.win,gambling
pinup-casino24y.xyz,gambling
pinup-casino2ed.buzz,gambling
pinup-casino2i8.ru,gambling
pinup-casino2m.buzz,gambling
pinup-casino2x.buzz,gambling
pinup-casino34a.buzz,gambling
pinup-casino371.com,gambling
pinup-casino3bg.xyz,gambling
pinup-casino4dz.buzz,gambling
pinup-casino5jn.ru,gambling
pinup-casino6265.win,gambling
pinup-casino6fs.ru,gambling
pinup-casino757-win.win,gambling
pinup-casino7m.buzz,gambling
pinup-casino8744-win.win,gambling
pinup-casino8755-win.win,gambling
pinup-casino8a2.ru,gambling
pinup-casino8j.buzz,gambling
pinup-casino923-win.win,gambling
pinup-casino95-win.win,gambling
pinup-casino9c.buzz,gambling
pinup-casinocash.ru,gambling
pinup-casinodb3.buzz,gambling
pinup-casinogiris3.com,gambling
pinup-casinoindir.com,gambling
pinup-casinologin.ru,gambling
pinup-casinoo1p.buzz,gambling
pinup-casinoofficalnoiu777-win.win,gambling
pinup-casinoofficialnuuii088-win.win,gambling
pinup-casinoofficialnuuii089-win.win,gambling
pinup-casinoofficialnuuii888-win.win,gambling
pinup-casinoofficialnyi277-win.win,gambling
pinup-casinoofficialnyi888-win.win,gambling
pinup-casinoofficialnyy062-win.win,gambling
pinup-casinoofficialnyy257-win.win,gambling
pinup-casinoofficialnyy267-win.win,gambling
pinup-casinoofficialnyy277-win.win,gambling
pinup-casinooficalnii777-win.win,gambling
pinup-casinooficalniu777-win.win,gambling
pinup-casinooficalnuiu777.win,gambling
pinup-casinooficialnuisite777.win,gambling
pinup-casinooficialnuui-win.win,gambling
pinup-casinorussia.ru,gambling
pinup-casinos-officials777.win,gambling
pinup-casinos.net,gambling
pinup-casinositeofficialniio777-win.win,gambling
pinup-casinositeofficialnoe777-win.win,gambling
pinup-casinositeofficialnyj777-win.win,gambling
pinup-casinositeofficialnyuiu777-win.win,gambling
pinup-casinositeoficialnyj777-win.win,gambling
pinup-casinosites-zerkala65.win,gambling
pinup-casinosites467win.win,gambling
pinup-casinosxj.buzz,gambling
pinup-casinotop.ru,gambling
pinup-casinovsn.ru,gambling
pinup-casinowvq.buzz,gambling
pinup-logincasino.ru,gambling
pinup-slotcasinoplay.ru,gambling
pinup-tr-casino.com,gambling
pinup-uz-casino.com,gambling
pinup-win-casino-official16.top,gambling
pinup-winslots.ru,gambling
pinup-zerkalo777-casino.ru,gambling
pinupbest-casinoplay.ru,gambling
pinupbestcasinos.win,gambling
pinupcasino-azerbaijan.com,gambling
pinupcasino-bd.org,gambling
pinupcasino-bkj.buzz,gambling
pinupcasino-canada.ca,gambling
pinupcasino-care.ru,gambling
pinupcasino-care1.com,gambling
pinupcasino-gameswin.ru,gambling
pinupcasino-go.ru,gambling
pinupcasino-hol.ru,gambling
pinupcasino-ilrt2.ru,gambling
pinupcasino-india.in,gambling
pinupcasino-iya.buzz,gambling
pinupcasino-kqd.buzz,gambling
pinupcasino-liw.buzz,gambling
pinupcasino-liy.buzz,gambling
pinupcasino-moneywin.ru,gambling
pinupcasino-play.online,gambling
pinupcasino-turkye.com,gambling
pinupcasino-wingames.ru,gambling
pinupcasino.com.tr,gambling
pinupcasino.guru,gambling
pinupcasino.kz,gambling
pinupcasino.website,gambling
pinupcasino.world,gambling
pinupcasino1.site,gambling
pinupcasino176-win.win,gambling
pinupcasino193-win.win,gambling
pinupcasino217-win.win,gambling
pinupcasino2257-win.win,gambling
pinupcasino3.win,gambling
pinupcasino317-win.win,gambling
pinupcasino319-win.win,gambling
pinupcasino360.online,gambling
pinupcasino4.win,gambling
pinupcasino5.win,gambling
pinupcasino7cv.ru,gambling
pinupcasino863.win,gambling
pinupcasino876.win,gambling
pinupcasino898.win,gambling
pinupcasino957-win.win,gambling
pinupcasinoapp.com,gambling
pinupcasinobd.com,gambling
pinupcasinobd.net,gambling
pinupcasinobet.co.in,gambling
pinupcasinobet.com,gambling
pinupcasinobig.ru,gambling
pinupcasinobonus.top,gambling
pinupcasinobrasil.com.br,gambling
pinupcasinocanada.com,gambling
pinupcasinoenligne.ca,gambling
pinupcasinogo-online.ru,gambling
pinupcasinogo.org,gambling
pinupcasinohotbnb.ru,gambling
pinupcasinojenzolo.com,gambling
pinupcasinojenzylo.com,gambling
pinupcasinolis.ru,gambling
pinupcasinolive777-win.win,gambling
pinupcasinomain.win,gambling
pinupcasinomain1.win,gambling
pinupcasinomain3.win,gambling
pinupcasinomain5.win,gambling
pinupcasinomoldova.ru,gambling
pinupcasinomoneywin.ru,gambling
pinupcasinooff777-win.win,gambling
pinupcasinoofficia789-win.win,gambling
pinupcasinoofficia799-win.win,gambling
pinupcasinoofficial125-win.win,gambling
pinupcasinoofficial236-win.win,gambling
pinupcasinoofficial461-win.win,gambling
pinupcasinoofficial467-win.win,gambling
pinupcasinoofficial521-win.win,gambling
pinupcasinoofficial565-win.win,gambling
pinupcasinoofficial739-win.win,gambling
pinupcasinoofficial74-win.win,gambling
pinupcasinoofficial777win.win,gambling
pinupcasinoofficial799-win.win,gambling
pinupcasinoofficial885-win.win,gambling
pinupcasinoofficiall777-win.win,gambling
pinupcasinoofficiallna777-win.win,gambling
pinupcasinoofficiallnos777-win.win,gambling
pinupcasinoofficiallnyy777-win.win,gambling
pinupcasinoofficialne777-win.win,gambling
pinupcasinoofficialneiu777-win.win,gambling
pinupcasinoofficialnii21-win.win,gambling
pinupcasinoofficialniii21-win.win,gambling
pinupcasinoofficialniii245-win.win,gambling
pinupcasinoofficialniii468-win.win,gambling
pinupcasinoofficialniio777-win.win,gambling
pinupcasinoofficialniuy777-win.win,gambling
pinupcasinoofficialno777-win.win,gambling
pinupcasinoofficialnoiuyi777-win.win,gambling
pinupcasinoofficialnooi777-win.win,gambling
pinupcasinoofficialnos777-win.win,gambling
pinupcasinoofficialnu777win.win,gambling
pinupcasinoofficialnui777-win.win,gambling
pinupcasinoofficialnuio12-win.win,gambling
pinupcasinoofficialnuio45-win.win,gambling
pinupcasinoofficialnuio46-win.win,gambling
pinupcasinoofficialnuio47-win.win,gambling
pinupcasinoofficialnuio49-win.win,gambling
pinupcasinoofficialnuio59-win.win,gambling
pinupcasinoofficialnuio777-win.win,gambling
pinupcasinoofficialnuyu777-win.win,gambling
pinupcasinoofficialny777win.win,gambling
pinupcasinoofficialnye377-win.win,gambling
pinupcasinoofficialnye565-win.win,gambling
pinupcasinoofficialnye567-win.win,gambling
pinupcasinoofficialnye577-win.win,gambling
pinupcasinoofficialnye721-win.win,gambling
pinupcasinoofficialnye777-win.win,gambling
pinupcasinoofficialnye893-win.win,gambling
pinupcasinoofficialnyi42.win,gambling
pinupcasinoofficialnyi66.win,gambling
pinupcasinoofficialnyi777win.win,gambling
pinupcasinoofficialnyoi777-win.win,gambling
pinupcasinoofficialnyu777-win.win,gambling
pinupcasinoofficialnyui21-win.win,gambling
pinupcasinoofficialnyy777-win.win,gambling
pinupcasinooffsite4-win.win,gambling
pinupcasinooffsite577-win.win,gambling
pinupcasinooffsite579-win.win,gambling
pinupcasinooffsite679-win.win,gambling
pinupcasinooficialn777-win.win,gambling
pinupcasinooficialneisite777.win,gambling
pinupcasinooficialnii777-win.win,gambling
pinupcasinooficialnoiey777-win.win,gambling
pinupcasinooficialnoyie777-win.win,gambling
pinupcasinooficialnyi777win.win,gambling
pinupcasinooficialnyuoio777-win.win,gambling
pinupcasinoonline157-win.win,gambling
pinupcasinoonline748-win.win,gambling
pinupcasinoonline777top-win.win,gambling
pinupcasinoonline874-win.win,gambling
pinupcasinoonlinee777top-win.win,gambling
pinupcasinoonlinei777top-win.win,gambling
pinupcasinopinup.ca,gambling
pinupcasinoplaybtc.ru,gambling
pinupcasinoreal777top-win.win,gambling
pinupcasinoru777.win,gambling
pinupcasinoruofficial777.win,gambling
pinupcasinoruofficiall777.win,gambling
pinupcasinos.in,gambling
pinupcasinosgame.ru,gambling
pinupcasinosgames.ru,gambling
pinupcasinosite489-win.win,gambling
pinupcasinosite577-win.win,gambling
pinupcasinosite672-win.win,gambling
pinupcasinosite774.win,gambling
pinupcasinosite887-win.win,gambling
pinupcasinosite915-win.win,gambling
pinupcasinosite964-win.win,gambling
pinupcasinositeofficial777-win.win,gambling
pinupcasinositeofficiall777-win.win,gambling
pinupcasinositeofficialln777-win.win,gambling
pinupcasinositeofficialnouy777-win.win,gambling
pinupcasinositeonlinecasino777.win,gambling
pinupcasinoslots777-win.win,gambling
pinupcasinosofficialneeu777-win.win,gambling
pinupcasinosofficialniiy777-win.win,gambling
pinupcasinosofficialniyi777.win,gambling
pinupcasinosofficialnoi777-win.win,gambling
pinupcasinosofficialnoie777-win.win,gambling
pinupcasinosofficialnoiiy777-win.win,gambling
pinupcasinosofficialnyie777-win.win,gambling
pinupcasinosofficialnyu777-win.win,gambling
pinupcasinosofficialu777-win.win,gambling
pinupcasinosofficialui777-win.win,gambling
pinupcasinosoficial777-win.win,gambling
pinupcasinosoficialu777-win.win,gambling
pinupcasinosoficialui777-win.win,gambling
pinupcasinossiteofficialniye-win.win,gambling
pinupcasinosvn.ru,gambling
pinupcasinoton.ru,gambling
pinupcasinotop-cash.ru,gambling
pinupcasinotopcash.ru,gambling
pinupcasinotr.com,gambling
pinupcasinovsn.ru,gambling
pinupcasinozerkala65.win,gambling
pinupcasinozerkala95.win,gambling
pinupcazino-hotslots.ru,gambling
pinupcazinowinslots.ru,gambling
pinupgamescasino-online.ru,gambling
pinupkado.com,gambling
pinupkasino-hotslots.ru,gambling
pinupkazino-hotslots.ru,gambling
pinupkazino-officialnoiecasino21.win,gambling
pinupofficiallnicasino777-win.win,gambling
pinupofficiallnicasinos777-win.win,gambling
pinupofficialnicasino777-win.win,gambling
pinupofficialnicasino777.win,gambling
pinupofficialnoecasinosityu777-win.top,gambling
pinupoficialcasino777.win,gambling
pinupoficialnicasino777.win,gambling
pinupoficialnoecasinosite777.win,gambling
pinupoficialnoecasinotop777.win,gambling
pinupoficialnoecasinoyeu777.win,gambling
pinupoficialnoicasinotop777.win,gambling
pinupoficialnyycasinos777.win,gambling
pinuponlinecasino.cl,gambling
pinuponlinecasino.pe,gambling
pinuprussiacasino.ru,gambling
pinupsitecasinoofficial424-win.win,gambling
pinupsitecasinoofficial451-win.win,gambling
pinupslots-moneycasino.ru,gambling
pinupslots-online.ru,gambling
pinupslots-trx.ru,gambling
pinupslotscasino.ru,gambling
pinupslotscasino.win,gambling
pinupslotscasino1.win,gambling
pinupslotscasino3.win,gambling
pinupslotscasino5.win,gambling
pinupslotscasino7.win,gambling
pinupslotsmoney-casino.ru,gambling
pinupslotsmoneycasino.ru,gambling
pinupwin-casinoslots.ru,gambling
pinupwin-cazinoslots.ru,gambling
pinupwin-kazinoslots.ru,gambling
pinupwin-topcasino.ru,gambling
pinupwincasino-games.ru,gambling
pinupwincasinodot.ru,gambling
pinupwincazino-slots.ru,gambling
pinupwincazinoslots.ru,gambling
pinupwins-casino.ru,gambling
pinupwinslots-online.ru,gambling
pinupwintop-casino.ru,gambling
pioneeringcasino.com,gambling
pipcasino.top,gambling
pipeworx.com,drugs
pirate-spot-casino-app.online,gambling
pirate-spot-casino.online,gambling
piratencasino.top,gambling
pirateslotsapp.com,gambling
pisangbetluarbiasa.com,gambling
pixbet.com,gambling
pixbetcasino.top,gambling
pixedcorp.com,gambling
pixelcasino.top,gambling
pk3r88asiapro.net,gambling
pk3r88asiapro.org,gambling
pk3r88asiapro.store,gambling
pk88-web.com,gambling
pk884sia.com,gambling
pk884sia.me,gambling
pk884sia.net,gambling
pk884sia.one,gambling
pk884sia.org,gambling
pk884sia.xyz,gambling
pk884sian.me,gambling
pk884sian.net,gambling
pk884sian.one,gambling
pk884sian.xyz,gambling
pk88ajaib.cc,gambling
pk88ajaib.com,gambling
pk88asikcuan.net,gambling
pk88asikmain.com,gambling
pk88asikmain.net,gambling
pk88biggame.net,gambling
pk88cerah.co,gambling
pk88cerah.design,gambling
pk88cerah.live,gambling
pk88cerah.me,gambling
pk88cerah.net,gambling
pk88cerah.org,gambling
pk88cerah.xyz,gambling
pk88doublehoki.net,gambling
pk88gacor1.net,gambling
pk88gacorbet.live,gambling
pk88gacorbet.me,gambling
pk88gacorbet.net,gambling
pk88gacorbet.org,gambling
pk88gacorbet.xyz,gambling
pk88gacorterus.co,gambling
pk88gold.com,gambling
pk88hot.net,gambling
pk88idr.net,gambling
pk88jaya.co,gambling
pk88jaya.net,gambling
pk88jaya.org,gambling
pk88jaya.us,gambling
pk88juaradihati.net,gambling
pk88magic.com,gambling
pk88magic.me,gambling
pk88main.com,gambling
pk88main.net,gambling
pk88mantap.live,gambling
pk88mantap.lol,gambling
pk88mantap.me,gambling
pk88mantap.net,gambling
pk88mantap.org,gambling
pk88mantap.store,gambling
pk88menang.com,gambling
pk88mistik.com,gambling
pk88mistik.net,gambling
pk88new.org,gambling
pk88no1.com,gambling
pk88no1.net,gambling
pk88no1.org,gambling
pk88ok.com,gambling
pk88ok.net,gambling
pk88pastijp.com,gambling
pk88romantis.com,gambling
pk88romantis.net,gambling
pk88silver.com,gambling
pk88super.com,gambling
pk88super.net,gambling
pk88t0p.com,gambling
pk88t0p.net,gambling
pk88t0p.org,gambling
pk88team.com,gambling
pk88team.me,gambling
pk88terbang.com,gambling
pk88tops.com,gambling
pk88up.com,gambling
pk88up.net,gambling
pk88usd.com,gambling
pk88usd.net,gambling
pk8id.com,gambling
pker88gacor.store,gambling
pker88jpselalu.me,gambling
pker88jpselalu.pro,gambling
pker88jpselalu.xyz,gambling
pker88mantul.dev,gambling
pker88mantul.info,gambling
pker88mantul.live,gambling
pker88mantul.lol,gambling
pker88mantul.me,gambling
pker88mantul.pro,gambling
pker88mantul.xyz,gambling
pker88sukses.me,gambling
pker88sukses.one,gambling
pker88sukses.store,gambling
pker88sukses.us,gambling
pker88sukses.xyz,gambling
pker88topslot.net,gambling
pker88wdgas.store,gambling
pkr.com,gambling
pkr.fr,gambling
pkr2024jayaselau.co,gambling
pkr2024jayaselau.com,gambling
pkr2024jayaselau.net,gambling
pkr2024jayaselau.org,gambling
pkr8.one,gambling
pkr88.dev,gambling
pkr884asia.net,gambling
pkr884asia.store,gambling
pkr884asia.xyz,gambling
pkr88asiatop.com,gambling
pkr88asiatop.me,gambling
pkr88asiatop.net,gambling
pkr88asiatop.online,gambling
pkr88asiatop.store,gambling
pkr88asiatop.xyz,gambling
pkr88asiawd.site,gambling
pkr88asiawd.store,gambling
pkr88asiawd.xyz,gambling
pkr88asik.co,gambling
pkr88champion.net,gambling
pkr88cor.com,gambling
pkr88cor.org,gambling
pkr88cor.tech,gambling
pkr88gacor.dev,gambling
pkr88gacor.me,gambling
pkr88gacor.pro,gambling
pkr88gacor.quest,gambling
pkr88gacor.store,gambling
pkr88gacor.xyz,gambling
pkr88gacor1.co,gambling
pkr88gacor1.live,gambling
pkr88gacor1.me,gambling
pkr88gacor1.us,gambling
pkr88gacor1.xyz,gambling
pkr88goods.co,gambling
pkr88gopay.net,gambling
pkr88hoki.com,gambling
pkr88hoki.me,gambling
pkr88hoki.net,gambling
pkr88hoki.org,gambling
pkr88hoki.xyz,gambling
pkr88hot.net,gambling
pkr88hunt.online,gambling
pkr88ind.co,gambling
pkr88ind.fun,gambling
pkr88ind.live,gambling
pkr88ind.us,gambling
pkr88jav.com,gambling
pkr88jav.dev,gambling
pkr88jav.me,gambling
pkr88jav.net,gambling
pkr88jaya.com,gambling
pkr88jaya.net,gambling
pkr88juara.com,gambling
pkr88maincuan.net,gambling
pkr88mantap.me,gambling
pkr88mantap.xyz,gambling
pkr88maxwin.com,gambling
pkr88maxwin.info,gambling
pkr88maxwin.live,gambling
pkr88maxwin.pro,gambling
pkr88maxwin.xyz,gambling
pkr88mild.com,gambling
pkr88mly.com,gambling
pkr88mly.live,gambling
pkr88net.org,gambling
pkr88ok.cfd,gambling
pkr88ok.com,gambling
pkr88ok.design,gambling
pkr88ok.dev,gambling
pkr88ok.live,gambling
pkr88ok.me,gambling
pkr88ok.xyz,gambling
pkr88rupiah.com,gambling
pkr88rupiah.info,gambling
pkr88rupiah.live,gambling
pkr88rupiah.me,gambling
pkr88rupiah.pro,gambling
pkr88siapjaya.com,gambling
pkr88supervip.online,gambling
pkr88sydney.com,gambling
pkr88sydney.org,gambling
pkr88top.com,gambling
pkr88top.me,gambling
pkr88top.net,gambling
pkr88top.org,gambling
pkr88topwd.com,gambling
pkr88topwd.net,gambling
pkr88topwd.store,gambling
pkr88trading.com,gambling
pkr88trading.org,gambling
pkr88trading.tech,gambling
pkr88vip.art,gambling
pkr88vip.dev,gambling
pkr88vip.info,gambling
pkr88vip.life,gambling
pkr88vip.live,gambling
pkr88vip.lol,gambling
pkr88vip.me,gambling
pkr88vip.pro,gambling
pkr88vip.shop,gambling
pkr88vip.xyz,gambling
pkr88wd.xyz,gambling
pkr88wdhoki.dev,gambling
pkr88wdhoki.net,gambling
pkr88wdhoki.vip,gambling
pkr88wdhoki.xyz,gambling
pkr88wins.com,gambling
pkr88zeus.live,gambling
pkr88zeus.org,gambling
pkrgas88.com,gambling
pkrgas88.net,gambling
pkrgas88.tech,gambling
pkrhokimain889.com,gambling
pkrmania.pro,gambling
pkrmantul88.com,gambling
pkrmantulasik.co,gambling
pkrsukses88.net,gambling
plabcasinofles.online,gambling
placardcasino.top,gambling
place2gamble.com,gambling
placedesparis.fr,gambling
placemybet.com,gambling
placemybet.net,gambling
plainridgeparkcasino.com,gambling
planet777casino.com,gambling
planet7casino.com,gambling
planet7casino.top,gambling
planetarypride.com,drugs
planetecasino.com,gambling
planetsoldier.com,gambling
planettoto.com,gambling
planetunreal.com,gambling
planetwin365.it,gambling
planetwin365casino.top,gambling
planetwincasino.top,gambling
plant-pictures.com,drugs
plantation-cannabis.info,drugs
platin-casino.click,gambling
platin-casino.top,gambling
platincasino.click,gambling
platincasino.co.uk,gambling
platincasino.com,gambling
platincasino.es,gambling
platincasinoopiniones.com,gambling
platinumcasino.site,gambling
platinumcasino.top,gambling
platinumcasinoonline.net,gambling
platinumplaycasino.com,gambling
platinumreelscasino.top,gambling
platlidecasino.com,gambling
play-1xslots609.ru,gambling
play-au-casino.com,gambling
play-beast-casino.pro,gambling
play-casino-2022.win,gambling
play-casino-fortuna.buzz,gambling
play-casino-luchshie-2023.win,gambling
play-casino-vavada.online,gambling
play-casino-vulkan.com,gambling
play-casino-x.org,gambling
play-casino.bid,gambling
play-casino.cool,gambling
play-casino.fun,gambling
play-casino.live,gambling
play-casino504.win,gambling
play-casino73.win,gambling
play-casino753.win,gambling
play-casinox.top,gambling
play-fortuna-casino.org,gambling
play-fortuna-casinos.live,gambling
play-fortuna-casinos.today,gambling
play-fortuna-casinos.top,gambling
play-fortuna1-casino.ru,gambling
play-fresh-casino.ru,gambling
play-fresh-casino.top,gambling
play-fresh-casino1.top,gambling
play-fresh-casino2.top,gambling
play-fresh-casino3.top,gambling
play-freshcasino.ru,gambling
play-ggbet.money,gambling
play-grandcasino.online,gambling
play-izzi-casino.ru,gambling
play-izzi-casino.top,gambling
play-izzicasino.top,gambling
play-joycasino-777.ru,gambling
play-lottery-online.net,gambling
play-poker-game.com,gambling
play-volna-casino.ru,gambling
play-volna-casino.top,gambling
play-volnacasino.ru,gambling
play-volnacasino.top,gambling
play2wincasino.net,gambling
play4prizes.com,gambling
play681sg1.com,gambling
playamo.com,gambling
playamocasino.top,gambling
playatmgmgrand.com,gambling
playatmirage.com,gambling
playaucasino.com,gambling
playbest-casino-2022.win,gambling
playbestcasino.online,gambling
playbestcasino2023.win,gambling
playbestcasino747.win,gambling
playbestcasino841.win,gambling
playbestcasinoofficialnyi2023.win,gambling
playbestcasinoofficialnyi2024.win,gambling
playbetterincasinos.com,gambling
playblackjack-online.com,gambling
playblackjack21.org,gambling
playblackjackhere.com,gambling
playblackjacklive.co.uk,gambling
playblackjackxonline.com,gambling
playblackjackygj.com,gambling
playboom24casino.online,gambling
playbytr.com,gambling
playcanadiancasinos.com,gambling
playcasino-canada.com,gambling
playcasino-top1.win,gambling
playcasino.ca,gambling
playcasino.ie,gambling
playcasino.name,gambling
playcasino.ph,gambling
playcasinoadvisor.com,gambling
playcasinofree.site,gambling
playcasinogamesonlineforcash.com,gambling
playcasinoluchshieratingi2023.win,gambling
playcasinoluchshieratingtop2023.win,gambling
playcasinoofficialnyirating-2023.win,gambling
playcasinoofficialnyirating2023.win,gambling
playcasinoscanada.com,gambling
playcasinoslotsx.com,gambling
playcasinosnj.com,gambling
playcasinosonline.net,gambling
playcasinotoprating2023.win,gambling
playcasinotopratyngonline1-2023.win,gambling
playcasinotopratyngonline2023.win,gambling
playcasinovulkan.com,gambling
playcasinoxonline.ru,gambling
playcoincasino.com,gambling
playcosmoslots.com,gambling
playcrococasino1.com,gambling
playcrococasinoau.com,gambling
playcrot.net,gambling
playdaddycasino.ru,gambling
playersbet.com,gambling
playersclub.com,gambling
playersclubcasino.com,gambling
playersonly.ag,gambling
playerspalacecasino.top,gambling
playeuropacasino.com,gambling
playfortuna-casino-top.ru,gambling
playfortuna-casino.me,gambling
playfortuna-casino.shop,gambling
playfortuna-casino.xyz,gambling
playfortuna-zercalo-casino.ru,gambling
playfortunacasino-play.ru,gambling
playfortunacasino-zh5.buzz,gambling
playfortunacasino.party,gambling
playfortunacasino.space,gambling
playfortunacasino777.online,gambling
playfortunacasinotop.ru,gambling
playfortunaplayslots.ru,gambling
playgreen.com,gambling
playhubcasino.com,gambling
playingcasinobootgambling.shop,gambling
playingcasinofreebingo.com,gambling
playinternetblackjack.net,gambling
playlandcasinoireland.com,gambling
playluckyslots.net,gambling
playluckyslots.org,gambling
playmgmcasino.com,gambling
playmgmgrandcasino.com,gambling
playmiragecasino.com,gambling
playmobileslots.net,gambling
playnow.com,gambling
playobatbet.one,gambling
playojo-casino-uk.com,gambling
playolg.ca,gambling
playonlinecasino.co.za,gambling
playonlinecasino.today,gambling
playonlinecasinoforrealmoneyusa.com,gambling
playonlinecasinogames.net,gambling
playonlinecasinogamess.shop,gambling
playonlinegamez.com,gambling
playonlinepokercasino.com,gambling
playpalcasino.com,gambling
playpariscasino.com,gambling
playperfectblackjack.com,gambling
playpix.com,gambling
playpokerdomonlinecasino.ru,gambling
playpokeronline.com,gambling
playregal-casino-france.com,gambling
playsattanumbergambling.com,gambling
playslots.xyz,gambling
playslotscash.com,gambling
playstakecasino.com,gambling
playtech-casinos.com,gambling
playtika.com,gambling
playtrustedcasino.com,gambling
playwin-casinox391.ru,gambling
playwinningpoker.com,gambling
playwinpoker.com,gambling
playworldseriesofpoker.us,gambling
playwsop.com,gambling
playwsop.us,gambling
playzilla.com,gambling
plazahotelcasino.com,gambling
plazalaroca.mx,gambling
plazaroyalcasino.click,gambling
plazaroyalcasino.co.uk,gambling
plazaroyalcasino.top,gambling
pldt-777-casino.me,gambling
pldt-casino.me,gambling
pldt777-games-casino.me,gambling
pledoo.com,gambling
pledoo.org,gambling
pleeease-casino.fr,gambling
pleeeasecasino.fr,gambling
plinkocasino-argentina.click,gambling
plinkocasino-cl.click,gambling
plinkocasino.es,gambling
plinkocasinospin.com,gambling
plot55.com,drugs
plus-casino-x.ru,gambling
plus-casinogames.shop,gambling
plus-sol-casino.ru,gambling
plus-sol-casino.top,gambling
plus-solcasino.ru,gambling
plus-solcasino.top,gambling
plus1win-5259.ru,gambling
pluscasino.top,gambling
pluscasinox-746.ru,gambling
pm-socialslots.com,gambling
pmbet.co.tz,gambling
pmu.fr,gambling
pnxbet-casino.me,gambling
po0ker88.com,gambling
pobeda-casino.biz,gambling
pobeda-casinox223.ru,gambling
pobeda-casinox235.ru,gambling
pobeda-casinox2760.ru,gambling
pocker-games.com,gambling
pocketcasinodirectory.com,gambling
pocketfives.com,gambling
poggioalsorbo.it,gambling
pogo.com,gambling
poilcasino.com,gambling
pointsbet.com,gambling
pointspreadnews.com,gambling
pok3r88.dev,gambling
pok3r88.me,gambling
pok3r88.org,gambling
pok3r888.org,gambling
pok3r88asia.com,gambling
pok3r88asia.me,gambling
pok3r88asia.net,gambling
pok3r88asia.store,gambling
pok3r88asia.xyz,gambling
pok3r88slot1.com,gambling
pok3r88slot1.net,gambling
pok3r88slot1.org,gambling
pokemoncasino.online,gambling
poker-academie.com,gambling
poker-attitude.com,gambling
poker-casino-arabic.net,gambling
poker-casino-online.com,gambling
poker-casino.net,gambling
poker-dom-casino.net,gambling
poker-dom-casino.org,gambling
poker-dom-official.fun,gambling
poker-fr-online.info,gambling
poker-fun.org,gambling
poker-proxy.com,gambling
poker-terms.co.uk,gambling
poker.com,gambling
poker.cz,gambling
poker.fr,gambling
poker.gioco888.com,gambling
poker.loilier.net,gambling
poker.org,gambling
poker.peoples.it,gambling
poker13.fr,gambling
poker365.fr,gambling
poker4ever.com,gambling
poker500.com,gambling
poker770.com,gambling
poker770.fr,gambling
poker83.fr,gambling
poker88.city,gambling
poker88.org,gambling
poker882023.com,gambling
poker882023.org,gambling
poker882023.us,gambling
poker88303.co,gambling
poker88303.com,gambling
poker88303.live,gambling
poker88303.net,gambling
poker88303.org,gambling
poker8888.pro,gambling
poker8888.xyz,gambling
poker888jaya.co,gambling
poker888jaya.live,gambling
poker888jaya.net,gambling
poker888jaya.xyz,gambling
poker88asik.com,gambling
poker88asikmania.net,gambling
poker88best.us,gambling
poker88cash.info,gambling
poker88cash.live,gambling
poker88cash.me,gambling
poker88cash.org,gambling
poker88cash.pro,gambling
poker88cash.xyz,gambling
poker88cor.com,gambling
poker88cor.live,gambling
poker88cor.me,gambling
poker88cor.net,gambling
poker88cor.org,gambling
poker88cor.tech,gambling
poker88cuan.us,gambling
poker88cuanterus88.vip,gambling
poker88gacor.dev,gambling
poker88gacor.net,gambling
poker88gacor.store,gambling
poker88gacor.xyz,gambling
poker88gas.info,gambling
poker88gas.me,gambling
poker88gas.pro,gambling
poker88gas.xyz,gambling
poker88gaskan.xyz,gambling
poker88gaspol.com,gambling
poker88gaspol.live,gambling
poker88gaspol.me,gambling
poker88gaspol.net,gambling
poker88gaspol.tech,gambling
poker88gaspol.xyz,gambling
poker88gg.co,gambling
poker88gg.org,gambling
poker88gg.us,gambling
poker88gg.xyz,gambling
poker88ggs.co,gambling
poker88ggwp.asia,gambling
poker88hokki.com,gambling
poker88hokki.me,gambling
poker88hokki.org,gambling
poker88hotsuper.com,gambling
poker88hotsuper.net,gambling
poker88hotsuper.org,gambling
poker88hotsuper.xyz,gambling
poker88hunt.info,gambling
poker88hunt.online,gambling
poker88hunt.pro,gambling
poker88hunt.xyz,gambling
poker88jago.com,gambling
poker88jago.net,gambling
poker88jago.org,gambling
poker88jago.store,gambling
poker88maju.com,gambling
poker88maju.net,gambling
poker88mania.com,gambling
poker88mania.org,gambling
poker88mania99.co,gambling
poker88maniac.net,gambling
poker88maniamantul.co,gambling
poker88new.dev,gambling
poker88no1.co,gambling
poker88no1.com,gambling
poker88no1.me,gambling
poker88no1.net,gambling
poker88no1.org,gambling
poker88no1.us,gambling
poker88one.dev,gambling
poker88one.xyz,gambling
poker88php.co,gambling
poker88php.live,gambling
poker88php.me,gambling
poker88php.store,gambling
poker88php.us,gambling
poker88php.xyz,gambling
poker88play.live,gambling
poker88play.online,gambling
poker88play.pro,gambling
poker88pools.cc,gambling
poker88pools.info,gambling
poker88pools.live,gambling
poker88pools.pro,gambling
poker88selalujaya.co,gambling
poker88selalujaya.com,gambling
poker88selalujaya.net,gambling
poker88selalujaya.org,gambling
poker88shots.one,gambling
poker88shots.xyz,gambling
poker88slot.pro,gambling
poker88slot.xyz,gambling
poker88techno.com,gambling
poker88techno.xyz,gambling
poker88togel-sportbook.net,gambling
poker88togel.co,gambling
poker88togel.net,gambling
poker88top.dev,gambling
poker88top.me,gambling
poker88top.online,gambling
poker88top.org,gambling
poker88top.store,gambling
poker88top.xyz,gambling
poker88top1.dev,gambling
poker88top1.me,gambling
poker88top1.net,gambling
poker88top1.org,gambling
poker88top1.xyz,gambling
poker88wdgacor.com,gambling
poker88wdgacor.dev,gambling
poker88wdgacor.me,gambling
poker88wdgacor.net,gambling
poker88wdgacor.org,gambling
poker88wdgacor.xyz,gambling
poker88west.com,gambling
poker88west.dev,gambling
poker88west.org,gambling
poker88xyz.com,gambling
poker88z.com,gambling
pokerace.com,gambling
pokeralille.com,gambling
pokerarc.xyz,gambling
pokerarena.cz,gambling
pokerasikmain.net,gambling
pokerbasecamp.xyz,gambling
pokerbonuscodes.com,gambling
pokerbove.xyz,gambling
pokerbreakaway.xyz,gambling
pokercasinodownload.co.uk,gambling
pokercast.tv,gambling
pokercc.com,gambling
pokercheckraise.com,gambling
pokerchipsonline.com,gambling
pokercitron.xyz,gambling
pokerdom--casino.site,gambling
pokerdom-134.fun,gambling
pokerdom-144.fun,gambling
pokerdom-145.fun,gambling
pokerdom-146.fun,gambling
pokerdom-2as.fun,gambling
pokerdom-2awf.fun,gambling
pokerdom-2brp.fun,gambling
pokerdom-2cv.fun,gambling
pokerdom-2ds.fun,gambling
pokerdom-2dw.fun,gambling
pokerdom-2fr.fun,gambling
pokerdom-2gt.fun,gambling
pokerdom-2hg.fun,gambling
pokerdom-2hg1.fun,gambling
pokerdom-2jk.fun,gambling
pokerdom-2ju.fun,gambling
pokerdom-2kl.fun,gambling
pokerdom-2lgh.fun,gambling
pokerdom-2lha.fun,gambling
pokerdom-2luc.fun,gambling
pokerdom-2vnt.fun,gambling
pokerdom-3gds.fun,gambling
pokerdom-3psk.fun,gambling
pokerdom-3zkc.fun,gambling
pokerdom-3zvy.fun,gambling
pokerdom-478.fun,gambling
pokerdom-a.fun,gambling
pokerdom-awf12.fun,gambling
pokerdom-awf9.fun,gambling
pokerdom-b.fun,gambling
pokerdom-bro12.fun,gambling
pokerdom-bro13.fun,gambling
pokerdom-bro14.fun,gambling
pokerdom-cas5.fun,gambling
pokerdom-cas6.fun,gambling
pokerdom-casino-777.fun,gambling
pokerdom-casino-777.online,gambling
pokerdom-casino-hux.buzz,gambling
pokerdom-casino-huz.buzz,gambling
pokerdom-casino-official.site,gambling
pokerdom-casino-official.website,gambling
pokerdom-casino-pkd.buzz,gambling
pokerdom-casino-play.fun,gambling
pokerdom-casino-reg.ru,gambling
pokerdom-casino-top.top,gambling
pokerdom-casino-top.website,gambling
pokerdom-casino-uz.com,gambling
pokerdom-casino-zerkalo.live,gambling
pokerdom-casino.beauty,gambling
pokerdom-casino.best,gambling
pokerdom-casino.biz,gambling
pokerdom-casino.club,gambling
pokerdom-casino.co,gambling
pokerdom-casino.pro,gambling
pokerdom-casino.today,gambling
pokerdom-casino.world,gambling
pokerdom-casino10-chance.top,gambling
pokerdom-casino365.fun,gambling
pokerdom-casino7-jackpot.top,gambling
pokerdom-casino8-vegas.top,gambling
pokerdom-casino9-poker.top,gambling
pokerdom-casinobet.ru,gambling
pokerdom-cazinoplay.fun,gambling
pokerdom-fun.fun,gambling
pokerdom-gds6.fun,gambling
pokerdom-gds7.fun,gambling
pokerdom-gds8.fun,gambling
pokerdom-gld5.fun,gambling
pokerdom-gld6.fun,gambling
pokerdom-gop7.fun,gambling
pokerdom-gop8.fun,gambling
pokerdom-hja2.fun,gambling
pokerdom-hjl10.fun,gambling
pokerdom-hjl11.fun,gambling
pokerdom-hjl9.fun,gambling
pokerdom-i.top,gambling
pokerdom-jos3.fun,gambling
pokerdom-jos4.fun,gambling
pokerdom-live.fun,gambling
pokerdom-lks10.fun,gambling
pokerdom-lks11.fun,gambling
pokerdom-lks12.fun,gambling
pokerdom-lux10.fun,gambling
pokerdom-lux8.fun,gambling
pokerdom-lux9.fun,gambling
pokerdom-m.fun,gambling
pokerdom-nce3.fun,gambling
pokerdom-nce4.fun,gambling
pokerdom-norull.fun,gambling
pokerdom-onl14.fun,gambling
pokerdom-onl15.fun,gambling
pokerdom-onl3.fun,gambling
pokerdom-only.fun,gambling
pokerdom-pkfs12.fun,gambling
pokerdom-pkfs13.fun,gambling
pokerdom-pkfs14.fun,gambling
pokerdom-rch1.fun,gambling
pokerdom-spn2.fun,gambling
pokerdom-spn3.fun,gambling
pokerdom-sur1.fun,gambling
pokerdom-vin16.fun,gambling
pokerdom-vin17.fun,gambling
pokerdom-vin18.fun,gambling
pokerdom-win7.fun,gambling
pokerdom-win8.fun,gambling
pokerdom-win9.fun,gambling
pokerdom-xvz1.fun,gambling
pokerdom-xvz2.fun,gambling
pokerdom-z.fun,gambling
pokerdom-zks6.fun,gambling
pokerdom-zks7.fun,gambling
pokerdom171.fun,gambling
pokerdomaab.fun,gambling
pokerdomaac.fun,gambling
pokerdomaad.fun,gambling
pokerdomaam.fun,gambling
pokerdomaap.fun,gambling
pokerdomaav.fun,gambling
pokerdomad.fun,gambling
pokerdomans.fun,gambling
pokerdomasi.fun,gambling
pokerdombak.fun,gambling
pokerdombas.fun,gambling
pokerdombat.fun,gambling
pokerdombed.fun,gambling
pokerdombet.fun,gambling
pokerdombis.fun,gambling
pokerdombit.fun,gambling
pokerdomblu.fun,gambling
pokerdombok.fun,gambling
pokerdombon.fun,gambling
pokerdombos.fun,gambling
pokerdombrf.fun,gambling
pokerdombzr.fun,gambling
pokerdomcam.fun,gambling
pokerdomcan.fun,gambling
pokerdomcashcasino.ru,gambling
pokerdomcasino-fuv.top,gambling
pokerdomcasino-official.top,gambling
pokerdomcasino-official.win,gambling
pokerdomcasino-official42.win,gambling
pokerdomcasino-official59.win,gambling
pokerdomcasino-paf.top,gambling
pokerdomcasino-qfq.top,gambling
pokerdomcasino-qow.top,gambling
pokerdomcasino-yyz.top,gambling
pokerdomcasino.buzz,gambling
pokerdomcasino.click,gambling
pokerdomcasino.website,gambling
pokerdomcasinobet.ru,gambling
pokerdomcasinoofficial-site.top,gambling
pokerdomcasinoofficial-site.win,gambling
pokerdomcasinoofficial-site3.top,gambling
pokerdomcasinoofficial-site31.win,gambling
pokerdomcasinoofficial-site33.win,gambling
pokerdomcasinoofficial-site5.top,gambling
pokerdomcasinoofficial-site52.win,gambling
pokerdomcasinoofficial184.win,gambling
pokerdomcasinoofficial2.top,gambling
pokerdomcasinoofficial356.win,gambling
pokerdomcasinoofficial522.win,gambling
pokerdomcasinoofficial54.win,gambling
pokerdomcasinoofficial678.win,gambling
pokerdomcasinoofficial680.win,gambling
pokerdomcasinoofficial7.top,gambling
pokerdomcasinoofficial762.win,gambling
pokerdomcasinoofficial905.win,gambling
pokerdomcasinoofficialsite.top,gambling
pokerdomcasinoofficialsite1215.win,gambling
pokerdomcasinoofficialsite192.win,gambling
pokerdomcasinoofficialsite852.win,gambling
pokerdomcasinosite.win,gambling
pokerdomcasinosite23.win,gambling
pokerdomcasinosite33.win,gambling
pokerdomcasinosite521.fun,gambling
pokerdomcasinosite521.win,gambling
pokerdomcasinositeofficial.top,gambling
pokerdomcasinositeofficial.win,gambling
pokerdomcasinositeofficial12.win,gambling
pokerdomcasinositeofficial42.win,gambling
pokerdomcasinositeofficial53.win,gambling
pokerdomcazino.fun,gambling
pokerdomccs.fun,gambling
pokerdomceg.fun,gambling
pokerdomcg.fun,gambling
pokerdomcgs.fun,gambling
pokerdomcic.fun,gambling
pokerdomcis.fun,gambling
pokerdomcit.fun,gambling
pokerdomclub.ru,gambling
pokerdomcoc.fun,gambling
pokerdomcot.fun,gambling
pokerdomcpp.fun,gambling
pokerdomctc.fun,gambling
pokerdomdeo.fun,gambling
pokerdomdet.fun,gambling
pokerdomdet.top,gambling
pokerdomdis.fun,gambling
pokerdomdit.fun,gambling
pokerdomdo.fun,gambling
pokerdomdom.fun,gambling
pokerdomdos.fun,gambling
pokerdomdpg.fun,gambling
pokerdomdps.fun,gambling
pokerdomdsr.fun,gambling
pokerdomdum.fun,gambling
pokerdomdwm.fun,gambling
pokerdomdzo.fun,gambling
pokerdomeas.fun,gambling
pokerdomei.fun,gambling
pokerdomelt.fun,gambling
pokerdomepg.fun,gambling
pokerdomeri.fun,gambling
pokerdomet.fun,gambling
pokerdomfat.fun,gambling
pokerdomfgt.fun,gambling
pokerdomfis.fun,gambling
pokerdomfkt.fun,gambling
pokerdomfsb.fun,gambling
pokerdomfst.fun,gambling
pokerdomgar.fun,gambling
pokerdomgem.fun,gambling
pokerdomglo.fun,gambling
pokerdomgos.fun,gambling
pokerdomicm.fun,gambling
pokerdomid.fun,gambling
pokerdomidd.fun,gambling
pokerdomis.fun,gambling
pokerdomiub.fun,gambling
pokerdomkae.fun,gambling
pokerdomkao.fun,gambling
pokerdomkap.fun,gambling
pokerdomkas.fun,gambling
pokerdomkg.fun,gambling
pokerdomkil.fun,gambling
pokerdomkis.fun,gambling
pokerdomkkg.fun,gambling
pokerdomko.fun,gambling
pokerdomkos.fun,gambling
pokerdomktt.fun,gambling
pokerdomkuk.fun,gambling
pokerdomlab.fun,gambling
pokerdomlife.fun,gambling
pokerdomlio.fun,gambling
pokerdomlis.fun,gambling
pokerdomloc.fun,gambling
pokerdomlog.fun,gambling
pokerdomltc.fun,gambling
pokerdomlu.fun,gambling
pokerdommac.fun,gambling
pokerdommas.fun,gambling
pokerdommc.fun,gambling
pokerdommil.fun,gambling
pokerdommks.fun,gambling
pokerdommn.fun,gambling
pokerdommom.fun,gambling
pokerdommoneycasino.ru,gambling
pokerdomnaw.fun,gambling
pokerdomnd.fun,gambling
pokerdomnet.fun,gambling
pokerdomnid.fun,gambling
pokerdomnis.fun,gambling
pokerdomnit.fun,gambling
pokerdomnk.fun,gambling
pokerdomnkf.fun,gambling
pokerdomnn.fun,gambling
pokerdomnun.fun,gambling
pokerdomnz.fun,gambling
pokerdomnzz.fun,gambling
pokerdomod.fun,gambling
pokerdomoeg.fun,gambling
pokerdomooh.fun,gambling
pokerdomoop.fun,gambling
pokerdomot.fun,gambling
pokerdompa.top,gambling
pokerdompad.fun,gambling
pokerdompam.fun,gambling
pokerdompar.fun,gambling
pokerdompd.fun,gambling
pokerdomped.fun,gambling
pokerdompet.fun,gambling
pokerdompir.fun,gambling
pokerdompom.fun,gambling
pokerdompro.fun,gambling
pokerdompsr.fun,gambling
pokerdompys.fun,gambling
pokerdomrat.fun,gambling
pokerdomred.fun,gambling
pokerdomreg.fun,gambling
pokerdomrem.fun,gambling
pokerdomres.fun,gambling
pokerdomrim.fun,gambling
pokerdomrin.fun,gambling
pokerdomris.fun,gambling
pokerdomrom.fun,gambling
pokerdomrpm.fun,gambling
pokerdomru-casino-official124.win,gambling
pokerdomru-casino-official155.win,gambling
pokerdomru-casino-official22.win,gambling
pokerdomru-casino-official257.win,gambling
pokerdomru-casino-official268.win,gambling
pokerdomru-casino-official985.win,gambling
pokerdomrucasino156.win,gambling
pokerdomrucasino216.win,gambling
pokerdomrucasino222.win,gambling
pokerdomrucasino257.win,gambling
pokerdomrum.fun,gambling
pokerdomrusis.top,gambling
pokerdomrx.fun,gambling
pokerdomrxx.fun,gambling
pokerdomsak.fun,gambling
pokerdomsas.fun,gambling
pokerdomsea.fun,gambling
pokerdomsep.fun,gambling
pokerdomsex.fun,gambling
pokerdomsis.fun,gambling
pokerdomsnt.fun,gambling
pokerdomsochi.fun,gambling
pokerdomspro.fun,gambling
pokerdomsrs.fun,gambling
pokerdomsus.fun,gambling
pokerdomsz.top,gambling
pokerdomtam.fun,gambling
pokerdomtas.fun,gambling
pokerdomtcs.fun,gambling
pokerdomtds.fun,gambling
pokerdomte.fun,gambling
pokerdomtew.fun,gambling
pokerdomtf.fun,gambling
pokerdomtfc.fun,gambling
pokerdomtg.fun,gambling
pokerdomtm.fun,gambling
pokerdomtps.fun,gambling
pokerdomtst.fun,gambling
pokerdomtts.fun,gambling
pokerdomtv.fun,gambling
pokerdomtw.fun,gambling
pokerdomtx.fun,gambling
pokerdomuap.fun,gambling
pokerdomuek.fun,gambling
pokerdomut.fun,gambling
pokerdomuuk.fun,gambling
pokerdomvd.fun,gambling
pokerdomvus.fun,gambling
pokerdomwek.fun,gambling
pokerdomwin.fun,gambling
pokerdomwit.fun,gambling
pokerdomxim.fun,gambling
pokerdomxis.fun,gambling
pokerdomxoc.fun,gambling
pokerdomxom.fun,gambling
pokerdomxox.fun,gambling
pokerdomxxx.fun,gambling
pokerdomzak.fun,gambling
pokerdomzd.fun,gambling
pokerdomznz.fun,gambling
pokerdomzok.fun,gambling
pokerdomzuz.fun,gambling
pokerdu.com,gambling
pokerenligne.net,gambling
pokerfreerollsonline.com,gambling
pokergambling.com,gambling
pokergamblingcasinos.com,gambling
pokergamblings.com,gambling
pokergratuit.com,gambling
pokergratuit.fr,gambling
pokergratuit.org,gambling
pokerhandpost.com,gambling
pokerheaven.com,gambling
pokerholdemgratuit.net,gambling
pokerhouse.co.uk,gambling
pokerhuis.nu,gambling
pokeride.net,gambling
pokerihuone.com,gambling
pokerinside.com,gambling
pokerjeux.net,gambling
pokerjunkie.com,gambling
pokerkings.com,gambling
pokerligne.org,gambling
pokerlistings.com,gambling
pokerlistings.fr,gambling
pokerlistings.it,gambling
pokerlizard.com,gambling
pokerloco.com,gambling
pokermira.com,gambling
pokern.com,gambling
pokernet.com,gambling
pokernetonline.com,gambling
pokernews.com,gambling
pokernonstop.ru,gambling
pokerpage.biz,gambling
pokerpartnership.com,gambling
pokerparty.com,gambling
pokerplayerus.com,gambling
pokerportal.sc,gambling
pokerrewards.com,gambling
pokersavvy.com,gambling
pokersite.com,gambling
pokersites.com,gambling
pokersource.com,gambling
pokerstars-casino.online,gambling
pokerstars-casino.top,gambling
pokerstars.com,gambling
pokerstars.com.ar,gambling
pokerstars.cz,gambling
pokerstars.dk,gambling
pokerstars.fr,gambling
pokerstars.it,gambling
pokerstars.net,gambling
pokerstars.store,gambling
pokerstarscasino-ee.com,gambling
pokerstarscasino-gg.com,gambling
pokerstarscasino-ii.com,gambling
pokerstarscasino.com,gambling
pokerstarscasino.dk,gambling
pokerstarscasino.es,gambling
pokerstarscasino.eu,gambling
pokerstarscasino.it,gambling
pokerstarscasino.net,gambling
pokerstarscasino.top,gambling
pokerstarscasino.uk,gambling
pokerstarscasino.world,gambling
pokerstarscasinomi.com,gambling
pokerstarscasinonj.com,gambling
pokerstarscasinous.com,gambling
pokerstarsfun1.com,gambling
pokerstarsfun2.com,gambling
pokerstarsinsochi.com,gambling
pokerstarslearn.info,gambling
pokerstarslive.com,gambling
pokerstarslive.net,gambling
pokerstarspartners.ee,gambling
pokerstarssochi.net,gambling
pokerstarstest.ee,gambling
pokerstarter.org,gambling
pokerstarts.net,gambling
pokerstop.com,gambling
pokersubito.fr,gambling
pokersupplies.com,gambling
pokersyte.com,gambling
pokertotocasino.com,gambling
pokertube.com,gambling
pokeruitleg.info,gambling
pokerupdate.com,gambling
pokerupdates.com,gambling
pokervip.com,gambling
pokerwin88.co,gambling
pokerwin88.us,gambling
pokerworks.com,gambling
pokerworld.com,gambling
pokerxtrem.fr,gambling
pokiematecasinoau.com,gambling
pokiescasino.live,gambling
pokiespinscasino1.com,gambling
pokr88.me,gambling
pokr88.xyz,gambling
pokr88gacor.xyz,gambling
pokr88slots.com,gambling
pokr88slots.net,gambling
pokr88slots.org,gambling
poldercasino.com,gambling
polestarcasino.com,gambling
policasinos-au.top,gambling
pollahipica.net,gambling
polobet817.com,gambling
polobet818.com,gambling
polobet821.com,gambling
polobet822.com,gambling
polobet823.com,gambling
polobet824.com,gambling
polobet826.com,gambling
polska-slot-casino.site,gambling
pondoktogel.com,gambling
poneclub-casino.me,gambling
poormansguidetocasinogambling.com,gambling
pop4d.org,gambling
popcasino.se,gambling
popodorgu.id,gambling
popslotcasino.shop,gambling
popslotscasino.com,gambling
popular-online-casinos.com,gambling
popularcasino.co.uk,gambling
popularcasinogambling.com,gambling
popularnie-casino.ru,gambling
poriborton.pages.dev,gambling
portfoliocasino.com,gambling
portugal-casinos.com.pt,gambling
portugal-icecasino.com,gambling
portugalcasino10top.com,gambling
portugalcasinofun.com,gambling
portugalcasinogold.com,gambling
portugalcasinoguide.com,gambling
portugalcasinomagic.com,gambling
portugalcasinoreviews.com,gambling
portugalgamblezone.com,gambling
portugalhubcasinoonline.com,gambling
poshbingo.com,gambling
posidocasino.de,gambling
posidocasino.top,gambling
postcodeloterij.nl,gambling
pot.com,drugs
potofluckcasino.com,gambling
potseeds.co.uk,drugs
potsmokersnet.com,drugs
potsofslots.com,gambling
pousahotel-casino.com,gambling
povertystudies.org,gambling
powbet.com,gambling
powbetcasino.info,gambling
power-casino-online.com,gambling
power-play-casino.com,gambling
powerball.com,gambling
powerball.org,gambling
powercasino.top,gambling
powercasinotableufabet.shop,gambling
powerfulgamblingtips.com,gambling
poweronlinecasino.com,gambling
powerpoker.it,gambling
powerupcasino.com,gambling
pp-gaming-casino.me,gambling
ppcasinos.com,gambling
ppdewacasino.vip,gambling
ppgacorigamble.xyz,gambling
ppkr88win.com,gambling
ppkr88win.net,gambling
pplafoodfare.com,gambling
practicalgambling.com,gambling
prada555.it.com,gambling
pragmatikcasino.com,gambling
praisecasino.top,gambling
prankcasino.top,gambling
prdi.org,drugs
prediksitoptogel.com,gambling
prem.ilovemangomaddy.com,gambling
premieratlanticcity.com,gambling
premierbet.co.ao,gambling
premierbet.co.tz,gambling
premierbet.com,gambling
premierborgata.com,gambling
premiercasino.com,gambling
premiercasinoevents.com,gambling
premiereatlanticcity.com,gambling
premierenightclub.com,gambling
premiereonlinecasino.com,gambling
premierriches.com,gambling
premierultralounge.com,gambling
premio365.com,gambling
premiumcasinolist.online,gambling
prensbet238.com,gambling
prensbet241.com,gambling
prensbet246.com,gambling
prensbet252.com,gambling
prensbet255.com,gambling
prensbet258.com,gambling
prensbet259.com,gambling
prensbet262.com,gambling
prensbet266.com,gambling
prepaidcardgambling.com,gambling
prestige-construction.in,gambling
prestigeauditors.com,gambling
prestigecasino.com,gambling
prettycasino.net,gambling
prettywins.com,gambling
pridmorebookmakers.com,gambling
primadonnagirls.com,gambling
primaplaycasinopokies.com,gambling
primebetcasino.com,gambling
primecasino.com,gambling
primecasinosusa.com,gambling
primerycasinoslot.site,gambling
princealicasino-fr.com,gambling
princealicasino-france.com,gambling
princemonacocasino.com,gambling
princesscasino.click,gambling
princesscasino.top,gambling
princesscasinobonus.pl,gambling
princesscasinoonline.ro,gambling
printercasinotable.shop,gambling
prismcasino.com,gambling
prismcasino.top,gambling
prismcasinolodge.com,gambling
private-casinos.com,gambling
privatearrangement.com,gambling
privatecasino.com,gambling
privatecasinos.com,gambling
privatecasinotable.online,gambling
prizmabet470.com,gambling
prizmabet474.com,gambling
prizmabet475.com,gambling
prizmabet476.com,gambling
prizmabet478.com,gambling
prizmabet479.com,gambling
prizmabet481.com,gambling
prizmabet483.com,gambling
prizmabet485.com,gambling
prizmabet487.com,gambling
prmbw.com,gambling
pro-ana-nation.fr,dangerous_material
pro-roxcasino.com.ua,gambling
problemgamblerslawyer.com,gambling
problemgamblingalberta.ca,gambling
problemgamblinghelpline.ca,gambling
procannabis.com,drugs
procasino.cc,gambling
procasino.se,gambling
procasinoinsights.com,gambling
procasinoslotdigital.site,gambling
procasinotipers.com,gambling
productscasino.info,gambling
professionalgamble.com,gambling
professionalgambler.org,gambling
professionalscasino.info,gambling
professionalsportsgamblers.com,gambling
prohibition.history.ohio-state.edu,drugs
proline.ca,gambling
prolitepaddles.com,gambling
promcasino.shop,gambling
promind.com,drugs
promocode-casino.com,gambling
promotioncoteivoire.com,gambling
promozioni-casino-migliori.com,gambling
promscasino.shop,gambling
pronecasino.com,gambling
pronosoft.com,gambling
pronosticosdeportivos.ec,gambling
prontocasino.top,gambling
prorankcasinoufaslot.shop,gambling
proscasino.info,gambling
proslots.net,gambling
prosperouscasino.com,gambling
protectorcasino.info,gambling
protipster.es,gambling
proust.com,drugs
psblog.net,gambling
psk-casino.top,gambling
psk777daftarlink.com,gambling
pskcasino.top,gambling
psychedelic-library.org,drugs
psychiatry.co.uk,drugs
psychonaut.com,drugs
psychonaut.org,drugs
pt777amp.xyz,gambling
pt777amp.xyzq2.com,gambling
ptc.creadunet.com,gambling
ptscasino.com,gambling
pub-79b7fbba87c04f4489bc2e0dd3bfd753.r2.dev,gambling
pubcasino.co.uk,gambling
publiccasino.info,gambling
publiccasinoils.xyz,gambling
pulpcasino.info,gambling
pulpower.com,gambling
pulsz.com,gambling
pumpcasino.online,gambling
puntcasino-online.com,gambling
puntcasino.top,gambling
purecasino.com,gambling
purecasino1.com,gambling
purecasino2.com,gambling
purecasinos.org,gambling
purevegascasino.com,gambling
purewin.com,gambling
puri119.xyz,gambling
pusatjpunsurtoto.com,gambling
pusatjudibola.com,gambling
pusattaruhan.com,gambling
puzzlercasino.shop,gambling
pwa.wrestlingx.net,gambling
pwin-casino.me,gambling
pwin-ph-casino.me,gambling
pwin777-casino.me,gambling
pwin777casino.ph,gambling
pxbet88-casino.me,gambling
pzbuk.pl,gambling
q7casino1.com,gambling
q9play.vip,gambling
qaiscasino.com,gambling
qatarcasinobonuses.com,gambling
qbawba42.canalblog.com,dangerous_material
qbetcasino.online,gambling
qbetcasino.top,gambling
qdf777casino.site,gambling
qiwictf-jet-casino.com,gambling
qq-slotrtp.com,gambling
qq1221fair.org,gambling
qq1221twelve.com,gambling
qqcasino.net,gambling
qqjilicasino.com,gambling
quadcasino.info,gambling
qualitybingo.com,gambling
quatro-casino.top,gambling
quatrocasino.com,gambling
quatrocasino.top,gambling
quebec-cannabis.com,drugs
quebec-cannabis.org,drugs
queen-casino.com,gambling
queen777-casino.me,gambling
queenbet-casino.me,gambling
queencasino.ink,gambling
queenplaycasino.co.uk,gambling
queenplaycasino.top,gambling
quickbetcasino.top,gambling
quitgamblingprogram.com,gambling
r-casinoonlineratingtop2023.win,gambling
r2casino.com,gambling
r7-casino-amp-2.ru,gambling
r7-casino-amp-3.ru,gambling
r7-casino-asd.buzz,gambling
r7-casino-bon.buzz,gambling
r7-casino-ewq.buzz,gambling
r7-casino-game.ru,gambling
r7-casino-go.xyz,gambling
r7-casino-log.xyz,gambling
r7-casino-login.top,gambling
r7-casino-official.ru,gambling
r7-casino-online.store,gambling
r7-casino-online.su,gambling
r7-casino-qwe.buzz,gambling
r7-casino-reg.click,gambling
r7-casino-reg.fun,gambling
r7-casino-reg.life,gambling
r7-casino-reg.top,gambling
r7-casino-res.buzz,gambling
r7-casino-rty.buzz,gambling
r7-casino-spin.fun,gambling
r7-casino-spin.top,gambling
r7-casino-start.xyz,gambling
r7-casino-top.xyz,gambling
r7-casino-win.top,gambling
r7-casino-zerkalo1105.ru,gambling
r7-casino-zerkalo1233.ru,gambling
r7-casino-zerkalo1834.ru,gambling
r7-casino-zerkalo1984.ru,gambling
r7-casino-zerkalo2159.ru,gambling
r7-casino-zerkalo2332.ru,gambling
r7-casino-zerkalo2540.ru,gambling
r7-casino-zerkalo3221.ru,gambling
r7-casino-zerkalo9093.ru,gambling
r7-casino-zerkalo9678.ru,gambling
r7-casino.biz,gambling
r7-casino.makeup,gambling
r7-casino.su,gambling
r7-casino.tech,gambling
r7-casino.yachts,gambling
r7-casino0online.ru,gambling
r7casino-amp1.ru,gambling
r7casino-btc.ru,gambling
r7casino-eth.ru,gambling
r7casino-game100.ru,gambling
r7casino-game200.ru,gambling
r7casino-game300.ru,gambling
r7casino-game400.ru,gambling
r7casino-kyv.top,gambling
r7casino-official200.ru,gambling
r7casino-official400.ru,gambling
r7casino-play.ru,gambling
r7casino-play200.top,gambling
r7casino-play300.top,gambling
r7casino-play400.top,gambling
r7casino-play500.top,gambling
r7casino-ult.top,gambling
r7casino-wins.ru,gambling
r7casino.autos,gambling
r7casino.beauty,gambling
r7casino.cfd,gambling
r7casino.company,gambling
r7casino.fit,gambling
r7casino.life,gambling
r7casino.online,gambling
r7casino.rest,gambling
r7casino.yachts,gambling
r7casinoamp.ru,gambling
r7casinoamp1.ru,gambling
r7casinogames.online,gambling
r7casinogames.site,gambling
r7casinoofficial.top,gambling
r7casinoreg-hzz.top,gambling
r7casinos-game.info,gambling
r7casinos-reg.info,gambling
r7casinos.life,gambling
r7casinos.xyz,gambling
r7casinosplay.ru,gambling
r7casinowins.ru,gambling
r88slot.com,gambling
ra-casinos.ru,gambling
rabona-casino.space,gambling
rabona.com,gambling
rabonacasino.click,gambling
rabonacasino.top,gambling
racasino.com,gambling
racebets.com,gambling
racecasino.com,gambling
racecasino.top,gambling
raceupcasino.com,gambling
racingcasino.com,gambling
raden4d301.com,gambling
radicalcasino.info,gambling
raduga-casino.ru,gambling
ragegamble.com,gambling
raging-bull-casino.org,gambling
railcasino.info,gambling
railwaygamblers.com,gambling
rainbowrichescasino.com,gambling
rainbowrichescasinos.net,gambling
raindropcasino.com,gambling
rainmakercasino.net,gambling
raise-casino.com,gambling
raiting-casino1-2023.win,gambling
raiting-casino2023.win,gambling
raitingcasino114-2023.win,gambling
raitingcasino168-2023.win,gambling
raitingcasino774-2023.win,gambling
raitingcasino985-2023.win,gambling
raitingcasinoofficial-2023.win,gambling
raitingcasinoofficialnyi-2023.win,gambling
raitingcasinoofficialnyi1-2023.win,gambling
raitingcasinotopy2023.win,gambling
rajabandot74.com,gambling
rajacasino88.dev,gambling
rajacasino88.ink,gambling
rajacasino88.lat,gambling
rajacasino88.life,gambling
rajacasino88.wiki,gambling
rajacasino88.xyz,gambling
rajapadang.com,gambling
rajapoker88.com,gambling
rajatogel.biz,gambling
rajatogel.com,gambling
rajatogel.org,gambling
rajatoto.com,gambling
rajawalitotohoki.com,gambling
rajbet-casino-bonus.in,gambling
ralfcasino.com,gambling
ramboslotufacasino.shop,gambling
ramenbet-casino-j0a.ru,gambling
ramenbet-casino-k1b.ru,gambling
ramenbet-casino-l2c.ru,gambling
ramenbet-casino-official.online,gambling
ramenbet-casino-online.ru,gambling
ramenbet-casino-p6g.ru,gambling
ramenbet-casino.live,gambling
ramenbet-casino.pro,gambling
ramenbet-casinoq.ru,gambling
ramenbet-casinow.ru,gambling
ramenbetcasino.buzz,gambling
ramenbetcasino.net,gambling
ramenbetcasino.org,gambling
ramenbetcasinoi.online,gambling
ramencasinobet.com,gambling
ramsites.net,gambling
rankbostcasino.online,gambling
rankcasinopro.site,gambling
rant-casino.top,gambling
rantcasino.com,gambling
rantcasino.top,gambling
rapidcasino.click,gambling
rapidcasino.top,gambling
rapido-casinos.com,gambling
rapidoslots.com,gambling
raptcasino.info,gambling
raptorcasino-stg.com,gambling
raptorcasino.com,gambling
raptorcasino.top,gambling
raquelscasino.com,gambling
rated-casinos.ru,gambling
ratedcryptocasinos.com,gambling
ratemycasino.ca,gambling
ratescasino.info,gambling
rating-casino-2023-ru.ru,gambling
rating-casino-2023-ru1.ru,gambling
rating-casino-2023-ru2.ru,gambling
rating-casino-top-2023.win,gambling
rating-casino-top10-site2023.win,gambling
rating-casino.mobi,gambling
rating-casino124-2023.win,gambling
rating-casino179-2023.win,gambling
rating-casino183-2023.win,gambling
rating-casino256-2023.win,gambling
rating-casino4-2023.win,gambling
rating-casino6-2023.win,gambling
rating-casino677.win,gambling
rating-casino7-2023.win,gambling
rating-casino9-2023.win,gambling
rating-casinoofficialnuo2023.win,gambling
rating-casinoofficialnyi2023.win,gambling
rating-casinoonline-2023.win,gambling
rating-casinoonline10-2023.win,gambling
rating-casinoonline11-2023.win,gambling
rating-casinoonline7-2023.win,gambling
rating-casinoru2023.win,gambling
rating-casinotoprayting-2023.win,gambling
rating-top-casino-2023.win,gambling
rating-top10-casino-1.top,gambling
ratingcasino.info,gambling
ratingcasinotopslots-2023.win,gambling
ratingcasinotopslots1-2023.win,gambling
ratingtop10casinoru1-2023.win,gambling
ratingtopcasinoru-2023.win,gambling
rationalcasino.com,gambling
rationalcasinomi.com,gambling
rationalcasinopa.com,gambling
ratucasino4d.org,gambling
ratucasino777slot.com,gambling
ratucasino888.co,gambling
ratucasino888.info,gambling
ratucasino888.net,gambling
ratucasino888.org,gambling
ravesafe.org.za,drugs
raytingcasinobest-2023.win,gambling
raytingcasinobests1-2023.win,gambling
raytingcasinobests3-2023.win,gambling
raytingcasinoslots.ru,gambling
razedcasino1.com,gambling
razorsharkcasino.com,gambling
razorsharkslots.com,gambling
razv-sol-casino.top,gambling
rcasino-777.site,gambling
rcasinoonlinerating2023.win,gambling
rcasinoonlinerating4-2023.win,gambling
rccasino.co.zw,gambling
rdrcasino.ca,gambling
readycasino.online,gambling
readymadecasinos.com,gambling
readyslotsgo.co.uk,gambling
real-casino.me,gambling
real-casino.pro,gambling
real-casino.win,gambling
real-casinos.me,gambling
real-casinox23.ru,gambling
real-money-casino.ca,gambling
real-money-casino.club,gambling
real-money-casino.com,gambling
real-money-casinos.net,gambling
real289-slots.online,gambling
realaucasinosonline.com,gambling
realbeer.com,drugs
realbitcoincasino.xyz,gambling
realcasino.life,gambling
realcasino.site,gambling
realcasino136.com,gambling
realcasino143.com,gambling
realcasino148.com,gambling
realcasinolasvegas.net,gambling
realcasinoonline.org,gambling
realcasinoplay.online,gambling
realcasinoscanada.com,gambling
realcasinosg.com,gambling
realcasinoslive.com,gambling
realcasinosonline.com,gambling
realcasinovip.com,gambling
realesocialcasino.com,gambling
realgamblingstories.com,gambling
realggbet.com,gambling
realluckycasino.com,gambling
realmentltd.com,gambling
realmoney-casino.ca,gambling
realmoneycasino.cc,gambling
realmoneycasinobug.com,gambling
realmoneycasinos.ltd,gambling
realmoneycasinos.org,gambling
realmoneyonlinecasino.shop,gambling
realmoneyonlinecasinos.com,gambling
realmoneyonlinecasinoskenya.com,gambling
realonlineblackjack.com,gambling
realonlinecasino.net,gambling
realrich24casino.com,gambling
reals-casino.me,gambling
realsocialcasinoitaly.com,gambling
rebekahgambleholisticpractitioner.com,gambling
recasino.info,gambling
recentpoker.com,gambling
recovery.alano.org,drugs
recreland.com,gambling
red-casinox521.ru,gambling
red-dogcasino.online,gambling
red-dogcasino.website,gambling
red7slots.games,gambling
red88.top,gambling
redangels.yage.net,drugs
redbet.com,gambling
redbull-rox-casino.com,gambling
redbusbingo.com,gambling
redcasino.com,gambling
redcasino.io,gambling
redcasinozone.com,gambling
reddeerresortandcasino.ca,gambling
reddog-casino.site,gambling
reddog-casino.top,gambling
reddog-casinos.website,gambling
reddogcasino.com,gambling
reddogcasino.global,gambling
reddogcasino1.com,gambling
reddogcasinobonuses.com,gambling
redflushcasino.com,gambling
redfoxbet423.com,gambling
redgiantcasino.com,gambling
redhawkcasino.com,gambling
redhipica.net,gambling
redhotcasinolist.com,gambling
redkings.com,gambling
redmilebets.com,gambling
redstagcasino.eu,gambling
redstagcasinoes.top,gambling
redstagcasinoonline.com,gambling
redstarcasino37.eu,gambling
redstarpoker.com,gambling
redwinecasino.com,gambling
reefcasino.com.au,gambling
reefersmoke.com,drugs
reels-of-joy-casino.com,gambling
reelslots.net,gambling
reelsofjoycasino.online,gambling
reevo-casinos.com,gambling
reevocasinos.com,gambling
reference-cannabis.com,drugs
refuel-casino.click,gambling
refuelcasino-stg.com,gambling
refuelcasino.click,gambling
refuelcasino.top,gambling
regalcasino.live,gambling
regentplaycasino.top,gambling
regiocasino.it,gambling
register-joycasino264.ru,gambling
registercasino.info,gambling
registration-1xbet-casino.com,gambling
regoleblackjack.it,gambling
reiting-casino.club,gambling
reiting-casino.me,gambling
reiting-casino.win,gambling
reiting-casinos.club,gambling
reiting-casinos.win,gambling
reitingcasino.site,gambling
rejting-casino.top,gambling
rejtingcasino.top,gambling
release.org.uk,drugs
relevantmobile.com,gambling
reliefmountainshop.com,gambling
reloadbetcasino.top,gambling
reloadcasino.top,gambling
rembrandtcasino.click,gambling
rembrandtcasino.fi,gambling
rembrandtcasino.top,gambling
renderbet316.com,gambling
rendezvouscasino.com,gambling
renowncasino.xyz,gambling
rentabiliser-internet.fr,gambling
rentmgmprops.com,gambling
reportscasino.info,gambling
repscasino.info,gambling
requestcasino.info,gambling
reservationcasino.xyz,gambling
residencesatmgm.com,gambling
residencesatmgmgrand.com,gambling
residencesatmgmresales.com,gambling
residencesatmolv.com,gambling
residencesmgmgrand.com,gambling
residencesmgmgrandresales.com,gambling
residencesmgmresales.com,gambling
resortscasino.com,gambling
respectedcasinos.com,gambling
responsiblegambling-cms.org.za,gambling
resproject.com,drugs
resrvationcasino.xyz,gambling
restaurant-l-o-a-la-bouche.fr,gambling
restaurantaji.com,gambling
resultados-futbol.com,gambling
resultscasino.info,gambling
retrohotel-casino.com,gambling
reviewblackjack.com,gambling
reviewed-casinos.com,gambling
reviewedusacasinos.com,gambling
reviews-online-casino.com,gambling
reviewscasinoonline.com,gambling
reviewsonlinecasino.com,gambling
revistadecasinos.com,gambling
revolutcasino-no.top,gambling
revolutcasinos-uk.top,gambling
revolutioncasino.club,gambling
revolutioncasino.win,gambling
revolutioncasino1.com,gambling
revueblackjack.com,gambling
revuecasinos.com,gambling
revvedlasvegas.com,gambling
rexbet.com,gambling
rexbet100.com,gambling
rexbet101.com,gambling
rexbet102.com,gambling
rexbet103.com,gambling
rexbet104.com,gambling
rexbet105.com,gambling
rexbet106.com,gambling
rexbet107.com,gambling
rexbet108.com,gambling
rexbet110.com,gambling
rexbet111.com,gambling
rexbet112.com,gambling
rexbet113.com,gambling
rexbet114.com,gambling
rexbet116.com,gambling
rexbet127.com,gambling
rexbet129.com,gambling
rexbet13.com,gambling
rexbet130.com,gambling
rexbet132.com,gambling
rexbet134.com,gambling
rexbet137.com,gambling
rexbet138.com,gambling
rexbet139.com,gambling
rexbet14.com,gambling
rexbet142.com,gambling
rexbet143.com,gambling
rexbet144.com,gambling
rexbet145.com,gambling
rexbet146.com,gambling
rexbet147.com,gambling
rexbet151.com,gambling
rexbet152.com,gambling
rexbet158.com,gambling
rexbet159.com,gambling
rexbet16.com,gambling
rexbet162.com,gambling
rexbet164.com,gambling
rexbet166.com,gambling
rexbet168.com,gambling
rexbet170.com,gambling
rexbet175.com,gambling
rexbet176.com,gambling
rexbet177.com,gambling
rexbet18.com,gambling
rexbet182.com,gambling
rexbet183.com,gambling
rexbet185.com,gambling
rexbet186.com,gambling
rexbet187.com,gambling
rexbet188.com,gambling
rexbet19.com,gambling
rexbet206.com,gambling
rexbet209.com,gambling
rexbet210.com,gambling
rexbet213.com,gambling
rexbet26.com,gambling
rexbet29.com,gambling
rexbet33.com,gambling
rexbet36.com,gambling
rexbet371.com,gambling
rexbet374.com,gambling
rexbet382.com,gambling
rexbet394.com,gambling
rexbet40.com,gambling
rexbet419.com,gambling
rexbet434.com,gambling
rexbet44.com,gambling
rexbet443.com,gambling
rexbet51.com,gambling
rexbet53.com,gambling
rexbet57.com,gambling
rexbet60.com,gambling
rexbet8002.com,gambling
rexbet81.com,gambling
rexbet82.com,gambling
rexbet83.com,gambling
rexbet84.com,gambling
rexbet89.com,gambling
rexbet90.com,gambling
rexbet91.com,gambling
rexbet93.com,gambling
rexbet94.com,gambling
rexbet95.com,gambling
rexbet96.com,gambling
rexbet97.com,gambling
rexbet98.com,gambling
rexbet99.com,gambling
rezension-casinohotels.com,gambling
rfcasinoevents.com,gambling
rgo-casinoslot.com,gambling
rgobet.com,gambling
rgocasino.com,gambling
rgocasino99.net,gambling
rgocasinolive05.com,gambling
rgocasinomantap.com,gambling
rhapsodycasino.com,gambling
rhapsodydirect.com,gambling
rhino-casino-uk.com,gambling
rhodium.ws,drugs
rhythmcitycasino.com,gambling
rialto-casino-uk.com,gambling
rich-palms-casino.net,gambling
rich711-casino.me,gambling
richardcasino-au.com,gambling
richardcasinoau1.com,gambling
richardcasinos.net,gambling
richards-casino.com,gambling
richbet.it,gambling
richcasinoau.com,gambling
richdadcasino.com,gambling
riches-games.com,gambling
richescasino.org,gambling
richpalms-casino.org,gambling
richpalms-promo.com,gambling
richycasino.org,gambling
ricky-casino.com,gambling
ricky-casino.top,gambling
ricky-casinos.com,gambling
rickycasino.com,gambling
rickycasino.net,gambling
rickycasino1.com,gambling
rickycasino2.com,gambling
rickycasino3.com,gambling
rickycasino5.com,gambling
rickycasinoau.com,gambling
rickys-casino.com,gambling
ridercasino.com,gambling
rightcasino.com,gambling
righteousvegas.com,gambling
rigtigepengecasino.dk,gambling
riktigcasino.com,gambling
rikvips.casino,gambling
rinabet236.com,gambling
rinabet239.com,gambling
rinabet241.com,gambling
rinabet244.com,gambling
rinabet246.com,gambling
rinabet247.com,gambling
rinabet248.com,gambling
rinabet250.com,gambling
rinabet254.com,gambling
rinabet256.com,gambling
rinabet258.com,gambling
ringcasino.com,gambling
ringmastersclub.com,gambling
rio-bet-casino.fun,gambling
riobet--casino.site,gambling
riobet-casino.art,gambling
riobet-casino.bid,gambling
riobet-casino.bike,gambling
riobet-casino.biz,gambling
riobet-casino.city,gambling
riobet-casino.company,gambling
riobet-casino.one,gambling
riobet-casino.org,gambling
riobet-casino.xyz,gambling
riobet-casino186.ru,gambling
riobet-casinonline.info,gambling
riobet-sitecasino.ru,gambling
riobetcasino-084.buzz,gambling
riobetcasino-191.buzz,gambling
riobetcasino-200.buzz,gambling
riobetcasino-278.buzz,gambling
riobetcasino-310.buzz,gambling
riobetcasino-361.buzz,gambling
riobetcasino-377.buzz,gambling
riobetcasino-492.buzz,gambling
riobetcasino-574.buzz,gambling
riobetcasino-599.buzz,gambling
riobetcasino-766.buzz,gambling
riobetcasino-777.buzz,gambling
riobetcasino-954.buzz,gambling
riobetcasino-969.buzz,gambling
riobetcasino-986.buzz,gambling
riobetcasino-aex.top,gambling
riobetcasino-aha.top,gambling
riobetcasino-aic.top,gambling
riobetcasino-aio.top,gambling
riobetcasino-ajk.top,gambling
riobetcasino-akq.top,gambling
riobetcasino-alj.top,gambling
riobetcasino-anq.top,gambling
riobetcasino-arh.top,gambling
riobetcasino-atj.top,gambling
riobetcasino-bbu.top,gambling
riobetcasino-bgc.top,gambling
riobetcasino-bhk.top,gambling
riobetcasino-cfi.top,gambling
riobetcasino-cgk.top,gambling
riobetcasino-chh.top,gambling
riobetcasino-cmq.top,gambling
riobetcasino-cmw.top,gambling
riobetcasino-com.top,gambling
riobetcasino-cpb.top,gambling
riobetcasino-cxm.top,gambling
riobetcasino-dbc.top,gambling
riobetcasino-dch.top,gambling
riobetcasino-dex.top,gambling
riobetcasino-dlc.top,gambling
riobetcasino-dpd.top,gambling
riobetcasino-dwl.top,gambling
riobetcasino-dzj.top,gambling
riobetcasino-dzx.top,gambling
riobetcasino-eeg.top,gambling
riobetcasino-emm.top,gambling
riobetcasino-emt.top,gambling
riobetcasino-eqh.top,gambling
riobetcasino-esd.top,gambling
riobetcasino-eui.top,gambling
riobetcasino-exe.top,gambling
riobetcasino-eyj.top,gambling
riobetcasino-fbv.top,gambling
riobetcasino-fcq.top,gambling
riobetcasino-fef.top,gambling
riobetcasino-fir.top,gambling
riobetcasino-fjj.top,gambling
riobetcasino-fst.top,gambling
riobetcasino-fyo.top,gambling
riobetcasino-fys.top,gambling
riobetcasino-gdv.top,gambling
riobetcasino-golden.top,gambling
riobetcasino-golden16.ru,gambling
riobetcasino-golden2.top,gambling
riobetcasino-golden3.top,gambling
riobetcasino-golden4.top,gambling
riobetcasino-golden5.top,gambling
riobetcasino-gqj.top,gambling
riobetcasino-gra.top,gambling
riobetcasino-gut.top,gambling
riobetcasino-gwc.top,gambling
riobetcasino-hal.top,gambling
riobetcasino-hil.top,gambling
riobetcasino-hrw.top,gambling
riobetcasino-hwb.top,gambling
riobetcasino-ich.top,gambling
riobetcasino-ijz.top,gambling
riobetcasino-iki.top,gambling
riobetcasino-ilm.top,gambling
riobetcasino-ipr.top,gambling
riobetcasino-ivf.top,gambling
riobetcasino-jfk.top,gambling
riobetcasino-jgz.top,gambling
riobetcasino-jpg.top,gambling
riobetcasino-jra.top,gambling
riobetcasino-jtg.top,gambling
riobetcasino-jxc.top,gambling
riobetcasino-kbv.top,gambling
riobetcasino-klc.top,gambling
riobetcasino-kmp.top,gambling
riobetcasino-koy.top,gambling
riobetcasino-kvu.top,gambling
riobetcasino-lzh.top,gambling
riobetcasino-mfp.top,gambling
riobetcasino-mjl.top,gambling
riobetcasino-mkq.top,gambling
riobetcasino-mlw.top,gambling
riobetcasino-mmw.top,gambling
riobetcasino-mvu.top,gambling
riobetcasino-mxg.top,gambling
riobetcasino-nap.top,gambling
riobetcasino-nem.top,gambling
riobetcasino-neu.top,gambling
riobetcasino-njb.top,gambling
riobetcasino-njj.top,gambling
riobetcasino-nvo.top,gambling
riobetcasino-ody.top,gambling
riobetcasino-oes.top,gambling
riobetcasino-oet.top,gambling
riobetcasino-official12.ru,gambling
riobetcasino-official14.ru,gambling
riobetcasino-official15.ru,gambling
riobetcasino-ogg.top,gambling
riobetcasino-ohz.top,gambling
riobetcasino-oji.top,gambling
riobetcasino-omv.top,gambling
riobetcasino-online.com,gambling
riobetcasino-oog.top,gambling
riobetcasino-oor.top,gambling
riobetcasino-opf.top,gambling
riobetcasino-otw.top,gambling
riobetcasino-oyc.top,gambling
riobetcasino-oyx.top,gambling
riobetcasino-pdt.top,gambling
riobetcasino-pil.top,gambling
riobetcasino-pni.top,gambling
riobetcasino-pqc.top,gambling
riobetcasino-prq.top,gambling
riobetcasino-pyb.top,gambling
riobetcasino-pzg.top,gambling
riobetcasino-qew.top,gambling
riobetcasino-qkf.top,gambling
riobetcasino-qwk.top,gambling
riobetcasino-rau.top,gambling
riobetcasino-rnv.top,gambling
riobetcasino-rvu.top,gambling
riobetcasino-rwf.top,gambling
riobetcasino-rzf.top,gambling
riobetcasino-seu.top,gambling
riobetcasino-sgw.top,gambling
riobetcasino-sls.top,gambling
riobetcasino-sox.top,gambling
riobetcasino-ssj.top,gambling
riobetcasino-sui.top,gambling
riobetcasino-sxs.top,gambling
riobetcasino-tgy.top,gambling
riobetcasino-tju.top,gambling
riobetcasino-tpj.top,gambling
riobetcasino-trt.top,gambling
riobetcasino-tuj.top,gambling
riobetcasino-uaf.top,gambling
riobetcasino-uhk.top,gambling
riobetcasino-unk.top,gambling
riobetcasino-uqj.top,gambling
riobetcasino-uxg.top,gambling
riobetcasino-vbi.top,gambling
riobetcasino-vbn.top,gambling
riobetcasino-vmz.top,gambling
riobetcasino-vze.top,gambling
riobetcasino-wen.top,gambling
riobetcasino-wga.top,gambling
riobetcasino-win.top,gambling
riobetcasino-wjt.top,gambling
riobetcasino-wvi.top,gambling
riobetcasino-wwh.top,gambling
riobetcasino-wwn.top,gambling
riobetcasino-wzg.top,gambling
riobetcasino-xdn.top,gambling
riobetcasino-xgj.top,gambling
riobetcasino-xiw.top,gambling
riobetcasino-xje.top,gambling
riobetcasino-xkg.top,gambling
riobetcasino-xmn.top,gambling
riobetcasino-xpt.top,gambling
riobetcasino-xsc.top,gambling
riobetcasino-xxb.top,gambling
riobetcasino-xzt.top,gambling
riobetcasino-ycn.top,gambling
riobetcasino-you.top,gambling
riobetcasino-ypa.top,gambling
riobetcasino-ypw.top,gambling
riobetcasino-yxv.top,gambling
riobetcasino-zav.top,gambling
riobetcasino-zcp.top,gambling
riobetcasino-zot.top,gambling
riobetcasino-zrf.top,gambling
riobetcasino-zss.top,gambling
riobetcasino-zsv.top,gambling
riobetcasino-zxe.top,gambling
riobetcasino-zye.top,gambling
riobetcasino-zzv.top,gambling
riobetcasino13.ru,gambling
riobetcasinos.one,gambling
riobetmoneycasino.ru,gambling
riobetplayslots.ru,gambling
riobetsitecasino-online.ru,gambling
riobett-casino-26.top,gambling
riobett-casino-27.top,gambling
riobett-casino-28.top,gambling
riobett-casino-29.top,gambling
riobett-casino-30.ru,gambling
riocasino.org,gambling
riocasino.ru,gambling
ripper-casino.app,gambling
ripper-casino.games,gambling
rippercasino.co,gambling
rippercasinoau.net,gambling
rippercasinoau1.com,gambling
ripplecasino-us.top,gambling
risecasino.info,gambling
risk-free-casino.com,gambling
rivalgamingcasinobonus.com,gambling
rivalo-casino-brasil.com,gambling
rivalo.com,gambling
rivalocasino.top,gambling
rivalry.com,gambling
rivapoker.com,gambling
riverbelle.com,gambling
riverbellecasino.com,gambling
rivergambler.ca,gambling
rivermonster-casino.com,gambling
riverrockcasino.xyz,gambling
riverscasino.com,gambling
riversidecasinoandresort.com,gambling
rivieracasino.com,gambling
rivieracasino.top,gambling
rizk-casino.click,gambling
rizk-casino.top,gambling
rizkcasino.click,gambling
rizkcasino.top,gambling
riztycasino.xyz,gambling
rjcasino88.store,gambling
roaring21casino.top,gambling
rocasino.dev,gambling
rockcasinobonus.shop,gambling
rocket-casino.net,gambling
rocket-man-casino.ru,gambling
rocket-playcasino.com,gambling
rocketcasino.top,gambling
rocketcasino.vip,gambling
rocketcasino1.com,gambling
rocketman-casino.ru,gambling
rocketplay.com,gambling
rocketplay1.com,gambling
rocketplay10.com,gambling
rocketplay11.com,gambling
rocketplay12.com,gambling
rocketplay13.com,gambling
rocketplay3.com,gambling
rocketplay4.com,gambling
rocketplay6.com,gambling
rocketplay8.com,gambling
rocketplay9.com,gambling
rocketpotcasino.click,gambling
rockingcasinos.shop,gambling
rocks-casino.com,gambling
rockscasino.info,gambling
rockstarcasino.info,gambling
rodezbet130.com,gambling
roket303r.com,gambling
roketbet100.com,gambling
roketbet101.com,gambling
roketbet102.com,gambling
roketbet103.com,gambling
roketbet107.com,gambling
roketbetcasino.com,gambling
roketbetz.com,gambling
roketslot-gass.com,gambling
rokkadesign.com,gambling
rokscasino.club,gambling
rokscasinos4.monster,gambling
roku-casino.top,gambling
rokucasino-tr.com,gambling
rokucasino.top,gambling
rollbit.com,gambling
rollersgambling.com,gambling
rolling-slots.ru,gambling
rollinghillscasino.com,gambling
rollino-casino.uk,gambling
rollinocasino.uk,gambling
rollitup.org,drugs
romabet800.com,gambling
romabet801.com,gambling
romabet802.com,gambling
romabet850.com,gambling
romabet851.com,gambling
romabet853.com,gambling
romabet856.com,gambling
romabet858.com,gambling
romabet860.com,gambling
romabet861.com,gambling
romabet863.com,gambling
romabet864.com,gambling
romabet865.com,gambling
romabet871.com,gambling
romabet874.com,gambling
romabetaff.com,gambling
romancasino.com,gambling
rome-lottery.com,gambling
roo-casino-au.com,gambling
roo-casino.net,gambling
roobet.com,gambling
roobet.gg,gambling
roobetcasino-ar.top,gambling
roocasinoau1.com,gambling
rooftopcasinoslot.shop,gambling
rootcasino-cy.com,gambling
rootcasino-cz.com,gambling
rootcasino-ee.com,gambling
rootcasino-il.com,gambling
rootcasino-jp.com,gambling
rootcasino-no.com,gambling
rootcasino-nz.com,gambling
rootcasino-rs.com,gambling
rootcasino-si.com,gambling
rootcasino-ua.com,gambling
rootcasino-zh.com,gambling
rootcasino.co.nz,gambling
rootcasino.cz,gambling
ropitcasinoslotpoker.shop,gambling
ros-rox-casino.top,gambling
ros-roxcasino.top,gambling
rosb-rox-casino.top,gambling
rosb-roxcasino.top,gambling
rose.casino,gambling
rosecasinos.net,gambling
roseslots.com,gambling
rougecasino-vip.com,gambling
roulette-casino.org,gambling
roulette-livecasino.com,gambling
roulette-systems.com,gambling
roulette45.free.fr,gambling
roulette77.it,gambling
routebet405.com,gambling
routebet406.com,gambling
routebet420.com,gambling
rox--casino.club,gambling
rox--casino.ru,gambling
rox-casino-24.com,gambling
rox-casino-acadprava.com,gambling
rox-casino-akbars.ru,gambling
rox-casino-alfbezd.com,gambling
rox-casino-antidur.com,gambling
rox-casino-app.com,gambling
rox-casino-arc.com,gambling
rox-casino-aromi.top,gambling
rox-casino-aromi1.top,gambling
rox-casino-atsec.com,gambling
rox-casino-azbuk.ru,gambling
rox-casino-azbuk1.ru,gambling
rox-casino-bang.ru,gambling
rox-casino-bear.ru,gambling
rox-casino-blokev.ru,gambling
rox-casino-blokev.top,gambling
rox-casino-blokev1.ru,gambling
rox-casino-bmw.com,gambling
rox-casino-bmw.top,gambling
rox-casino-bmw1.top,gambling
rox-casino-bmw2.top,gambling
rox-casino-bolt.com,gambling
rox-casino-bootcamp.lol,gambling
rox-casino-bor.top,gambling
rox-casino-chmt.com,gambling
rox-casino-christmas.com,gambling
rox-casino-cross.com,gambling
rox-casino-cup.club,gambling
rox-casino-daroo.com,gambling
rox-casino-deti-yar.com,gambling
rox-casino-dez.com,gambling
rox-casino-dhsh2.top,gambling
rox-casino-dni.com,gambling
rox-casino-doma.com,gambling
rox-casino-dublikaty.com,gambling
rox-casino-eco.com,gambling
rox-casino-ecofest.com,gambling
rox-casino-ecofest.top,gambling
rox-casino-ed.com,gambling
rox-casino-env.com,gambling
rox-casino-fsk.com,gambling
rox-casino-future.top,gambling
rox-casino-galaxy.com,gambling
rox-casino-gallery.com,gambling
rox-casino-gamer.top,gambling
rox-casino-games.com,gambling
rox-casino-games.top,gambling
rox-casino-grill-34.com,gambling
rox-casino-grill-34.ru,gambling
rox-casino-happy.ru,gambling
rox-casino-happy.top,gambling
rox-casino-help.com,gambling
rox-casino-hsefest.top,gambling
rox-casino-ice.com,gambling
rox-casino-jourhack.com,gambling
rox-casino-kks.com,gambling
rox-casino-kks.top,gambling
rox-casino-klin.top,gambling
rox-casino-konksites.com,gambling
rox-casino-legpomfor.club,gambling
rox-casino-lm.com,gambling
rox-casino-mam.com,gambling
rox-casino-math.top,gambling
rox-casino-matvey.top,gambling
rox-casino-maxdez.com,gambling
rox-casino-maxdez.top,gambling
rox-casino-mcom.com,gambling
rox-casino-mers.ru,gambling
rox-casino-moibiz58.com,gambling
rox-casino-my.com,gambling
rox-casino-mybiz51.club,gambling
rox-casino-mybiz51.top,gambling
rox-casino-new1.ru,gambling
rox-casino-no9.fun,gambling
rox-casino-online.top,gambling
rox-casino-oprosr.top,gambling
rox-casino-orp.top,gambling
rox-casino-phenix.top,gambling
rox-casino-phoenix.top,gambling
rox-casino-pil.top,gambling
rox-casino-pil1.top,gambling
rox-casino-play.com,gambling
rox-casino-potline.top,gambling
rox-casino-primm.com,gambling
rox-casino-puz.top,gambling
rox-casino-pvb.ru,gambling
rox-casino-race25.com,gambling
rox-casino-rcdk73.com,gambling
rox-casino-river-ph.top,gambling
rox-casino-rmw.com,gambling
rox-casino-rmw.top,gambling
rox-casino-ros.top,gambling
rox-casino-save-fr.com,gambling
rox-casino-site2009.top,gambling
rox-casino-slada1t.com,gambling
rox-casino-slot.com,gambling
rox-casino-slots.vip,gambling
rox-casino-smalldance.club,gambling
rox-casino-sport.com,gambling
rox-casino-star.com,gambling
rox-casino-stars.top,gambling
rox-casino-stolica.ru,gambling
rox-casino-summit.com,gambling
rox-casino-tasty.top,gambling
rox-casino-tech.ru,gambling
rox-casino-trix.fun,gambling
rox-casino-vdelefor.com,gambling
rox-casino-vip2.club,gambling
rox-casino-vip4.club,gambling
rox-casino-vip5.club,gambling
rox-casino-vklamm.top,gambling
rox-casino-vote.top,gambling
rox-casino-vyz.top,gambling
rox-casino-win.com,gambling
rox-casino-world.com,gambling
rox-casino-xx-x.club,gambling
rox-casino-youth.com,gambling
rox-casino.art,gambling
rox-casino.best,gambling
rox-casino.bid,gambling
rox-casino.com.kz,gambling
rox-casino.live,gambling
rox-casino.net.ua,gambling
rox-casino1.ru,gambling
rox-casino232.com,gambling
rox-casino232.top,gambling
rox-casino28g.ru,gambling
rox-casino42.com,gambling
rox-casino43.com,gambling
rox-casino55i.ru,gambling
rox-casino56r.ru,gambling
rox-casino69y.ru,gambling
rox-casino72.com,gambling
rox-casino72.top,gambling
rox-casino74v.ru,gambling
rox-casino83x.ru,gambling
rox-casinomr19.top,gambling
rox-casinomr20.top,gambling
rox-casinomr21.ru,gambling
rox-casinomr21.top,gambling
rox-casinomr22.ru,gambling
rox-casinos.pro,gambling
rox-casinos.win,gambling
rox-casinos1.win,gambling
rox-rox-casino.com,gambling
rox-roxcasino.top,gambling
rox-top-casinos10.ru,gambling
rox-top-casinos10.top,gambling
rox-top-casinos7.top,gambling
rox-top-casinos8.top,gambling
roxcasino-0101.top,gambling
roxcasino-0102.top,gambling
roxcasino-0103.top,gambling
roxcasino-0104.top,gambling
roxcasino-0105.top,gambling
roxcasino-130.com,gambling
roxcasino-2022.club,gambling
roxcasino-2023.com,gambling
roxcasino-24club8.club,gambling
roxcasino-367.com,gambling
roxcasino-368.com,gambling
roxcasino-3dv.ru,gambling
roxcasino-413.ru,gambling
roxcasino-414.ru,gambling
roxcasino-415.ru,gambling
roxcasino-555.ru,gambling
roxcasino-add.com,gambling
roxcasino-add.ru,gambling
roxcasino-add2.ru,gambling
roxcasino-add3.ru,gambling
roxcasino-artbrut.com,gambling
roxcasino-artbrut3.top,gambling
roxcasino-artcha.com,gambling
roxcasino-aut.ru,gambling
roxcasino-autogir10.club,gambling
roxcasino-autogir11.club,gambling
roxcasino-autogir12.top,gambling
roxcasino-autogir13.top,gambling
roxcasino-autogir14.top,gambling
roxcasino-autogir15.top,gambling
roxcasino-bal.top,gambling
roxcasino-bezram1t.com,gambling
roxcasino-bezramt2.top,gambling
roxcasino-bezramt3.top,gambling
roxcasino-big13.ru,gambling
roxcasino-big13.top,gambling
roxcasino-big14.ru,gambling
roxcasino-big14.top,gambling
roxcasino-blago.com,gambling
roxcasino-blokev.com,gambling
roxcasino-blokev.ru,gambling
roxcasino-bmw.ru,gambling
roxcasino-bor.top,gambling
roxcasino-brosejch.com,gambling
roxcasino-brosejch.top,gambling
roxcasino-brosejch.win,gambling
roxcasino-camp.com,gambling
roxcasino-camp10.club,gambling
roxcasino-camp11.club,gambling
roxcasino-camp12.club,gambling
roxcasino-camp12.ru,gambling
roxcasino-camp7.club,gambling
roxcasino-camp8.club,gambling
roxcasino-camp9.club,gambling
roxcasino-caviste3.top,gambling
roxcasino-cctv.top,gambling
roxcasino-cctv3.top,gambling
roxcasino-cctv4.top,gambling
roxcasino-cctv8.top,gambling
roxcasino-chmt.top,gambling
roxcasino-chmt2.top,gambling
roxcasino-cii.com,gambling
roxcasino-cii.top,gambling
roxcasino-cii3.top,gambling
roxcasino-cii4.top,gambling
roxcasino-cros.club,gambling
roxcasino-cros.com,gambling
roxcasino-cros1.club,gambling
roxcasino-cros10.top,gambling
roxcasino-cros14.top,gambling
roxcasino-cros3.top,gambling
roxcasino-cros4.top,gambling
roxcasino-cros5.top,gambling
roxcasino-cros6.com,gambling
roxcasino-cros7.top,gambling
roxcasino-cros8.top,gambling
roxcasino-cros9.top,gambling
roxcasino-csu1.ru,gambling
roxcasino-csu2.ru,gambling
roxcasino-csu3.ru,gambling
roxcasino-cub.com,gambling
roxcasino-dad.com,gambling
roxcasino-dad3.fun,gambling
roxcasino-dag.com,gambling
roxcasino-dag.ru,gambling
roxcasino-dag1.club,gambling
roxcasino-dag2.ru,gambling
roxcasino-dag2.top,gambling
roxcasino-dance.top,gambling
roxcasino-dhsh2.com,gambling
roxcasino-dokm7.top,gambling
roxcasino-dokm74.ru,gambling
roxcasino-dokm8.top,gambling
roxcasino-dom.com,gambling
roxcasino-ecofest.top,gambling
roxcasino-eir21.club,gambling
roxcasino-eir21.com,gambling
roxcasino-eir21.top,gambling
roxcasino-endo.top,gambling
roxcasino-esl.top,gambling
roxcasino-ex.com,gambling
roxcasino-expo.com,gambling
roxcasino-expo.ru,gambling
roxcasino-expo1.ru,gambling
roxcasino-fest.com,gambling
roxcasino-fr.com,gambling
roxcasino-fr.ru,gambling
roxcasino-fr.top,gambling
roxcasino-fr1.top,gambling
roxcasino-fr2.top,gambling
roxcasino-fr3.top,gambling
roxcasino-frost.com,gambling
roxcasino-frost.ru,gambling
roxcasino-frost1.ru,gambling
roxcasino-frost2.ru,gambling
roxcasino-future.com,gambling
roxcasino-future.top,gambling
roxcasino-gallery.top,gambling
roxcasino-gallery2.top,gambling
roxcasino-gamer.top,gambling
roxcasino-games.click,gambling
roxcasino-get2.com,gambling
roxcasino-gto.win,gambling
roxcasino-gto1.win,gambling
roxcasino-happy.ru,gambling
roxcasino-happy.top,gambling
roxcasino-ice.top,gambling
roxcasino-invest.com,gambling
roxcasino-istoki.com,gambling
roxcasino-istoki.top,gambling
roxcasino-it.com,gambling
roxcasino-it3.top,gambling
roxcasino-it4.top,gambling
roxcasino-khim1t.com,gambling
roxcasino-klin.top,gambling
roxcasino-kray.com,gambling
roxcasino-kray.top,gambling
roxcasino-log.com,gambling
roxcasino-mam.com,gambling
roxcasino-master.com,gambling
roxcasino-master.top,gambling
roxcasino-mc1.ru,gambling
roxcasino-mcom.top,gambling
roxcasino-mega.com,gambling
roxcasino-mentor2.top,gambling
roxcasino-mentor3.top,gambling
roxcasino-met1.ru,gambling
roxcasino-min.top,gambling
roxcasino-min1.top,gambling
roxcasino-moscow.com,gambling
roxcasino-ms11.club,gambling
roxcasino-ms12.club,gambling
roxcasino-ms13.top,gambling
roxcasino-ms14.top,gambling
roxcasino-ms15.top,gambling
roxcasino-msafetyweek.top,gambling
roxcasino-nacproject.com,gambling
roxcasino-nacproject.top,gambling
roxcasino-nash.com,gambling
roxcasino-nhp.com,gambling
roxcasino-nhp.top,gambling
roxcasino-nhp2.top,gambling
roxcasino-nhp3.top,gambling
roxcasino-notmagic.com,gambling
roxcasino-nsk.com,gambling
roxcasino-nsk.top,gambling
roxcasino-nv2.top,gambling
roxcasino-odin10.club,gambling
roxcasino-odin7.club,gambling
roxcasino-official.xyz,gambling
roxcasino-officials2.win,gambling
roxcasino-officials3.win,gambling
roxcasino-online.club,gambling
roxcasino-online.win,gambling
roxcasino-oprosrod.top,gambling
roxcasino-orange.com,gambling
roxcasino-orp.top,gambling
roxcasino-oz.com,gambling
roxcasino-oz.top,gambling
roxcasino-pay.ru,gambling
roxcasino-phenix.top,gambling
roxcasino-plastyk.top,gambling
roxcasino-play.top,gambling
roxcasino-pob.top,gambling
roxcasino-pobediteli.club,gambling
roxcasino-pobediteli.com,gambling
roxcasino-poh7.ru,gambling
roxcasino-poh7.top,gambling
roxcasino-poh8.ru,gambling
roxcasino-poh9.ru,gambling
roxcasino-pr.com,gambling
roxcasino-pr.ru,gambling
roxcasino-pr.top,gambling
roxcasino-pr1.ru,gambling
roxcasino-pr2.ru,gambling
roxcasino-pr3.ru,gambling
roxcasino-prik4.top,gambling
roxcasino-prik5.top,gambling
roxcasino-prod.top,gambling
roxcasino-puz.top,gambling
roxcasino-pvb.top,gambling
roxcasino-qsystem.ru,gambling
roxcasino-ramz.top,gambling
roxcasino-ree.com,gambling
roxcasino-ring.top,gambling
roxcasino-rins.ru,gambling
roxcasino-rins1.ru,gambling
roxcasino-rins2.ru,gambling
roxcasino-rins3.ru,gambling
roxcasino-rj.com,gambling
roxcasino-ros.com,gambling
roxcasino-ros.top,gambling
roxcasino-rosb.top,gambling
roxcasino-rost.ru,gambling
roxcasino-rost.top,gambling
roxcasino-rost1.top,gambling
roxcasino-rost2.top,gambling
roxcasino-rost3.top,gambling
roxcasino-rs10.top,gambling
roxcasino-rs11.top,gambling
roxcasino-rs7.top,gambling
roxcasino-rs8.top,gambling
roxcasino-rs9.top,gambling
roxcasino-sib.com,gambling
roxcasino-sib.top,gambling
roxcasino-sib1.top,gambling
roxcasino-site2009.com,gambling
roxcasino-site2009.lol,gambling
roxcasino-sjd.com,gambling
roxcasino-sjd.ru,gambling
roxcasino-sjd1.top,gambling
roxcasino-sjd2.top,gambling
roxcasino-sjd3.top,gambling
roxcasino-skoda.top,gambling
roxcasino-skp.top,gambling
roxcasino-skp4.top,gambling
roxcasino-skup.com,gambling
roxcasino-skup.ru,gambling
roxcasino-slot.com,gambling
roxcasino-slot.top,gambling
roxcasino-slots.click,gambling
roxcasino-slots.com,gambling
roxcasino-space.club,gambling
roxcasino-space.top,gambling
roxcasino-space2.top,gambling
roxcasino-staff.com,gambling
roxcasino-staff1.top,gambling
roxcasino-stars.com,gambling
roxcasino-stars.top,gambling
roxcasino-ster.com,gambling
roxcasino-ster2.top,gambling
roxcasino-ster3.top,gambling
roxcasino-stosa11.top,gambling
roxcasino-stosa12.top,gambling
roxcasino-stosa8.club,gambling
roxcasino-stosa9.top,gambling
roxcasino-svadba.top,gambling
roxcasino-svadba5.top,gambling
roxcasino-sy.com,gambling
roxcasino-syktyv.com,gambling
roxcasino-system10.top,gambling
roxcasino-system9.top,gambling
roxcasino-tech.ru,gambling
roxcasino-technopark.com,gambling
roxcasino-ter.top,gambling
roxcasino-together.com,gambling
roxcasino-together.top,gambling
roxcasino-trad.com,gambling
roxcasino-trad2.club,gambling
roxcasino-trad3.top,gambling
roxcasino-trad4.top,gambling
roxcasino-trad5.top,gambling
roxcasino-ukr.com.ua,gambling
roxcasino-usad.com,gambling
roxcasino-usad10.com,gambling
roxcasino-usad11.com,gambling
roxcasino-usad6.top,gambling
roxcasino-usad7.top,gambling
roxcasino-usad8.com,gambling
roxcasino-usad9.com,gambling
roxcasino-vell3.top,gambling
roxcasino-vell61t.com,gambling
roxcasino-ver1.ru,gambling
roxcasino-viki.com,gambling
roxcasino-viki.top,gambling
roxcasino-vklamm.top,gambling
roxcasino-voice.com,gambling
roxcasino-votel.top,gambling
roxcasino-votely.com,gambling
roxcasino-votely.top,gambling
roxcasino-win.ru,gambling
roxcasino-wins.ru,gambling
roxcasino-x2.top,gambling
roxcasino-x3.top,gambling
roxcasino-x4.top,gambling
roxcasino-x5.top,gambling
roxcasino-xes.top,gambling
roxcasino-yisg.com,gambling
roxcasino-yisg.top,gambling
roxcasino-zieg.com,gambling
roxcasino-zubastik.com,gambling
roxcasino.bid,gambling
roxcasino.biz,gambling
roxcasino.in.ua,gambling
roxcasino.one,gambling
roxcasino.win,gambling
roxcasino.world,gambling
roxcasino1084.com,gambling
roxcasino111.net,gambling
roxcasino1458.com,gambling
roxcasino1472.com,gambling
roxcasino1486.com,gambling
roxcasino1496.com,gambling
roxcasino1512.xyz,gambling
roxcasino17.com,gambling
roxcasino1738.xyz,gambling
roxcasino215.com,gambling
roxcasino23-win.win,gambling
roxcasino24pro.com,gambling
roxcasino24pro10.club,gambling
roxcasino24pro11.club,gambling
roxcasino24pro21.ru,gambling
roxcasino288.com,gambling
roxcasino2950.xyz,gambling
roxcasino2951.xyz,gambling
roxcasino2961.com,gambling
roxcasino3046.com,gambling
roxcasino3054.com,gambling
roxcasino3098.com,gambling
roxcasino3577.com,gambling
roxcasino3578.com,gambling
roxcasino3579.com,gambling
roxcasino3580.com,gambling
roxcasino359.xyz,gambling
roxcasino361.xyz,gambling
roxcasino370.com,gambling
roxcasino4022.com,gambling
roxcasino4032.com,gambling
roxcasino4036.com,gambling
roxcasino4045.com,gambling
roxcasino4051.com,gambling
roxcasino4060.com,gambling
roxcasino477.com,gambling
roxcasino69.ru,gambling
roxcasino7.ru,gambling
roxcasino743.com,gambling
roxcasino764.ru,gambling
roxcasino777.com.kz,gambling
roxcasino999.ru,gambling
roxcasinocctv3.top,gambling
roxcasinocctv4.top,gambling
roxcasinocctv5.top,gambling
roxcasinocctv6.top,gambling
roxcasinocctv7.ru,gambling
roxcasinoclub.ru,gambling
roxcasinoclub1.ru,gambling
roxcasinocom.com,gambling
roxcasinoignat14.top,gambling
roxcasinoignat16.top,gambling
roxcasinoignat17.ru,gambling
roxcasinoignat18.ru,gambling
roxcasinoigratonline.ru,gambling
roxcasinoincity.ru,gambling
roxcasinoinksho10.ru,gambling
roxcasinoinksho7.top,gambling
roxcasinoinksho9.top,gambling
roxcasinokz.kz,gambling
roxcasinonep3.top,gambling
roxcasinonep4.top,gambling
roxcasinontr-1t.com,gambling
roxcasinontr3.top,gambling
roxcasinontr4.top,gambling
roxcasinontr5.top,gambling
roxcasinoo.com,gambling
roxcasinoo.info,gambling
roxcasinoo.org,gambling
roxcasinoofficial.xyz,gambling
roxcasinoofficial2.top,gambling
roxcasinoofficial2.win,gambling
roxcasinoofficial3.win,gambling
roxcasinoofficial9.win,gambling
roxcasinoru.net,gambling
roxcasinos-book7.top,gambling
roxcasinos-book8.top,gambling
roxcasinos-book9.top,gambling
roxcasinos-pro10.top,gambling
roxcasinos-pro11.top,gambling
roxcasinos-pro17.ru,gambling
roxcasinos.one,gambling
roxcasinosite.xyz,gambling
roxcasinosite5.win,gambling
roxcasinosite567.win,gambling
roxcasinotoday.top,gambling
roxcasinotoday1.top,gambling
roxcasinotoday2.top,gambling
roxcasinousd.ru,gambling
roxcasinovip6.com,gambling
roxcasinowin.club,gambling
roxcasinoz.top,gambling
roxcasinoz1.top,gambling
roxcasinoz2.top,gambling
roxkzcasino50.com,gambling
roxkzcasino61.com,gambling
roxkzcasino69.com,gambling
roxwincasino.ru,gambling
roxygambling.com,gambling
roxypalace.com,gambling
royal-casino.net,gambling
royal-casino.one,gambling
royal-casino.site,gambling
royal-casino.xyz,gambling
royal-flamingo-casino.com,gambling
royal-panda-casino.top,gambling
royal77casino.com,gambling
royal888-casino.me,gambling
royalacecasino.online,gambling
royalbet404.com,gambling
royalbet405.com,gambling
royalbet430.com,gambling
royalbet431.com,gambling
royalbet432.com,gambling
royalbet433.com,gambling
royalbet434.com,gambling
royalbet436.com,gambling
royalcaribbeanbet373.com,gambling
royalcasino.click,gambling
royalcasino.ro,gambling
royalcasino789.com,gambling
royalcasinoflash.com,gambling
royalcasinomasters.com,gambling
royalcasinomasters.online,gambling
royalcasinomm.com,gambling
royalcasinoplace.net,gambling
royalcasinoplay.com,gambling
royalcasinosg.com,gambling
royalcasinospin.com,gambling
royalcircleclub-casino.me,gambling
royalclubcasino.in,gambling
royalcryptocasino.com,gambling
royaleaglecasino.top,gambling
royaleshopbd.com,gambling
royalflushcasinos.com,gambling
royalflushervegas.com,gambling
royalfortunecasinos.com,gambling
royalkingcasinos.com,gambling
royallifecasino.shop,gambling
royalmostbetcasino.com,gambling
royalreels5casino.com,gambling
royalreelscasino.online,gambling
royalreelscasinoau.com,gambling
royalslots24.xyz,gambling
royalspincasino.com,gambling
royalstarscasino.com,gambling
royalvegas.com,gambling
royalvegascasino.ca,gambling
royalvegascasino.com,gambling
royalvegaspoker.com,gambling
roycecasino.site,gambling
royspins2.com,gambling
rs420.cjb.net,drugs
rs7sportscasino.in,gambling
rt66casino.com,gambling
rtbetcasino.com,gambling
rtbetcasino.net,gambling
rtbetslots.com,gambling
rtg-casinos-for-usa-players.com,gambling
rtgusaonlinecasinos.com,gambling
rtp-mpocasino7.xyz,gambling
rtp-mpocasino9.xyz,gambling
rtp9naga.s3.us-east-1.wasabisys.com,gambling
rtpakuratsnicasino.xyz,gambling
rtpkerangwin-1.cfd,gambling
rtpmegaaplay.site,gambling
rtpmukacasino.site,gambling
rtpsatset138ij.com,gambling
rtworldwide.com,gambling
ru1xslots-3340.ru,gambling
ruby-fortune-casino.nz,gambling
rubybet.com,gambling
rubyfortune.com,gambling
rubyroyal.com,gambling
rubyslots.net,gambling
rubyslotscasino.us,gambling
rucasino-x.com,gambling
rucasino.org,gambling
rucasino.top,gambling
rucasino10.xyz,gambling
rucasino2.top,gambling
rucasino3.top,gambling
rucasino4.top,gambling
rucasino5.top,gambling
ruletadecasinoonline.com,gambling
rumah-judi.com,gambling
rumahtaruhan88.com,gambling
rumaxbet.ru,gambling
rummypokercasino.online,gambling
rus-casino.net,gambling
rus-casino.pro,gambling
rus-casinos.club,gambling
rus-casinos.net,gambling
ruseeds.com,drugs
rusgambling.com,gambling
rushbet.co,gambling
rushcasino.top,gambling
rushmoreonline.com,gambling
russiancasino.com,gambling
russiaonlinecasino.win,gambling
russiaonlinecasino3.win,gambling
russiaonlinecasino4.win,gambling
rustcasino.com,gambling
rusunmenang1.com,gambling
rvcasino.com,gambling
s-casino.net,gambling
s1xbet.ru,gambling
s5casino.ph,gambling
s5casino.top,gambling
s666casino.net,gambling
sa-casinot.com,gambling
sabongxcasino888.live,gambling
sacasino-888.com,gambling
sacasino.io,gambling
sacasino.me,gambling
sacasino.one,gambling
sacasino.plus,gambling
sacasino.top,gambling
sacasino.xyz,gambling
sacasino168.net,gambling
sacasinogames.org,gambling
sacasinolaos.com,gambling
sacasinos.co.za,gambling
sachicasino.com,gambling
safari-casino.com,gambling
safaricasino.com,gambling
safe-iplay.com,gambling
safeaucasinosonline.com,gambling
safebetcasinos.online,gambling
safecasino.xyz,gambling
safecasinofun.com,gambling
safecasinolist.com,gambling
safecasinoshub.com,gambling
safecasinosite.net,gambling
safecasinosnotongamstop.com,gambling
safecasinotips.com,gambling
safeonlinecasinos.org,gambling
safeonlinecasinos.ph,gambling
safestcasinosites.co.uk,gambling
safeworks.org,drugs
sagakingdom.com,gambling
sagambler.co.za,gambling
sagamingvip.casino,gambling
sagewisdom.org,drugs
sahabet-casino1.com,gambling
sahabetcasinogiris.com,gambling
sahadancasino159.com,gambling
saikaaa-casino.ru,gambling
saintvincentcasino.top,gambling
sajoo.fr,gambling
salam123scatter.vip,gambling
salamcasino-bn27.com,gambling
salamcasino-bn28.com,gambling
salamcasino-bn29.com,gambling
salamcasino-kz27.com,gambling
salamcasino-kz28.com,gambling
salamcasino-kz29.com,gambling
salamcasino-pk27.com,gambling
salamcasino-pk28.com,gambling
salamcasino-pk29.com,gambling
salamcasino-tr27.com,gambling
salamcasino-tr28.com,gambling
salamcasino-tr29.com,gambling
salamcasino-uz27.com,gambling
salamcasino-uz28.com,gambling
salamcasino-uz29.com,gambling
salegambling.com,gambling
salesfunnelslots.net,gambling
salixsostenible.com,gambling
saltandsmokekitchen.com,gambling
saltcasino.xyz,gambling
salvia-divinorum.nl,drugs
salviaonline.co.uk,drugs
samedaypayoutcasinos.com,gambling
samfarha.com,gambling
samilandcasino.uk,gambling
samo-fresh-casino.top,gambling
samosacasino.com,gambling
samosacasino.top,gambling
sampiyoncasino.com,gambling
samtheemt.com,gambling
sandiacasino.com,gambling
sandiegocasinonight.com,gambling
sanfelipecasino.com,gambling
santodaime.org,drugs
sapphirecasino.com,gambling
sapphirecasino.site,gambling
saramoorelive.com,gambling
saratogacasino.com,gambling
sarrafhospital.com,gambling
saserkangri.in,gambling
satrailersales.co.za,gambling
saturnblackjack.com,gambling
savoycasinogiris.com,gambling
sayaphcasino.com,gambling
saynocasino.org,gambling
sazkacasino.top,gambling
sbcasino.online,gambling
sbet-casino.me,gambling
sbobet.com,gambling
sc-casino.com,gambling
scahr.info,drugs
scarabetcasino.com,gambling
scarlettcasino.com,gambling
scarybingo.com,gambling
scasino.com,gambling
scasino88.shop,gambling
scasinofriend.us,gambling
scasinogame24k.us,gambling
scasinowheel.us,gambling
scatcasino.info,gambling
scatter-joycasino813.ru,gambling
scatterhallcasino.top,gambling
scatterwincasino.com,gambling
schmoo.co.uk,drugs
schweizcasino.online,gambling
schweizercasinoclub.com,gambling
schysstacasinon.se,gambling
scommessebetfair.it,gambling
scommesseequotenews.myblog.it,gambling
scoobybet.com,gambling
scorpion.casino,gambling
scotto.org,drugs
scppa.johnklein.net,gambling
scratch2cash.com,gambling
scratchmania-casino.be,gambling
scratchmania-casino.com,gambling
scratchmaniacasino.be,gambling
scream-casino.space,gambling
screamcasino.com,gambling
sdcasinos.com,gambling
searchbet.com,gambling
secret-casino-site.com,gambling
secretbarcasino.site,gambling
secretscasino.info,gambling
sector777casino.com,gambling
sector777casino7.com,gambling
secure-casinos.com,gambling
secure.gratorama.com,gambling
secureaucasinosonline.com,gambling
seedboutique.com,drugs
seeds-cannabis.com,drugs
seedsman.com,drugs
seedsman.fr,drugs
seedsupreme.com,drugs
seekcasino.info,gambling
seekercasino.info,gambling
sehatq.com,gambling
selectedcasinos.com,gambling
selectedgambling.com,gambling
selector-casino-game.fun,gambling
selector-casino-official.info,gambling
selector-casino.bike,gambling
selector-casino.cam,gambling
selector-casino.ltd,gambling
selector-casino.quest,gambling
selector-casino.work,gambling
selector-casino11.online,gambling
selector-casino12.online,gambling
selector245ggcasino.ru,gambling
selector285ggcasino.ru,gambling
selector291ggcasino.ru,gambling
selector297ggcasino.ru,gambling
selectorcasino-gjl.pics,gambling
selectorcasino-online.com,gambling
selectorcasino-online.info,gambling
selectorcasino-online.net,gambling
selectorcasino-online.org,gambling
selectorcasino-zerkalo.com,gambling
selectorcasinokz.org,gambling
selectorcasinos.click,gambling
selectyournextcasino.com,gambling
semangatjuang.com,gambling
semarangtogel.com,gambling
semi-casino.com,gambling
semilla-de-cannabis.com,drugs
seminolecoconutcreekcasino.com,gambling
seminoleimmokaleecasino.com,gambling
semka-casino1.ru,gambling
senangcasino-88.ink,gambling
senangcasino-88.lat,gambling
senangcasino-88.life,gambling
senangcasino-88.lol,gambling
senangcasino-88.vip,gambling
senangcasino-88.wiki,gambling
senatorcasino.top,gambling
senecaalleganycasino.com,gambling
senecacasinos.com,gambling
senecaniagaracasino.com,gambling
sensimilla.org,drugs
sensiseeds.com,drugs
seo.casino,gambling
seocasinos.com,gambling
seogamblings.com,gambling
seoul-lottery.com,gambling
septcasino.com,gambling
serbacasino.live,gambling
serbiatopcasino.com,gambling
seriesofpoker.net,gambling
serverkaya303.asia,gambling
sesame-casino.top,gambling
sesamecasino.online,gambling
sesamecasino.top,gambling
setmatecasino.com,gambling
setrabet613.com,gambling
setrabet615.com,gambling
setrabet616.com,gambling
setrabet617.com,gambling
setrabet618.com,gambling
setrabet619.com,gambling
setrabet620.com,gambling
setrabet621.com,gambling
setrabet622.com,gambling
setrabet623.com,gambling
setrabet624.com,gambling
setrabet625.com,gambling
setrabet626.com,gambling
setrabet627.com,gambling
setrabet628.com,gambling
setrabet629.com,gambling
setrabet630.com,gambling
setrabet631.com,gambling
sev-fresh-casino.com,gambling
sev-fresh-casino.ru,gambling
sev-fresh-casino.top,gambling
sev-freshcasino.ru,gambling
sev-freshcasino.top,gambling
sev4ifmxa.com,gambling
seven-bet-casino.me,gambling
seven-casino.me,gambling
seven-casino.ro,gambling
seven.casino,gambling
sevencasino.cyou,gambling
sevencasino.top,gambling
sevenslots-casino.click,gambling
sevenslots-casino.pro,gambling
sevenslots-casino.vip,gambling
sevenslots-casino.xyz,gambling
sexinity.com,drugs
sexy-livecasino.co,gambling
sexy-livecasino2024.online,gambling
sexybaccarats.co,gambling
sexycamcasino.com,gambling
sexycasino.one,gambling
sexycasino.plus,gambling
sexycasino.top,gambling
sexycasinoufabet.shop,gambling
sexygame1688o.com,gambling
sexygamingcasino.co,gambling
sexygold-lobbycasino.com,gambling
sexygold-logincasino.com,gambling
sg-casino.fr,gambling
sg-casino.ink,gambling
sg-casino.it,gambling
sg-onlinecasino.com,gambling
sg777-casino.me,gambling
sg777-casinoaa.com,gambling
sgcasino-login.de,gambling
sgcasino-online.com,gambling
sgcasino.ink,gambling
sgcasino1.com,gambling
sgcasino3.com,gambling
sgcasinologin.de,gambling
sgonlinecasinosingapore.xyz,gambling
sgptogel.com,gambling
sh-casino.com,gambling
shadowcasino.info,gambling
shadowcreekgolf.com,gambling
shadowcreekgolfcourse.com,gambling
shadowes.org,gambling
shaftesburycasino.co.uk,gambling
shambalacasino.top,gambling
shaneslots.com,gambling
sharkpokertour.com,gambling
sharkreef.com,gambling
sharkreef.net,gambling
sharkslotcasino.com,gambling
sharky-slots.com,gambling
shayanashop.com,drugs
shazam-casino.com,gambling
shazamcasino.com,gambling
shazamcasino.online,gambling
shazamcasino.top,gambling
shazamcasinoau1.com,gambling
shbetcasinoslot.site,gambling
shechocolat.com,gambling
sheetcasino.info,gambling
shemscasino.fr,gambling
shenzhen-lottery.com,gambling
sheseeds.yuku.com,drugs
shiftcasino.info,gambling
shootercasino.com,gambling
shoparia.com,gambling
shopee88casino.top,gambling
shopexcalibur.com,gambling
shopmgm.com,gambling
shopmgmdetroit.com,gambling
shopmirage.com,gambling
shopvdara.com,gambling
shotz-casino.com,gambling
shoutmixcasinos.com,gambling
showmecasinos.com,gambling
showmethecasinos.com,gambling
shreenpharma.co.in,gambling
shroomery.com,drugs
shroomery.org,drugs
shrooms.net,drugs
shuffle-casino-france.com,gambling
sieger.casino,gambling
siempreenlapomada.blogspot.com,gambling
sierragoldcasino.com,gambling
signaturemgmgrand.com,gambling
signup-bonus-casino.com,gambling
signup.casino,gambling
siirto-casino.top,gambling
silkroadlv.com,gambling
silver-casino.com,gambling
silver-casinox224.ru,gambling
silveredge-casino.com,gambling
silvermooncasino.com,gambling
silvernuggetcasino.com,gambling
silveroakcasino.com,gambling
silveroakcasinoreview.com,gambling
silverplaycasino.top,gambling
silversandscasino.co.za,gambling
silversandscasino.com,gambling
silverstarcasino.com,gambling
silvertoncasino.com,gambling
simongamble.com,gambling
simpacasino.com,gambling
simplecasino.click,gambling
simplecasino.net,gambling
simplecasino.online,gambling
simplecasino.top,gambling
simplecasinofinder.com,gambling
simplecasinos.co,gambling
simplecasinos.shop,gambling
simplesbet.com,gambling
simplyreactions.com,gambling
simppelicasino.top,gambling
sinera.org,gambling
singaporecasino.ltd,gambling
singaporepools.com,gambling
singbingo.com,gambling
sisal-casino.top,gambling
sisal.it,gambling
sisalcasino.top,gambling
sisportsbook.com,gambling
sistercasinos.org,gambling
sisucasino.top,gambling
site-bk-1xbet.ru,gambling
site-casino-playfortuna.online,gambling
site-de-blackjack.fr,gambling
site-grand-casino.online,gambling
sitedeapostas.com,gambling
siteleri-guvenilir-casino.com,gambling
sitepourjouer.com,gambling
siteslikecasino.uk,gambling
situsagenjudi.com,gambling
situscasinocuan.biz,gambling
situscasinocuan.info,gambling
situsmaincasinoonline.online,gambling
situspokeranda.com,gambling
situspokeronline.co,gambling
situstaruhan.com,gambling
situstogelonline.com,gambling
six6sbd-casino.com,gambling
skachat-1xbet-na-android.ru,gambling
skattefriacasino.se,gambling
skattefriacasinos.se,gambling
skeletongamblers.com,gambling
skiblackjack.ca,gambling
skiblackjack.com,gambling
skill7.com,gambling
skillcasino.pro,gambling
skrill-casinos.com,gambling
skrill.com,gambling
skrillcasino-de.top,gambling
skrillcasino-ru.top,gambling
skrillcasino-us.top,gambling
skrillcasino.se,gambling
skrillcasinos-uk.top,gambling
skrillcasinos.nz,gambling
skunked.co.uk,drugs
sky-casino-uk.com,gambling
skybet.com,gambling
skybook.com,gambling
skycasino.com,gambling
skycitycasino.com,gambling
skycrowncasino1.com,gambling
skycrowncasinoca.top,gambling
skycrowncasinos.com,gambling
skycrowns-casino.com,gambling
skyhighslots.com,gambling
skykingcasinos.com,gambling
skykingscasino.com,gambling
skyloft.co.in,gambling
skylofthotel.ma,gambling
skyloftresort.ae,gambling
skyloftresort.ma,gambling
skylofts.co.in,gambling
skylofts.com,gambling
skylofts.ma,gambling
skyloftsatmgm.com,gambling
skyloftsatmgmgrand.com,gambling
skyloftsatmgmgrandlasvegas.com,gambling
skyloftsatmgmgrandlv.com,gambling
skyloftsatmgmlasvegas.com,gambling
skyloftsatmgmlv.com,gambling
skyloftshotel.com,gambling
skyloftslasvegas.com,gambling
skyloftslv.com,gambling
skyloftsmgm.com,gambling
skyloftsmgmgrand.com,gambling
skyloftsresort.ru,gambling
skytowersportsbook.com,gambling
skyutecasino.com,gambling
sl0tozalcasino.com,gambling
sl0tv-casino.com,gambling
sl0tvcasino.co,gambling
sl0tvcasinobest.com,gambling
slacocasino.com,gambling
slimalcasinoslotpoker.shop,gambling
sloleucasinopoker.site,gambling
slot-casino-rede.com,gambling
slot-casino-siteleri1.com,gambling
slot-casino.cc,gambling
slot-casino.me,gambling
slot-casino.vip,gambling
slot-casinos.win,gambling
slot-palace-casino.es,gambling
slot-v-casino.top,gambling
slot-v-casino24.fun,gambling
slot-v-casino24.top,gambling
slot-v-casino25.top,gambling
slot-v-casino26.top,gambling
slot-v-casino27.top,gambling
slot-v-casinov.com,gambling
slot-v.rocks,gambling
slot-vin-casino.me,gambling
slot-vip-casino.me,gambling
slot42.casino,gambling
slot77casino.com,gambling
slotacasinomn.com,gambling
slotahoy.com,gambling
slotandcasinos.org,gambling
slotcasino-x.ru,gambling
slotcasino.cl,gambling
slotcasinocanada.ca,gambling
slotcasinoeutro.online,gambling
slotcasinositeleri2024.com,gambling
slotclub-casinos.com,gambling
slotcrazy.com,gambling
slotdecasino.us,gambling
slotdecasino.xyz,gambling
slotdemocasino.online,gambling
slotdwcasino.xyz,gambling
slotdwcasino8.us,gambling
slotgamble.xyz,gambling
slotgamble247.biz,gambling
slotgamble247.com,gambling
slotgamble247.org,gambling
slothuntercasino.top,gambling
sloti-casino.club,gambling
sloti-casino.com,gambling
sloti-casino.net,gambling
sloti-casinos.net,gambling
sloti-casinos.pro,gambling
sloti-casinos.win,gambling
sloticacasino.net,gambling
slotifiedcasino.com,gambling
slotigamble247.xyz,gambling
slotilda.de,gambling
slotildacasino.top,gambling
slotis-casino.net,gambling
slotis-casino.pro,gambling
slotis-casino.win,gambling
slotis-casinos.net,gambling
slotis-casinos.win,gambling
slotkingdomcasino.com,gambling
slotland-mobile-casino.com,gambling
slotlandcasino.net,gambling
slotmacau188daftar.today,gambling
slotmachine-slots-games.com,gambling
slotmachineaamsecasino.com,gambling
slotmadnesscampaign.com,gambling
slotmadnesscasino.info,gambling
slotmagiecasino.de,gambling
slotmancasinos.shop,gambling
slotmonster-casino.co.uk,gambling
sloto-zal-casino.net,gambling
slotocash.im,gambling
slotocashmobilecasino.com,gambling
slotoking-casino.net,gambling
slotoland-casino.com.ua,gambling
slotonauts.org,gambling
slotonautscasino.com,gambling
slotonlinebitcasinosonline.com,gambling
slotorcasino.top,gambling
slotorocasino.com,gambling
slotozal-casino.best,gambling
slotozal-casino.bid,gambling
slotozal-casino.buzz,gambling
slotozal-casino.click,gambling
slotozal-casino.club,gambling
slotozal-casino.co,gambling
slotozal-casino.net,gambling
slotozal-casino.one,gambling
slotozal-casino.top,gambling
slotozal-casino11.buzz,gambling
slotozal-casino13.buzz,gambling
slotozal-casino14.buzz,gambling
slotozal-casino15.buzz,gambling
slotozal-sky.ru,gambling
slotozal786.ru,gambling
slotozal806.ru,gambling
slotozalcasino.co,gambling
slotozalcasino.com,gambling
slotozalcasino.net,gambling
slotozalcasino.org,gambling
slotozalcasinoz.online,gambling
slotozencasino.top,gambling
slotpalace-casino.es,gambling
slotplanetcasino.online,gambling
slotquestcasino.info,gambling
slotranch.com,gambling
slotrendicasino.shop,gambling
slots-1xslots836.ru,gambling
slots-a.cyou,gambling
slots-casino-jogo.com,gambling
slots-casino-rede.com,gambling
slots-empire-casino.com,gambling
slots-free-spins.com,gambling
slots-fresh-casino.ru,gambling
slots-fresh-casino.top,gambling
slots-freshcasino.ru,gambling
slots-freshcasino.top,gambling
slots-garden.com,gambling
slots-info.com,gambling
slots-jogo.com,gambling
slots-kasino.com,gambling
slots-machine-games88.com,gambling
slots-map.com,gambling
slots-o-rama.com,gambling
slots-onlinecasinos.com,gambling
slots-planet.com,gambling
slots-plus.us,gambling
slots-v.net,gambling
slots-v.site,gambling
slots.ch,gambling
slots.express,gambling
slots.lat,gambling
slots21.com,gambling
slots33.link,gambling
slots33myr.com,gambling
slots500.com,gambling
slots777.casino,gambling
slots777.net.ph,gambling
slots777casino.ph,gambling
slotsalot.net,gambling
slotsandcasino.ag,gambling
slotsaneka.com,gambling
slotscalendar.org.uk,gambling
slotscapital.lv,gambling
slotscapitaljackpots.com,gambling
slotscasin.com,gambling
slotscasino.pro,gambling
slotscasinodanmark.dk,gambling
slotscasinos.club,gambling
slotscazino.xyz,gambling
slotscitycasino.com,gambling
slotscitycasinoonline.com,gambling
slotsee.cl,gambling
slotsee.gr,gambling
slotsempire.online,gambling
slotsformoney.com,gambling
slotsfree.club,gambling
slotsgallery1.com,gambling
slotsgalleryau.com,gambling
slotsgalore.com,gambling
slotsguide.se,gambling
slotsguiden.dk,gambling
slotshub.io,gambling
slotsinfernonodeposit.com,gambling
slotsite.com,gambling
slotsitesuk.co.uk,gambling
slotsklikbets.com,gambling
slotslovers.org,gambling
slotsmaven.com,gambling
slotsmaxbet.ru,gambling
slotsmegacasino.com,gambling
slotsmegacasino.online,gambling
slotsmeta.in,gambling
slotsmobile.com,gambling
slotsocashpots.net,gambling
slotsofdenmark.com,gambling
slotsoffun.net,gambling
slotsoffuns.com,gambling
slotsofvegascasino.us,gambling
slotsource.co.uk,gambling
slotsource.ie,gambling
slotspalace1.com,gambling
slotspaladinecasino.site,gambling
slotspilot.com,gambling
slotsplaycasino.shop,gambling
slotsplus.info,gambling
slotsproplay88.com,gambling
slotsproplay88.site,gambling
slotsquad.tv,gambling
slotsrank.com,gambling
slotss.info,gambling
slotstarscasino.online,gambling
slotstat.net,gambling
slotstipper.com,gambling
slotstube.pl,gambling
slotsup.com,gambling
slotsvegascampaign.com,gambling
slotsweepstake.com,gambling
slotswin.xyz,gambling
slotswin77.org,gambling
slotswinscasino.net,gambling
slotswise.com,gambling
slotszar.co.za,gambling
slottica-casino-app.xyz,gambling
slottica-casino-bonus.pl,gambling
slottica-casino-kz.com,gambling
slottica-casino-online.pl,gambling
slottica-casino.cl,gambling
slottica-casino.top,gambling
slottica-casino.win,gambling
slottica-casino1.com,gambling
slottica-casino1.net,gambling
slottica-casino1.su,gambling
slottica-casinos.top,gambling
slotticacasino-pl.top,gambling
slotticacasino.cl,gambling
slotticacasino.net,gambling
slotticacasino.top,gambling
slotticacasino1.com,gambling
slotticacasino1.net,gambling
slotticacasino1.su,gambling
slotticacasino2.com,gambling
slotticacasino3.com,gambling
slottywaycasino.org,gambling
slottywaycasino.pl,gambling
slottywaycasino.top,gambling
slotufabetcasinotos.site,gambling
slotv-casino24.ru,gambling
slotv-news.club,gambling
slotvcasino.club,gambling
slotvcasino.email,gambling
slotvcasino.pw,gambling
slotvip-casino.me,gambling
slotvonline.org,gambling
slotxocasinoscorp.com,gambling
slotxocasinosdc.com,gambling
slotxogardenacasinos.com,gambling
slotxosilverstatecasinos.com,gambling
sloty-casino-x.rocks,gambling
sloty-casino.net,gambling
slotycasino.biz,gambling
slotycasino.info,gambling
slotycasino.org,gambling
slovakiancasinos.com,gambling
slovakiasocialcasino.com,gambling
sloveniancasino.com,gambling
slovenskeonlinecasino.com,gambling
slowcasino.com,gambling
sluecasino.com,gambling
smart-drugs.net,drugs
smartcasino.jp,gambling
smartcasinoguide.com,gambling
smartcasinos.co,gambling
smena-rox-casino.com,gambling
smitecasino.info,gambling
smokersguide.com,drugs
smokingweedblog.com,drugs
smokingwithstyle.com,drugs
smscasino-sk.top,gambling
smscasino.org,gambling
smsvkladcasino.top,gambling
snabbacasinon.net,gambling
snabbare.com,gambling
snabbarecasino.top,gambling
snabbarecasinobonus.com,gambling
snabbcasino.se,gambling
snabbiscasino.se,gambling
snai.it,gambling
snaicasino.top,gambling
snatchcasino10.com,gambling
snatchcasino11.com,gambling
snatchcasino12.com,gambling
snatchcasino13.com,gambling
snatchcasino3.eu,gambling
snatchcasino4.com,gambling
snatchcasino4.eu,gambling
snatchcasino5.eu,gambling
snatchcasino6.eu,gambling
snatchcasino7.eu,gambling
snatchcasino8.com,gambling
snicasino.id,gambling
snicasino.in,gambling
snipersparadise.com,dangerous_material
snocasino.com,gambling
snowfella-modworks.com,dangerous_material
soaringeaglecasino.com,gambling
socanadiancasino.com,gambling
soccerbetting.info,gambling
soccercasino.online,gambling
soccergamblers.com,gambling
soccertipsking.com,gambling
socialcasinobonus.com,gambling
socialcasinocrazeplay.com,gambling
socialcasinoeshub.com,gambling
socialcasinofinder.com,gambling
socialcasinoguru.us,gambling
socialcasinoin.com,gambling
socialcasinoind.com,gambling
socialcasinomc.com,gambling
socialcasinomobile.com,gambling
socialcasinoplace.shop,gambling
socialcasinopuntata.com,gambling
socialcasinoreale.com,gambling
socialcasinovirtuale.com,gambling
socialcasinoworld.shop,gambling
socialgamblegalaxy.com,gambling
socialredcasino.com,gambling
society.gg,gambling
sodo66casino.com,gambling
sodocasino.co,gambling
sodocasino.fun,gambling
sodocasino.info,gambling
sodocasino.ltd,gambling
sodocasino.space,gambling
sodocasino68z.com,gambling
sofascore.com,gambling
sofortcasino-de.top,gambling
soft-casino.net,gambling
softcasinobet.com,gambling
softgamings.com,gambling
sol--casino.ru,gambling
sol--casino.site,gambling
sol-casino--cybercup.club,gambling
sol-casino-1000.com,gambling
sol-casino-1000.ru,gambling
sol-casino-1000.top,gambling
sol-casino-125.com,gambling
sol-casino-125.top,gambling
sol-casino-127.top,gambling
sol-casino-2023.club,gambling
sol-casino-23.com,gambling
sol-casino-23.top,gambling
sol-casino-45.club,gambling
sol-casino-afisha.com,gambling
sol-casino-afisha.top,gambling
sol-casino-an.top,gambling
sol-casino-an1.top,gambling
sol-casino-anat.top,gambling
sol-casino-anatomia.com,gambling
sol-casino-aren.com,gambling
sol-casino-aren.top,gambling
sol-casino-asia1.ru,gambling
sol-casino-asia2.ru,gambling
sol-casino-bdd-eor.club,gambling
sol-casino-bdd-eor.top,gambling
sol-casino-blockchain.com,gambling
sol-casino-carg.com,gambling
sol-casino-centr.com,gambling
sol-casino-centr.lol,gambling
sol-casino-centr.top,gambling
sol-casino-centr1.lol,gambling
sol-casino-chi.com,gambling
sol-casino-chi.ru,gambling
sol-casino-club.com,gambling
sol-casino-club.top,gambling
sol-casino-club1.top,gambling
sol-casino-corind.top,gambling
sol-casino-cvao.com,gambling
sol-casino-dedicate.top,gambling
sol-casino-dedicatedserv.club,gambling
sol-casino-dedicatedserv.com,gambling
sol-casino-divo.top,gambling
sol-casino-divoru.com,gambling
sol-casino-dobro.com,gambling
sol-casino-dobro.top,gambling
sol-casino-dohod.club,gambling
sol-casino-dyushas.com,gambling
sol-casino-eosm.club,gambling
sol-casino-eosm.com,gambling
sol-casino-eosm.top,gambling
sol-casino-eosm1.top,gambling
sol-casino-eskimo.com,gambling
sol-casino-evolution.com,gambling
sol-casino-evolution.top,gambling
sol-casino-family.com,gambling
sol-casino-family.top,gambling
sol-casino-family1.top,gambling
sol-casino-fan.com,gambling
sol-casino-fan1.top,gambling
sol-casino-fan2.top,gambling
sol-casino-fintest.top,gambling
sol-casino-fintest1.top,gambling
sol-casino-fordmi.top,gambling
sol-casino-fordmitr.com,gambling
sol-casino-fordmitr.ru,gambling
sol-casino-fordmitr.top,gambling
sol-casino-forum.club,gambling
sol-casino-frcw.com,gambling
sol-casino-frcw.top,gambling
sol-casino-frcw1.top,gambling
sol-casino-frcw2.top,gambling
sol-casino-game.top,gambling
sol-casino-game.win,gambling
sol-casino-games.click,gambling
sol-casino-games.top,gambling
sol-casino-gg2.club,gambling
sol-casino-gg3.club,gambling
sol-casino-gg4.club,gambling
sol-casino-glreatless.com,gambling
sol-casino-golos.ru,gambling
sol-casino-grani.com,gambling
sol-casino-horosho.com,gambling
sol-casino-hurma.ru,gambling
sol-casino-hurma.top,gambling
sol-casino-ip.ru,gambling
sol-casino-ist38.top,gambling
sol-casino-istsoc38.com,gambling
sol-casino-istsoc38.top,gambling
sol-casino-kalug.com,gambling
sol-casino-kazvelo.com,gambling
sol-casino-kazvelo.top,gambling
sol-casino-keds.top,gambling
sol-casino-kedspb.top,gambling
sol-casino-kotel.top,gambling
sol-casino-krigel.top,gambling
sol-casino-leadman.ru,gambling
sol-casino-leadman.top,gambling
sol-casino-marafon.com,gambling
sol-casino-master.com,gambling
sol-casino-master.top,gambling
sol-casino-mcfda.top,gambling
sol-casino-mcfday.com,gambling
sol-casino-mcfday.top,gambling
sol-casino-moscow11.top,gambling
sol-casino-moscow118.ru,gambling
sol-casino-moscow12.top,gambling
sol-casino-moscow14.top,gambling
sol-casino-moscow15.top,gambling
sol-casino-moscow17.ru,gambling
sol-casino-mosf.top,gambling
sol-casino-mosfash.com,gambling
sol-casino-mosfash.top,gambling
sol-casino-mpr2020.com,gambling
sol-casino-msp.com,gambling
sol-casino-najamsk.com,gambling
sol-casino-nashed.top,gambling
sol-casino-nashede.top,gambling
sol-casino-nasheder.com,gambling
sol-casino-nasheder.top,gambling
sol-casino-nepark.com,gambling
sol-casino-ochag.com,gambling
sol-casino-ochag.top,gambling
sol-casino-official482.com,gambling
sol-casino-official489.club,gambling
sol-casino-official489.top,gambling
sol-casino-online.com,gambling
sol-casino-online.top,gambling
sol-casino-online2.top,gambling
sol-casino-online3.top,gambling
sol-casino-org.ru,gambling
sol-casino-play.com,gambling
sol-casino-plus.com,gambling
sol-casino-plus.top,gambling
sol-casino-pob2020.com,gambling
sol-casino-pob2020.top,gambling
sol-casino-pob2022.top,gambling
sol-casino-prem25.top,gambling
sol-casino-price.com,gambling
sol-casino-price.top,gambling
sol-casino-privc.club,gambling
sol-casino-privc.top,gambling
sol-casino-raz.com,gambling
sol-casino-razv.com,gambling
sol-casino-regalis.top,gambling
sol-casino-region.com,gambling
sol-casino-ru.com,gambling
sol-casino-ru.top,gambling
sol-casino-s.com,gambling
sol-casino-s.top,gambling
sol-casino-schit.top,gambling
sol-casino-schitay.top,gambling
sol-casino-sev.com,gambling
sol-casino-sevon.top,gambling
sol-casino-shchet.com,gambling
sol-casino-show.com,gambling
sol-casino-show.top,gambling
sol-casino-sib.com,gambling
sol-casino-sib.top,gambling
sol-casino-sib1.top,gambling
sol-casino-sib2.top,gambling
sol-casino-silkstar.com,gambling
sol-casino-site.com,gambling
sol-casino-skrug37.com,gambling
sol-casino-slex.com,gambling
sol-casino-slots.com,gambling
sol-casino-slots.top,gambling
sol-casino-slots1.top,gambling
sol-casino-smart.com,gambling
sol-casino-smart.top,gambling
sol-casino-smartv.ru,gambling
sol-casino-smartv.top,gambling
sol-casino-socforum.com,gambling
sol-casino-socforum.lol,gambling
sol-casino-socforum.top,gambling
sol-casino-south.top,gambling
sol-casino-south1.top,gambling
sol-casino-south2.top,gambling
sol-casino-south3.top,gambling
sol-casino-sp.top,gambling
sol-casino-sp1.top,gambling
sol-casino-sp2.top,gambling
sol-casino-sp3.top,gambling
sol-casino-space.top,gambling
sol-casino-spb-23.club,gambling
sol-casino-sponsev.top,gambling
sol-casino-sport.com,gambling
sol-casino-sport.top,gambling
sol-casino-sports.ru,gambling
sol-casino-sreda.com,gambling
sol-casino-sreda.top,gambling
sol-casino-stc.top,gambling
sol-casino-stc2.top,gambling
sol-casino-stc3.top,gambling
sol-casino-stopar.top,gambling
sol-casino-stoparest.top,gambling
sol-casino-stpc.com,gambling
sol-casino-stpc.ru,gambling
sol-casino-stpc.top,gambling
sol-casino-strategy.com,gambling
sol-casino-studfond.club,gambling
sol-casino-sud.top,gambling
sol-casino-sud2023.top,gambling
sol-casino-sud23.top,gambling
sol-casino-sys74.com,gambling
sol-casino-techno.ru,gambling
sol-casino-tin.top,gambling
sol-casino-today.top,gambling
sol-casino-uniforum.com,gambling
sol-casino-uniforum.top,gambling
sol-casino-vol.ru,gambling
sol-casino-vol.top,gambling
sol-casino-vol1.ru,gambling
sol-casino-vol1.top,gambling
sol-casino-vol2.top,gambling
sol-casino-vol3.top,gambling
sol-casino-vrem.top,gambling
sol-casino-win.com,gambling
sol-casino-win.top,gambling
sol-casino-win1.top,gambling
sol-casino-win3.top,gambling
sol-casino-withyou.club,gambling
sol-casino-zakem.ru,gambling
sol-casino-zakem.top,gambling
sol-casino-zalog.com,gambling
sol-casino-zalog.top,gambling
sol-casino-zalogk.top,gambling
sol-casino-zdorov-tut.com,gambling
sol-casino-zodchestvo.com,gambling
sol-casino-zodchestvo.top,gambling
sol-casino-zodchestvo1.top,gambling
sol-casino-zodchestvo2.top,gambling
sol-casino-zodchestvo3.top,gambling
sol-casino-zodchestvo4.top,gambling
sol-casino.bet,gambling
sol-casino.bid,gambling
sol-casino.com.ua,gambling
sol-casino.company,gambling
sol-casino.email,gambling
sol-casino.kz,gambling
sol-casino.ninja,gambling
sol-casino.one,gambling
sol-casino.org.ua,gambling
sol-casino.tech,gambling
sol-casino.win,gambling
sol-casino.world,gambling
sol-casino1.kz,gambling
sol-casino10.club,gambling
sol-casino100.com,gambling
sol-casino101.top,gambling
sol-casino102.top,gambling
sol-casino103.top,gambling
sol-casino14.com,gambling
sol-casino198.com,gambling
sol-casino199.com,gambling
sol-casino199.top,gambling
sol-casino2.buzz,gambling
sol-casino23.top,gambling
sol-casino324.com,gambling
sol-casino326.top,gambling
sol-casino327.top,gambling
sol-casino328.top,gambling
sol-casino4.buzz,gambling
sol-casino5.buzz,gambling
sol-casino6.buzz,gambling
sol-casino9.club,gambling
sol-casino937.com,gambling
sol-casino99.com,gambling
sol-casino99.top,gambling
sol-casinoasia.top,gambling
sol-casinogame.ru,gambling
sol-casinos2.win,gambling
sol-casinos3.win,gambling
sol-casinoz.com,gambling
sol-casinoz.top,gambling
sol.casino,gambling
solaire-casino.com.ph,gambling
solanacasino-us.top,gambling
solanacasino.ltd,gambling
solbet.ec,gambling
solcasino-1000.ru,gambling
solcasino-1418.top,gambling
solcasino-2022.com,gambling
solcasino-2023.com,gambling
solcasino-20slov.top,gambling
solcasino-2chr.com,gambling
solcasino-30slov.top,gambling
solcasino-40slov.top,gambling
solcasino-45.top,gambling
solcasino-50slov.top,gambling
solcasino-60slov.top,gambling
solcasino-aht7.top,gambling
solcasino-ahti10.top,gambling
solcasino-ahti8.top,gambling
solcasino-ahti9.top,gambling
solcasino-ale.com,gambling
solcasino-ale.ru,gambling
solcasino-ale2.ru,gambling
solcasino-aleks.com,gambling
solcasino-alex.ru,gambling
solcasino-alex1.ru,gambling
solcasino-arctica.top,gambling
solcasino-arh-1t.com,gambling
solcasino-arh4.top,gambling
solcasino-arh5.top,gambling
solcasino-arh6.top,gambling
solcasino-arh7.top,gambling
solcasino-arh8.top,gambling
solcasino-art.com,gambling
solcasino-art.fun,gambling
solcasino-art.lol,gambling
solcasino-art.top,gambling
solcasino-asia.top,gambling
solcasino-australia.com,gambling
solcasino-ave.com,gambling
solcasino-ave5.info,gambling
solcasino-aven.ru,gambling
solcasino-aven1.ru,gambling
solcasino-aya10.club,gambling
solcasino-aya11.club,gambling
solcasino-aya11.ru,gambling
solcasino-balti.com,gambling
solcasino-balti.top,gambling
solcasino-banya10.top,gambling
solcasino-banya11.ru,gambling
solcasino-banya11.top,gambling
solcasino-banya12.ru,gambling
solcasino-banya13.ru,gambling
solcasino-banya8.top,gambling
solcasino-banya9.top,gambling
solcasino-big.com,gambling
solcasino-bk.com,gambling
solcasino-bk.fun,gambling
solcasino-bk1.fun,gambling
solcasino-black.com,gambling
solcasino-black.top,gambling
solcasino-black1.top,gambling
solcasino-black10.ru,gambling
solcasino-black2.top,gambling
solcasino-black3.top,gambling
solcasino-blackfriday.com,gambling
solcasino-blackfriday.lol,gambling
solcasino-bls.top,gambling
solcasino-brand18.ru,gambling
solcasino-brand1t.com,gambling
solcasino-brand3.top,gambling
solcasino-brand5.top,gambling
solcasino-brand6.top,gambling
solcasino-bti.top,gambling
solcasino-bti1.top,gambling
solcasino-cam.com,gambling
solcasino-centre.com,gambling
solcasino-centre.top,gambling
solcasino-ch23.top,gambling
solcasino-ch24.top,gambling
solcasino-ch25.top,gambling
solcasino-ch26.top,gambling
solcasino-clic.com,gambling
solcasino-club.com,gambling
solcasino-club.top,gambling
solcasino-cold.top,gambling
solcasino-cold3.top,gambling
solcasino-cold4.top,gambling
solcasino-cold5.top,gambling
solcasino-comp.top,gambling
solcasino-compet.com,gambling
solcasino-conversion.com,gambling
solcasino-conversion.top,gambling
solcasino-day.com,gambling
solcasino-day2.top,gambling
solcasino-day3.top,gambling
solcasino-dd.com,gambling
solcasino-dd.info,gambling
solcasino-dedicate.top,gambling
solcasino-delor.com,gambling
solcasino-develop.ru,gambling
solcasino-develop1.ru,gambling
solcasino-digital.com,gambling
solcasino-digital.top,gambling
solcasino-digital2.top,gambling
solcasino-digital3.top,gambling
solcasino-digsolab-ru.top,gambling
solcasino-digsolab-ru1.top,gambling
solcasino-digsolab.top,gambling
solcasino-divoru.top,gambling
solcasino-dni.com,gambling
solcasino-dni.top,gambling
solcasino-dobro.top,gambling
solcasino-doksol2.com,gambling
solcasino-domru2.ru,gambling
solcasino-dov.ru,gambling
solcasino-dov1.ru,gambling
solcasino-dov2.ru,gambling
solcasino-dover.com,gambling
solcasino-ecomag.top,gambling
solcasino-ecomag2.top,gambling
solcasino-encaustic-ru.top,gambling
solcasino-encaustic.com,gambling
solcasino-encaustic.top,gambling
solcasino-eo.ru,gambling
solcasino-eo.top,gambling
solcasino-eo2.ru,gambling
solcasino-eo2.top,gambling
solcasino-eo3.ru,gambling
solcasino-esthetic.com,gambling
solcasino-esthetic2.club,gambling
solcasino-esthetic3.top,gambling
solcasino-esthetic4.top,gambling
solcasino-fer.com,gambling
solcasino-fer1.com,gambling
solcasino-fer1.ru,gambling
solcasino-fer1.top,gambling
solcasino-fer2.ru,gambling
solcasino-fest.com,gambling
solcasino-fij.ru,gambling
solcasino-fij2.ru,gambling
solcasino-fij3.ru,gambling
solcasino-fordmi.top,gambling
solcasino-fordmitr.ru,gambling
solcasino-fordmitr.top,gambling
solcasino-fs.com,gambling
solcasino-game.com,gambling
solcasino-game.top,gambling
solcasino-games.click,gambling
solcasino-games.com,gambling
solcasino-gel.com,gambling
solcasino-gel.ru,gambling
solcasino-gel.top,gambling
solcasino-gel1.top,gambling
solcasino-gel2.ru,gambling
solcasino-go1.ru,gambling
solcasino-golos.ru,gambling
solcasino-golos1.ru,gambling
solcasino-golos2.ru,gambling
solcasino-gos.com,gambling
solcasino-gos.top,gambling
solcasino-gos.win,gambling
solcasino-grand13.ru,gambling
solcasino-grand6.top,gambling
solcasino-grand7.top,gambling
solcasino-grand8.top,gambling
solcasino-grand9.top,gambling
solcasino-hickles.com,gambling
solcasino-hickles.ru,gambling
solcasino-hickles.top,gambling
solcasino-hickles3.ru,gambling
solcasino-him.com,gambling
solcasino-him.top,gambling
solcasino-him1.ru,gambling
solcasino-him1.top,gambling
solcasino-him2.ru,gambling
solcasino-him3.ru,gambling
solcasino-him3.top,gambling
solcasino-him4.top,gambling
solcasino-him5.top,gambling
solcasino-him6.top,gambling
solcasino-hm.com,gambling
solcasino-hm10.ru,gambling
solcasino-hm11.ru,gambling
solcasino-hm4.fun,gambling
solcasino-hm5.fun,gambling
solcasino-hu.click,gambling
solcasino-hurma.top,gambling
solcasino-idil.ru,gambling
solcasino-idiliya1.top,gambling
solcasino-idiliya2.top,gambling
solcasino-ing.com,gambling
solcasino-inz1.top,gambling
solcasino-inz2.top,gambling
solcasino-ip.com,gambling
solcasino-ip.ru,gambling
solcasino-ip.top,gambling
solcasino-kas.top,gambling
solcasino-kassovye.com,gambling
solcasino-kazvelo.top,gambling
solcasino-keds.top,gambling
solcasino-kef1.com,gambling
solcasino-ket1.top,gambling
solcasino-ket2.top,gambling
solcasino-konf.com,gambling
solcasino-konf3.club,gambling
solcasino-konf4.top,gambling
solcasino-kotel.top,gambling
solcasino-kros.com,gambling
solcasino-kvantorium.com,gambling
solcasino-kvantorium2.top,gambling
solcasino-kvantorium3.top,gambling
solcasino-kvantorium5.top,gambling
solcasino-lizschool.com,gambling
solcasino-mamayatut.top,gambling
solcasino-man.ru,gambling
solcasino-mann72.top,gambling
solcasino-marsol.ru,gambling
solcasino-marsol1.ru,gambling
solcasino-mcfday.top,gambling
solcasino-mig1.ru,gambling
solcasino-minskoe.com,gambling
solcasino-minskoe.fun,gambling
solcasino-minskoe.top,gambling
solcasino-mks4.club,gambling
solcasino-mo.com,gambling
solcasino-mo.top,gambling
solcasino-mo1.top,gambling
solcasino-mon.club,gambling
solcasino-mon.com,gambling
solcasino-mon.top,gambling
solcasino-mon1.top,gambling
solcasino-mosfash.top,gambling
solcasino-ms.top,gambling
solcasino-ms1.top,gambling
solcasino-msk.ru,gambling
solcasino-msk1.ru,gambling
solcasino-msk2.ru,gambling
solcasino-mts2.top,gambling
solcasino-mts3.top,gambling
solcasino-mtsoi.top,gambling
solcasino-mtsoi1.ru,gambling
solcasino-mtsoi1.top,gambling
solcasino-mus.com,gambling
solcasino-muz.com,gambling
solcasino-narod.com,gambling
solcasino-nashede.top,gambling
solcasino-nasheder.top,gambling
solcasino-nikolsk.com,gambling
solcasino-nikolsk2.top,gambling
solcasino-north.top,gambling
solcasino-north1.top,gambling
solcasino-north2.top,gambling
solcasino-oce.ru,gambling
solcasino-oce2.ru,gambling
solcasino-ocen.com,gambling
solcasino-ocen.top,gambling
solcasino-official489.top,gambling
solcasino-official490.top,gambling
solcasino-official491.top,gambling
solcasino-official492.top,gambling
solcasino-official493.top,gambling
solcasino-official494.top,gambling
solcasino-on.top,gambling
solcasino-online.club,gambling
solcasino-online.net,gambling
solcasino-ope.ru,gambling
solcasino-ope2.ru,gambling
solcasino-ope3.ru,gambling
solcasino-open.com,gambling
solcasino-open.top,gambling
solcasino-open1.com,gambling
solcasino-open1.top,gambling
solcasino-opt.ru,gambling
solcasino-pat.com,gambling
solcasino-pit.com,gambling
solcasino-pit.top,gambling
solcasino-pizza-1t.com,gambling
solcasino-pizza10.ru,gambling
solcasino-pizza3.top,gambling
solcasino-pizza4.top,gambling
solcasino-pizza5.top,gambling
solcasino-pizza6.top,gambling
solcasino-pob-2020.top,gambling
solcasino-pob-2021.top,gambling
solcasino-pob2020.top,gambling
solcasino-pob2021.top,gambling
solcasino-pob2022.top,gambling
solcasino-poddon3.top,gambling
solcasino-poddon33.ru,gambling
solcasino-poddon4.top,gambling
solcasino-poddon5.top,gambling
solcasino-poddon6.top,gambling
solcasino-popov.top,gambling
solcasino-prem25.top,gambling
solcasino-price.top,gambling
solcasino-prigovor.ru,gambling
solcasino-room.com,gambling
solcasino-room1.top,gambling
solcasino-ru.top,gambling
solcasino-ru1.top,gambling
solcasino-ru2.top,gambling
solcasino-ru3.top,gambling
solcasino-s1.ru,gambling
solcasino-s23.club,gambling
solcasino-sal1.ru,gambling
solcasino-school.info,gambling
solcasino-school1.club,gambling
solcasino-school1.info,gambling
solcasino-school2.club,gambling
solcasino-school2.info,gambling
solcasino-school3.info,gambling
solcasino-score.com,gambling
solcasino-sev-on.top,gambling
solcasino-sev.top,gambling
solcasino-sf.top,gambling
solcasino-shch.top,gambling
solcasino-site.kz,gambling
solcasino-slam.com,gambling
solcasino-slam.top,gambling
solcasino-smart.top,gambling
solcasino-smart6.info,gambling
solcasino-smartv.ru,gambling
solcasino-smartvote.top,gambling
solcasino-smo2.ru,gambling
solcasino-smol.com,gambling
solcasino-smol.top,gambling
solcasino-smol12.top,gambling
solcasino-smol13.ru,gambling
solcasino-smol2.top,gambling
solcasino-smol3.top,gambling
solcasino-smol7.com,gambling
solcasino-smros.com,gambling
solcasino-smros.top,gambling
solcasino-solsol.ru,gambling
solcasino-sors.top,gambling
solcasino-sors1.top,gambling
solcasino-sors2.top,gambling
solcasino-sors3.top,gambling
solcasino-sors4.top,gambling
solcasino-sors5.top,gambling
solcasino-sors6.ru,gambling
solcasino-sors6.top,gambling
solcasino-sors7.ru,gambling
solcasino-south.com,gambling
solcasino-south.top,gambling
solcasino-sprint.top,gambling
solcasino-sprint2.top,gambling
solcasino-sprint3.top,gambling
solcasino-sprint4.top,gambling
solcasino-sreda.top,gambling
solcasino-srub3.top,gambling
solcasino-srub4.top,gambling
solcasino-srub6.top,gambling
solcasino-stol.com,gambling
solcasino-stoparest.com,gambling
solcasino-stoparest.top,gambling
solcasino-stpc.top,gambling
solcasino-stud.com,gambling
solcasino-stud.top,gambling
solcasino-stud1.top,gambling
solcasino-stud2.top,gambling
solcasino-sub.com,gambling
solcasino-sub.fun,gambling
solcasino-sub.top,gambling
solcasino-sub1.top,gambling
solcasino-sud.top,gambling
solcasino-sud2023.top,gambling
solcasino-sud23.top,gambling
solcasino-sud24.top,gambling
solcasino-sud25.top,gambling
solcasino-sud26.top,gambling
solcasino-tech.com,gambling
solcasino-theso5.top,gambling
solcasino-tin.top,gambling
solcasino-tinin.top,gambling
solcasino-tinin1.top,gambling
solcasino-tinin2.top,gambling
solcasino-tpp.com,gambling
solcasino-tpp.top,gambling
solcasino-tpp1.ru,gambling
solcasino-tpp1.top,gambling
solcasino-van.com,gambling
solcasino-van.top,gambling
solcasino-version.top,gambling
solcasino-version2.top,gambling
solcasino-vk.com,gambling
solcasino-vk.ru,gambling
solcasino-vk.top,gambling
solcasino-vrem-g.top,gambling
solcasino-vrem.top,gambling
solcasino-wear10.ru,gambling
solcasino-wear10.top,gambling
solcasino-wear12.ru,gambling
solcasino-wear13.ru,gambling
solcasino-wear6.top,gambling
solcasino-wear7.top,gambling
solcasino-wear8.top,gambling
solcasino-wear9.top,gambling
solcasino-week.com,gambling
solcasino-week1.ru,gambling
solcasino-week2.top,gambling
solcasino-week3.top,gambling
solcasino-week4.top,gambling
solcasino-week5.top,gambling
solcasino-withyou.com,gambling
solcasino-yalta.com,gambling
solcasino-zab.ru,gambling
solcasino-zab2.ru,gambling
solcasino-zabot.top,gambling
solcasino-zabot1.top,gambling
solcasino-zabot2.top,gambling
solcasino-zakem.top,gambling
solcasino-zakemerovo.com,gambling
solcasino-zakemerovo.top,gambling
solcasino-zalog.top,gambling
solcasino-zazf10.top,gambling
solcasino-zazf11.top,gambling
solcasino-zazf9.top,gambling
solcasino-zhiz1.top,gambling
solcasino.com.kz,gambling
solcasino.com.ua,gambling
solcasino.fi,gambling
solcasino.io,gambling
solcasino.kz,gambling
solcasino.org,gambling
solcasino.org.ua,gambling
solcasino.space,gambling
solcasino.website,gambling
solcasino.win,gambling
solcasino.world,gambling
solcasino1.lol,gambling
solcasino1.win,gambling
solcasino1007.com,gambling
solcasino1018.com,gambling
solcasino1019.com,gambling
solcasino1050.com,gambling
solcasino1053.com,gambling
solcasino1071.com,gambling
solcasino1081.com,gambling
solcasino1210.com,gambling
solcasino144.com,gambling
solcasino157.com,gambling
solcasino168.com,gambling
solcasino179.com,gambling
solcasino2.win,gambling
solcasino2101.com,gambling
solcasino2236.com,gambling
solcasino2237.com,gambling
solcasino23.com,gambling
solcasino23.top,gambling
solcasino24.top,gambling
solcasino2400.com,gambling
solcasino2440.com,gambling
solcasino3.win,gambling
solcasino3004.com,gambling
solcasino3030.com,gambling
solcasino308.com,gambling
solcasino309.com,gambling
solcasino315.com,gambling
solcasino325.com,gambling
solcasino328.com,gambling
solcasino332.com,gambling
solcasino3323.com,gambling
solcasino347.com,gambling
solcasino358.com,gambling
solcasino39.com,gambling
solcasino39.top,gambling
solcasino40.top,gambling
solcasino401.com,gambling
solcasino41.top,gambling
solcasino414.com,gambling
solcasino42.top,gambling
solcasino420.com,gambling
solcasino43.top,gambling
solcasino44.top,gambling
solcasino510.com,gambling
solcasino511.com,gambling
solcasino517.com,gambling
solcasino518.com,gambling
solcasino524.com,gambling
solcasino541.com,gambling
solcasino5678.com,gambling
solcasino86.com,gambling
solcasino911.ru,gambling
solcasinocanada.ca,gambling
solcasinodacha2.top,gambling
solcasinodacha3.top,gambling
solcasinodig6.info,gambling
solcasinodig7.info,gambling
solcasinodig8.info,gambling
solcasinogo.top,gambling
solcasinokfk.ru,gambling
solcasinokult-1t.com,gambling
solcasinokult6.top,gambling
solcasinokult7.top,gambling
solcasinokult8.top,gambling
solcasinoline2.top,gambling
solcasinoline3.top,gambling
solcasinoline4.ru,gambling
solcasinoline4.top,gambling
solcasinoline5.ru,gambling
solcasinoline5.top,gambling
solcasinoo.com,gambling
solcasinorating.com,gambling
solcasinos-pro.com,gambling
solcasinos-pro.ru,gambling
solcasinos-pro8.ru,gambling
solcasinos-pro9.ru,gambling
solcasinos-sci.club,gambling
solcasinos-sci6.club,gambling
solcasinos-sci8.club,gambling
solcasinos-toyota.com,gambling
solcasinos.one,gambling
solcasinos.top,gambling
solcasinoshot2.com,gambling
solcasinoshot2.top,gambling
solcasinoside3-1t.com,gambling
solcasinoside7.top,gambling
solcasinospace.top,gambling
solcasinospace1.top,gambling
solcasinovalmaty.kz,gambling
solcasinovote.com,gambling
solcasinoxolod2.ru,gambling
solcasinoz.club,gambling
solcasinoz.one,gambling
solcasinoz.top,gambling
solcasinoz1.top,gambling
solcasinoza.ru,gambling
soldcasino.site,gambling
somaseeds.nl,drugs
somoscasino.top,gambling
somoscasinoperu.top,gambling
sonde.site,gambling
sonssolers.cat,gambling
sophisticated-casino.com,gambling
sosialcasinonorge.com,gambling
soundcasino.co,gambling
south-sol-casino.ru,gambling
south-solcasino.ru,gambling
southafricacasinos.net,gambling
southafricancasinos.co.za,gambling
southafricancasinosites.co.za,gambling
southafricancasinosites.com,gambling
southlandcasino.com,gambling
southpointcasino.com,gambling
sowercasino.com,gambling
sp-sol-casino.ru,gambling
spaatwinstar.co,gambling
spacefortunacasino-france.com,gambling
spacegodscasino.com,gambling
spacelineslots.com,gambling
spaceonlinecasino.com,gambling
spadcasino.info,gambling
spaincasinosocial.com,gambling
spainslots.net,gambling
spanacasinosocial.com,gambling
sparencasino.com,gambling
sparesortcasino.com,gambling
sparkcasino-ghht.xyz,gambling
sparkcasino-win.win,gambling
sparkcasino.info,gambling
sparkcasino.org,gambling
sparkcasino.ru,gambling
sparkcasino353.com,gambling
sparkcasino379.com,gambling
sparkcasino447.com,gambling
sparkcasino601.com,gambling
sparkcasino690.com,gambling
sparkcasino805.com,gambling
sparkcasinoofficial-win.win,gambling
sparkcasinoofficialsite-win.win,gambling
sparkcasinotop-win.win,gambling
sparklingcasino.shop,gambling
sparklybingo.com,gambling
sparkonlinecasino-win.win,gambling
sparkreport.net,drugs
spartan-slots-casino.com,gambling
spartanslots.co,gambling
spb-joycasino461.ru,gambling
spcasinos.com,gambling
speedcasino.top,gambling
speedfreack.8m.com,drugs
speedncash1.com,gambling
speedycasino.info,gambling
spektrumlab.hu,gambling
spelacasino.com,gambling
spelacasino.io,gambling
spelacasinos.com,gambling
spelacasinosvenska.com,gambling
spelacasinotrotsspelpaus.se,gambling
spelaonlinecasino.nu,gambling
spicycasino.top,gambling
spicycasinos.com,gambling
spicyjackpots-casino.co.uk,gambling
spidercasinopoker.online,gambling
spidermancasino.com,gambling
spielautomatcasinos.at,gambling
spielautomatcasinos.de,gambling
spielcasinomeister.com,gambling
spielcasinomesiter.com,gambling
spielcasinostandorte.com,gambling
spielcrapscasino.de,gambling
spieleblackjack.de,gambling
spigo.it,gambling
spike-casino.com,gambling
spilblackjack.com,gambling
spin-casino.me,gambling
spin-casino.space,gambling
spin-casino.top,gambling
spin-city-casino.site,gambling
spinago.com,gambling
spinagocasinoau1.com,gambling
spinallwincasino.com,gambling
spinambacasino.top,gambling
spinandwin.com,gambling
spinanga-casino-france.com,gambling
spinangacasino.at,gambling
spinangacasinos.com,gambling
spinbeter-casino.space,gambling
spinbookie.com,gambling
spincasino-brasil.com,gambling
spincasino.com,gambling
spincasinoapp.online,gambling
spincasinoguides.com,gambling
spincasinozones.com,gambling
spinchcasino.online,gambling
spincity777-casinos.com,gambling
spincity777casino.top,gambling
spincitycasinoz.com,gambling
spincityslots.co,gambling
spindazzlecasino.com,gambling
spindelightcasino.com,gambling
spindipity.com,gambling
spinfevercasinos.com,gambling
spinia-casino.top,gambling
spinia.com,gambling
spiniacasino.click,gambling
spiniacasino.top,gambling
spiniacasinoinformatie.nl,gambling
spinjackpots.com,gambling
spinmasterscasino.com,gambling
spinnercasino.online,gambling
spinnicasino.top,gambling
spinpalace.com,gambling
spinpalaceflashcasino24.com,gambling
spinparadiscasino.info,gambling
spinph99-casino.me,gambling
spinquestcasino.info,gambling
spinriocasino.top,gambling
spinsambacasino.es,gambling
spinsamuraicasino1.com,gambling
spinscasino.se,gambling
spinsensationcasino.com,gambling
spinstarcasino.com,gambling
spinstralia-casino.net,gambling
spinsup-casino.com,gambling
spinsupcasino.com,gambling
spinsupcasinos.com,gambling
spintimecasino.uk,gambling
spintosuccesscasino.com,gambling
spintowincasinos.com,gambling
spintropolis-casino.com,gambling
spintropoliscasino.fr,gambling
spintropoliscasino.net,gambling
spintropoliscasino.org,gambling
spinvictorycasino.info,gambling
spinvoyagegame.com,gambling
spinxgames.com,gambling
spinzcasino.top,gambling
spinzz.com,gambling
spinzz88.com,gambling
spiritplants.com,drugs
splendid-casinos.com,gambling
sport-trader.com,gambling
sport.netbet.com,gambling
sportaza-casino.top,gambling
sportaza.com,gambling
sportazacasino.top,gambling
sportbet.ec,gambling
sportcasinoliker.site,gambling
sportingbet.com,gambling
sportingbet.com.au,gambling
sportingbet.de,gambling
sportingbetcasino.top,gambling
sportingcasino.site,gambling
sportingindex.com,gambling
sportium-casino.es,gambling
sportium.es,gambling
sportka.sk,gambling
sportnco.fr,gambling
sports-betting-wagering.com,gambling
sports.bwin.co,gambling
sports.bwin.es,gambling
sportsbet.imgix.net,gambling
sportsbet.io,gambling
sportsbettingandgamblingsystems.com,gambling
sportsbettingdime.com,gambling
sportsbettinglinks.com,gambling
sportsbook.ag,gambling
sportsbook.com,gambling
sportsbookbetting.com,gambling
sportsbookcasinoreview.com,gambling
sportsbookreview.com,gambling
sportsbooks.net,gambling
sportsgambling.us,gambling
sportshandicappingforum.com,gambling
sportsinteraction.com,gambling
sportsmanspizzeriawy.com,gambling
sportsspread.com,gambling
sportsycasinoar.top,gambling
sportwetten.de,gambling
sportwettenvergleich.net,gambling
sportytrader.com,gambling
sportzbookz.com,gambling
spotbet88casino.com,gambling
spottingcasino.info,gambling
spreadex.com,gambling
springbokcasino.co.za,gambling
springbokcasino.top,gambling
sprpk88.org,gambling
sprutcasino.club,gambling
sprutcasino.net,gambling
sprutcasino.online,gambling
sprutcasino.xyz,gambling
sprutcasinos.com,gambling
spurcecasino.xyz,gambling
spybingo.com,gambling
sqh6bolj076ydwlwim7a.top1toto988.com,gambling
squadcasino.info,gambling
squaregamer.com,gambling
squidcasino.net,gambling
srcasino.es,gambling
sritotohawk.com,gambling
ss-casino.com,gambling
ssbet77-casino.me,gambling
sscasino7.com,gambling
sscasinoslotpg.site,gambling
ssi168vip5.com,gambling
st-casino-fresh.top,gambling
stablecoincasino.com,gambling
stacklasvegas.com,gambling
stacklv.com,gambling
stackrcasino.com,gambling
stackslots.com,gambling
stake-casino-official.space,gambling
stake-casino-online.com,gambling
stake-casino-zerkalo.fun,gambling
stake-casino.click,gambling
stake-casino.cloud,gambling
stake-casino.org,gambling
stake-casino.space,gambling
stake-casino.uno,gambling
stake-casino.world,gambling
stake-casino11.buzz,gambling
stake-casino13.buzz,gambling
stake-casino14.buzz,gambling
stake-casino15.buzz,gambling
stake-casino17.buzz,gambling
stake.com,gambling
stake.us,gambling
stake7casino.top,gambling
stakecasino.click,gambling
stakecasino.hair,gambling
stakecasino.icu,gambling
stakecasino.news,gambling
stakecasino.nl,gambling
stakecasino.space,gambling
stakecasino.tech,gambling
stakecasino.top,gambling
stakecasino.vip,gambling
stakecasino1.ru,gambling
stakecasinocom.pro,gambling
stakecasinohub.com,gambling
stakecasinos.click,gambling
stakegamblings.com,gambling
stakes-casino.top,gambling
stakes.com,gambling
stakescasino.click,gambling
stakescasino.online,gambling
stanjames.com,gambling
stanleybet-casino.top,gambling
stanleycasinos.com,gambling
star-casino.cz,gambling
star-casino.top,gambling
star-poker.info,gambling
star69casino.com,gambling
star77casino.org,gambling
star88win.net,gambling
starburstslotsfreespins.com,gambling
starcasino-terminals.com,gambling
starcasino.be,gambling
starcasino.com,gambling
starcasino.it,gambling
starcasino.support,gambling
starcasino.top,gambling
starcasino52.com,gambling
starcasinodice.be,gambling
starda-casino-13.top,gambling
starda-casino-back.com,gambling
starda-casino-back.ru,gambling
starda-casino-back1.ru,gambling
starda-casino-blockch.com,gambling
starda-casino-lankor.com,gambling
starda-casino-lankor2.top,gambling
starda-casino-lock.com,gambling
starda-casino-lock.ru,gambling
starda-casino-lock1.ru,gambling
starda-casino-metaln.com,gambling
starda-casino-metaln.top,gambling
starda-casino-murmswim.com,gambling
starda-casino-my.com,gambling
starda-casino-my.ru,gambling
starda-casino-online.com,gambling
starda-casino-open.com,gambling
starda-casino-open.ru,gambling
starda-casino-osobied.com,gambling
starda-casino-pedmip.com,gambling
starda-casino-pesok.com,gambling
starda-casino-sdajbum.com,gambling
starda-casino-sdajbum.ru,gambling
starda-casino-sib.com,gambling
starda-casino-slot.com,gambling
starda-casino-slot.ru,gambling
starda-casino-slots.com,gambling
starda-casino-slots.ru,gambling
starda-casino-slots.top,gambling
starda-casino-star.com,gambling
starda-casino-strana.com,gambling
starda-casino-trebi-af.club,gambling
starda-casino-trebi-af.ru,gambling
starda-casino-trebi-af.top,gambling
starda-casino-uchitel.com,gambling
starda-casino-ufagur.com,gambling
starda-casino-vsem.com,gambling
starda-casino.kz,gambling
starda-casino.one,gambling
starda-casino.uno,gambling
starda-casino.vip,gambling
starda-casino.win,gambling
starda-casinos.top,gambling
stardacasino-102.com,gambling
stardacasino-201.com,gambling
stardacasino-205.com,gambling
stardacasino-206.com,gambling
stardacasino-207.com,gambling
stardacasino-304.com,gambling
stardacasino-305.com,gambling
stardacasino-307.com,gambling
stardacasino-309.com,gambling
stardacasino-501.com,gambling
stardacasino-54.com,gambling
stardacasino-702.com,gambling
stardacasino-705.com,gambling
stardacasino-bab.ru,gambling
stardacasino-chu.com,gambling
stardacasino-chu.ru,gambling
stardacasino-dif.com,gambling
stardacasino-din.com,gambling
stardacasino-em.com,gambling
stardacasino-em.ru,gambling
stardacasino-em2.ru,gambling
stardacasino-glaz.com,gambling
stardacasino-glaz.ru,gambling
stardacasino-glaz1.ru,gambling
stardacasino-gr.com,gambling
stardacasino-gr.ru,gambling
stardacasino-gy.com,gambling
stardacasino-gy.ru,gambling
stardacasino-kdo.com,gambling
stardacasino-kdo.ru,gambling
stardacasino-krasnoyarsk.com,gambling
stardacasino-les.com,gambling
stardacasino-les.ru,gambling
stardacasino-lol.club,gambling
stardacasino-lol.com,gambling
stardacasino-lol.ru,gambling
stardacasino-lol1.top,gambling
stardacasino-lol2.top,gambling
stardacasino-lol3.top,gambling
stardacasino-lol4.top,gambling
stardacasino-new.ru,gambling
stardacasino-official-site1.win,gambling
stardacasino-official-site23.win,gambling
stardacasino-official-site7-win.win,gambling
stardacasino-official1.win,gambling
stardacasino-officialsite23.win,gambling
stardacasino-online111.ru,gambling
stardacasino-online113.ru,gambling
stardacasino-online115.ru,gambling
stardacasino-online123.ru,gambling
stardacasino-online59.ru,gambling
stardacasino-online68.ru,gambling
stardacasino-online73.ru,gambling
stardacasino-online81.ru,gambling
stardacasino-online82.ru,gambling
stardacasino-online91.ru,gambling
stardacasino-online99.ru,gambling
stardacasino-pdw.buzz,gambling
stardacasino-podcast.com,gambling
stardacasino-pomnim50.com,gambling
stardacasino-rsdt.sbs,gambling
stardacasino-rus.com,gambling
stardacasino-sia.com,gambling
stardacasino-slot.ru,gambling
stardacasino-slots.ru,gambling
stardacasino-snm.com,gambling
stardacasino-snm.ru,gambling
stardacasino-snm1.top,gambling
stardacasino-snm2.ru,gambling
stardacasino-snm2.top,gambling
stardacasino-snm3.ru,gambling
stardacasino-social.com,gambling
stardacasino-social1.com,gambling
stardacasino-spb.com,gambling
stardacasino-teh.com,gambling
stardacasino-tel.ru,gambling
stardacasino-tel2.ru,gambling
stardacasino-trot.com,gambling
stardacasino-trot.ru,gambling
stardacasino-trot.top,gambling
stardacasino-trot4.ru,gambling
stardacasino-tv.com,gambling
stardacasino-tv.ru,gambling
stardacasino-tyg.com,gambling
stardacasino-ural.com,gambling
stardacasino-ural.ru,gambling
stardacasino-ural.top,gambling
stardacasino-ural1.ru,gambling
stardacasino-ural1.top,gambling
stardacasino-ural3.ru,gambling
stardacasino-vent.com,gambling
stardacasino-vid.com,gambling
stardacasino-vid.ru,gambling
stardacasino-vos.com,gambling
stardacasino-win1.win,gambling
stardacasino-win2-win.win,gambling
stardacasino-win2.top,gambling
stardacasino.click,gambling
stardacasino.com.ua,gambling
stardacasino.kz,gambling
stardacasino.top,gambling
stardacasino1.kz,gambling
stardacasino1.top,gambling
stardacasino3.top,gambling
stardacasino6.win,gambling
stardacasinoapp.com,gambling
stardacasinoapp.ru,gambling
stardacasinoclick1-win.win,gambling
stardacasinocom.ru,gambling
stardacasinocom1.ru,gambling
stardacasinocom2.ru,gambling
stardacasinocom3.ru,gambling
stardacasinokz23.com,gambling
stardacasinokz25.com,gambling
stardacasinoofficial-site2.win,gambling
stardacasinoofficial-site3.win,gambling
stardacasinoofficial.fun,gambling
stardacasinoofficial121.win,gambling
stardacasinoofficial52.win,gambling
stardacasinoofficialsite4.win,gambling
stardacasinoofficialsite5.win,gambling
stardacasinoofficialsite7-win.win,gambling
stardacasinoofficialsite977.win,gambling
stardacasinoplay.ru,gambling
stardacasinos.com,gambling
stardacasinos.ru,gambling
stardacasinos.top,gambling
stardacasinosite-official5-win.win,gambling
stardacasinosite2.win,gambling
stardacasinosite41.win,gambling
stardacasinosite43.win,gambling
stardacasinoss.ru,gambling
stardacasinoua.com,gambling
stardacasinoua1.com,gambling
stardacasinoua2.com,gambling
stardacasinoz.top,gambling
stargames.com,gambling
starlight-casino1.com,gambling
starlight-casino2.com,gambling
starlightcasino.ca,gambling
starlightcasino2eight8.com,gambling
starlightcasinos.online,gambling
starluckcasino.com,gambling
starmedia.com,gambling
staronlinecasinos.com,gambling
stars-support.net,gambling
starsaccount.com,gambling
starsaccount.it,gambling
starsaccount.net,gambling
starsaccountmi.com,gambling
starsaccountnj.com,gambling
starsaccountpa.com,gambling
starsaffiliateclub.com,gambling
starscasino.live,gambling
starscasino.top,gambling
starscrm.com,gambling
starscrmmi.com,gambling
starscrmnj.com,gambling
starscrmpa.com,gambling
starsdraft.com,gambling
starsgameticket.com,gambling
starsgroup.com,gambling
starslottery.ca,gambling
starspangledcasino.com,gambling
starsplaymobile.com,gambling
starsports.bet,gambling
starsstore.com,gambling
starswinningmoments.com,gambling
startcasino.nl,gambling
startowncasino.com,gambling
starvegas-casino.top,gambling
starwarscasinos.com,gambling
starzcasino.com,gambling
starzino-casinos.com,gambling
stationcasinos.com,gambling
stationcasinosinfo.com,gambling
stavki-na-ggbet.xyz,gambling
stay-casino.net,gambling
stay-online-casino.com,gambling
staycasino.top,gambling
staycasino11.com,gambling
staycasino8.com,gambling
staycasinoau1.com,gambling
stbarthcasino.com,gambling
stbartscasino.com,gambling
stela-volna-casino.com,gambling
stelario-casino.com,gambling
stelario-casino.online,gambling
stelariocasino.top,gambling
stelavolnacasino.top,gambling
stelavolnacasino1.top,gambling
stelavolnacasino2.top,gambling
stellarecasino.top,gambling
stellarspinscasino1.com,gambling
stereoscopic-porn.com,drugs
stereospins.com,gambling
stillcasino.com,gambling
stoiximan.gr,gambling
stoiximancasino.top,gambling
stonermagazine.co.uk,drugs
stoneycreekglass.com,drugs
stopneighborhoodslots.com,gambling
stopthedrugwar.org,drugs
storacasinoguiden.se,gambling
strategie-casino.com,gambling
strayacasinos.com,gambling
streamingcasino.info,gambling
streetdrugs.org,drugs
strenduscasino-mx.top,gambling
strikecasino.info,gambling
strikeitluckycasino.com,gambling
strikewestcasino.com,gambling
sts.pl,gambling
studio54.com,gambling
studio54.ma,gambling
studio54live.com,gambling
studio54lv.com,gambling
studio54mgm.com,gambling
studio54nightclub.com,gambling
studio54online.com,gambling
studioscasino.info,gambling
stugan.co,gambling
stylelottery.org,gambling
sub-list.com,gambling
subwaycasino.site,gambling
sud-sol-casino.ru,gambling
sugarcasino.click,gambling
sugarcasino.top,gambling
sugarhousecasino.com,gambling
sugarplay-casino.me,gambling
suissecasinoenligne.com,gambling
suka11.ungutoto1st.com,gambling
suka17.ungutoto1st.com,gambling
suka8.ungutoto1st.com,gambling
sukadewacasino.xyz,gambling
sukamainpk88.asia,gambling
sukamainpk88.com,gambling
sukamainpk88.net,gambling
sulit-777-casino.me,gambling
sultanbet-casino.com,gambling
sultanbet-casino.net,gambling
sultanbetcasino.org,gambling
sultancasino.top,gambling
sunbets.co.uk,gambling
suncoastcasino.com,gambling
sunmaker.de,gambling
sunmakercasino.top,gambling
sunpalacecasino.eu,gambling
sunpoker.com,gambling
sunsetcasino.pl,gambling
sunsethotelcasino.com,gambling
suntotodaftarr.site,gambling
suntotomattappa.blogspot.com,gambling
suomi-casinos.com,gambling
suomicasino.com,gambling
suomikasino.com,gambling
supabets.com.gh,gambling
super-poker.info,gambling
superbcasino.co.uk,gambling
superbet-casino.ro,gambling
superbet-casino.top,gambling
superbet.com,gambling
superbet.pl,gambling
superbosscasino.top,gambling
superbowlgamblingsites.com,gambling
supercasino.axome.com,gambling
supercasino.com,gambling
supercasino.fr,gambling
supercasinohero.com,gambling
supercasinosites.com,gambling
supercasinotoplevel.com,gambling
supercat--casino.ru,gambling
supercat-casino.click,gambling
supercatcasino.pl,gambling
supercatcasino.top,gambling
supercatcasino80.com,gambling
supercatcasino81.com,gambling
supercatcasino83.com,gambling
supercatcasino85.com,gambling
supercatcasino89.com,gambling
supercatcasino94.com,gambling
superenalottonline.com,gambling
superflashcasino.shop,gambling
supergreatcasino.com,gambling
superhotcasinos.com,gambling
superiorcasino.com,gambling
superiorcasinos.com,gambling
supernopeacasino.top,gambling
supernovacasino.top,gambling
superpk88.com,gambling
superpk88.org,gambling
superpk88.tech,gambling
superrapide.com,gambling
superslots-casino.biz,gambling
superslots.ag,gambling
superslots.com,gambling
superslotsgames.com,gambling
superslotssites.com,gambling
supersportcasino.top,gambling
supertop10casino.com,gambling
superworldcasino.shop,gambling
supreme-bet.com,gambling
supremebetcasino.com,gambling
supremecasino.com,gambling
supremecasino.info,gambling
supremeplay.net,gambling
supslots.com,gambling
surewincasino.vip,gambling
surf-barre.com,gambling
surf-casino.biz,gambling
surf-casinonline.com,gambling
surf-heures.com,gambling
surfcasino.top,gambling
surfcasino1.biz,gambling
surfcasino1.org,gambling
surfercasino.info,gambling
surfeurdor.com,gambling
surgajudi.com,gambling
survivoronlinecasino.com,gambling
sushi-casino.com,gambling
sushicapitol.com,gambling
sushicasino.com,gambling
sushicasino.ink,gambling
sutbet550.com,gambling
svcbmf2024.com,gambling
sveacasino.se,gambling
svencasinobonusar.com,gambling
svenska-casino.co,gambling
svenska-casinon.nu,gambling
svenska-casinosajter.se,gambling
svenskacasino.se,gambling
svenskacasinoguide.se,gambling
svenskacasinononline.org,gambling
svenskacasinosajter.com,gambling
svenskacasinosajter.se,gambling
svenskacasinosidor.eu,gambling
svenskacasinosidorna.se,gambling
svenskacasinospel.nu,gambling
svenskamobilcasinon.com,gambling
svenskanatcasinon.nu,gambling
svenskaonlinecasino.info,gambling
svenskaonlinecasino.nu,gambling
svenskaspelautomatercasinon.com,gambling
svenskcasino.org,gambling
svenskcasino24.se,gambling
svenskcasinolicens.nu,gambling
svensklivecasino.com,gambling
svensktonlinecasino.se,gambling
sverige-casino-online.se,gambling
sverigeonlinecasino34.com,gambling
sverigescasinoguide.com,gambling
sverigescasinon.com,gambling
sverigescasinosajter.net,gambling
svipcasino.com,gambling
swcasino.top,gambling
swcpoker.club,gambling
swedencasino.com,gambling
sweeps-casino.com,gambling
sweepslots.com,gambling
sweepslots.net,gambling
sweepslots.us,gambling
sweepstakecasinoapps.com,gambling
sweepstakescasino.com,gambling
sweepstakescasinodeals.com,gambling
sweepstakescasinoman.com,gambling
sweepstakescasinopromocodes.com,gambling
sweetrehab.ca,gambling
swerte-gaming-casino.me,gambling
swerte99-casino.com.ph,gambling
swerte99-casino.me,gambling
swift-slots.com,gambling
swiftcasino.com,gambling
swiftcasino.es,gambling
swiper-casino.it,gambling
swishcasino.net,gambling
swiss-legalcasino.com,gambling
swisscasino.se,gambling
swisscasino.top,gambling
swisscasinorank.com,gambling
swisscasinos.ch,gambling
swisscasinosquad.com,gambling
swisscasinotest.com,gambling
swisstalk.ch,gambling
switchcasino-fr.top,gambling
switchpoker.com,gambling
switzerlandcasino10top.com,gambling
syandicatecasino.xyz,gambling
sydcasino.com,gambling
syka-casino.ru,gambling
sykaa-casino.ru,gambling
sykaaa-casino-bonus.ru,gambling
sykaaa-casino-oinline.ru,gambling
sykaaa-casino-special.ru,gambling
sykaaa-casino00.ru,gambling
sykaaa-casino13m.xyz,gambling
sykaaa-casino14.ru,gambling
sykaaa-casino18.buzz,gambling
sykaaa-casino19.buzz,gambling
sykaaa-casino1a.buzz,gambling
sykaaa-casino2.ru,gambling
sykaaa-casino20.buzz,gambling
sykaaa-casino22.buzz,gambling
sykaaa-casino23.buzz,gambling
sykaaa-casino27.buzz,gambling
sykaaa-casino28.buzz,gambling
sykaaa-casino29.buzz,gambling
sykaaa-casino2r6.xyz,gambling
sykaaa-casino3de.buzz,gambling
sykaaa-casino4.ru,gambling
sykaaa-casino4kg.xyz,gambling
sykaaa-casino5ks.xyz,gambling
sykaaa-casino7q9.buzz,gambling
sykaaa-casino85y.xyz,gambling
sykaaa-casino97a.buzz,gambling
sykaaa-casinoca.buzz,gambling
sykaaa-casinof.buzz,gambling
sykaaa-casinoo.buzz,gambling
sykaaa-casinop.buzz,gambling
sykaaa-casinoss.website,gambling
sykaaa-money-casino.ru,gambling
sykaaa-official-casino1.website,gambling
sykaaacasino-3tvz.buzz,gambling
sykaaacasino-bonus.site,gambling
sykaaacasino-fgka.buzz,gambling
sykaaacasino-msk4.buzz,gambling
sykaaacasino-mso4.buzz,gambling
sykaaacasino-zerkalo.ru,gambling
sykaaacasino.ru,gambling
sykaaacasino.sbs,gambling
sykaaacasinozerkalo.ru,gambling
sykaaacasinozerkalo7.ru,gambling
sykacasino10.com,gambling
sykacasino11.com,gambling
sykacasino12.com,gambling
sykacasino13.com,gambling
sylvanglass.com,drugs
symmetrycasino.xyz,gambling
syndencasinoslotufa.online,gambling
syndicate.casino,gambling
syndicatecasinoonline.com,gambling
synottip.cz,gambling
szlottery.org,gambling
t4cgamers.com,gambling
ta777-casinoaa.com,gambling
ta777casino.ph,gambling
tab.com.au,gambling
tabakboer.co.za,gambling
tabgold.co.za,gambling
tacklinggamblingstigma.com,gambling
tadagaming.com,gambling
tadhana-casino.me,gambling
tadhana-slotsaa.com,gambling
tahiticasino.com,gambling
taker-casino-trix.fun,gambling
taker10casino.fun,gambling
taker11casino.fun,gambling
taker7.casino,gambling
taker9.casino,gambling
takercasino.com,gambling
takjubcasino.com,gambling
takko-lottery.com,gambling
taksimbet196.com,gambling
taksimbet198.com,gambling
taksimbet199.com,gambling
taksimbet200.com,gambling
taksimbet203.com,gambling
taksimbet206.com,gambling
taksimbet207.com,gambling
taksimbet209.com,gambling
tala-casino.me,gambling
tala777-casino.me,gambling
tala888casino.com,gambling
talismania-casino.com,gambling
tamabet-casino.me,gambling
tamabet-casino.ph,gambling
tambet175.com,gambling
tambet177.com,gambling
tambet178.com,gambling
tambet179.com,gambling
tambet180.com,gambling
tambet181.com,gambling
tambet183.com,gambling
tambet189.com,gambling
tangierscasinoonline.com,gambling
tangobetcasino.top,gambling
tangygifts.co.uk,drugs
taptap.io,gambling
tar.la,gambling
tarabet376.com,gambling
tarabet377.com,gambling
tarabet379.com,gambling
tarabet380.com,gambling
tarabet381.com,gambling
tarabet384.com,gambling
tarabet386.com,gambling
tarabet387.com,gambling
tarabet389.com,gambling
tarabet391.com,gambling
tarabet392.com,gambling
tarabet393.com,gambling
taruhanbetting.com,gambling
taruhancasino.com,gambling
taruhanku.com,gambling
taruhanolahraga.com,gambling
taruhansepakbola.com,gambling
taya365-casino.online,gambling
taya365casino.net,gambling
taya365casino.pro,gambling
taya888casino.ph,gambling
tc6kb7ol6fuovhciauw7.sangtototren.com,gambling
tcl99.com,gambling
tclotteryofficial.in,gambling
tdsspark.com,gambling
teamaretuza.com,gambling
teapuesto.pe,gambling
tech-rox-casino.com,gambling
teenagebus.net,drugs
teenagespussy.com,drugs
teenchallenge.net,drugs
teh1xbet.com,gambling
tehocasino.top,gambling
teknozone.id,gambling
telatecasino.com,gambling
telegram-casino.org,gambling
telegramcasino.bot,gambling
telegramcasino.games,gambling
tempototo.com,gambling
tennis-gambling.com,gambling
terracasino.io,gambling
terrehautecasino.com,gambling
test-casino.com,gambling
testcasinoenligne.com,gambling
testcasinos.com,gambling
testcasinos.org,gambling
testclean.com,drugs
testnegative.com,drugs
testpure.com,drugs
tether-casino.com,gambling
tethercasino-us.top,gambling
texascasinos.net,gambling
texasgamblingproblem.com,gambling
texasholdem.com,gambling
texasholdem24-7.com,gambling
texaspokercc.com,gambling
tf88casino.org,gambling
tg.casino,gambling
tg777-ph-casino.me,gambling
tg777casino.app,gambling
tg777casino.ph,gambling
tgcasino-fr.fr,gambling
tgcasinoapp.online,gambling
tgkcasino.com,gambling
thai-casinos.com,gambling
thai-lottery.info,gambling
thaicasinoonline.live,gambling
thaimobilecasino.online,gambling
thc-ministry.net,drugs
thc.com,drugs
the-best-uk-online-casino.com,gambling
the-casino-champion.top,gambling
the-daddy-casino.online,gambling
the-ggbbet.com,gambling
the-ggbet.com,gambling
the-ggbet1.com,gambling
the-ghb.org,drugs
the-hive.ws,drugs
the-jozz-casino.pro,gambling
the-jozz-casino.shop,gambling
the-jozzcasino-777.com,gambling
the-jozzcasino.com,gambling
the-jozzcasino.shop,gambling
the-jozzcasino.site,gambling
the-jozzcasino777.com,gambling
the-jozzcasino777.pro,gambling
the-lottery.info,gambling
the-rox-casino.org,gambling
the1casino-online.com,gambling
theamigamuseum.com,gambling
theasiangambler.com,gambling
thebescasino-login.com,gambling
thebest10casinos.com,gambling
thebestcasinos.co.uk,gambling
thebestcasinosite.com,gambling
thebestccasinosusplayers.com,gambling
thebestcoolslots.com,gambling
theblackjacktattoo.in,gambling
theblackjackwiz.com,gambling
theborgataonlineprepaidcard.com,gambling
thebossbet.com,gambling
thebosscasino.shop,gambling
thecanyonsatblackjackridge.com,gambling
thecasinoangel.shop,gambling
thecasinoblueprint.com,gambling
thecasinocitynz.com,gambling
thecasinocove.com,gambling
thecasinodaddy.com,gambling
thecasinodb.com,gambling
thecasinoenquirer.com,gambling
thecasinofinder.com,gambling
thecasinofriends.com,gambling
thecasinoguide.ca,gambling
thecasinohunt.com,gambling
thecasinoinfo.com,gambling
thecasinolisting.com,gambling
thecasinoloot.com,gambling
thecasinolsq.com,gambling
thecasinoqueen.com,gambling
thecasinoranking.shop,gambling
thecasinoring.com,gambling
thecasinos.co,gambling
thecasinos.co.uk,gambling
thecasinosource.com,gambling
thecasinospellen367.com,gambling
thecasinospot.nl,gambling
thecasinotips.com,gambling
thecasinoweb.com,gambling
thecasinowizard.com,gambling
theclevelandcasino.com,gambling
theclubhousecasino4.net,gambling
theclubhousecasino4.online,gambling
thecolorofblackjack.com,gambling
thecolumbiapartnership.org,gambling
thecomfortzonecasino.com,gambling
thecricketdraft.com,gambling
thedatingcasino.com,gambling
thedea.org,drugs
thedrugsindex.org,drugs
theedgepoker.com,gambling
theeuropeancasino.com,gambling
thefaircasino.games,gambling
thefane.org,drugs
thefreshscent.com,drugs
thefuncasinohire.com,gambling
thegamble2012.com,gambling
thegambler.co.za,gambling
thegamblersblogs.com,gambling
thegamblersedge.com,gambling
thegambling.in,gambling
thegamblingchamp.kr,gambling
thegamblingclinic.com,gambling
thegamblinghouse.org,gambling
thegamblinginsights.com,gambling
thegamblingway.com,gambling
thegatecitycasino.com,gambling
theglorycasino.com,gambling
thegolddoor.com,gambling
thegrandmondialcasino.ca,gambling
thegreek.com,gambling
thehotslot.com,gambling
thehouseofcasino.com,gambling
theinternetslotsmachines.com,gambling
thejackpot-slots-casino.com,gambling
thejackpotcasino.com,gambling
thejackpotonlineslots.com,gambling
thejackpotslotscity.com,gambling
thejozzcasino.com,gambling
thejozzcasino.pro,gambling
thekingcasino.info,gambling
thelandsummit.com,gambling
thelegitcasino.com,gambling
thelegzo-casino.click,gambling
thelisthotelcasinotop.com,gambling
thelittlebigblog.com,gambling
theliversedge.com,gambling
thelotterycorporation.com,gambling
theluxurycasino.ca,gambling
themarketingreview.in,gambling
thematrixcasino.com,gambling
thememonster.co.za,gambling
themillcasino.com,gambling
themiragelv.com,gambling
themitblackjackteam.com,gambling
themobscasino.shop,gambling
thenewsocialcasino.com,gambling
thenomadatparkmgm.com,gambling
thenomadatthepark.com,gambling
thenomadlasvegas.com,gambling
thenomadlv.com,gambling
thenomadmgm.com,gambling
thenomadonparkmgm.com,gambling
thenomadonthepark.com,gambling
thenomadvegas.com,gambling
theoceanofgame.com,gambling
theonkgcasino.com,gambling
theonlineblackjack.com,gambling
theonlinecasino.co.uk,gambling
theonlinecasinoclub.shop,gambling
theonlinecasinomaster.com,gambling
theonlinecasinos.net,gambling
theonly-casino.com,gambling
theowyhee.com,gambling
theparkvegas.com,gambling
thephonecasino.com,gambling
thepokerforum.com,gambling
thepokiescasinoaustralia.net,gambling
thepokiesonlinecasino.net,gambling
thequatrocasino.ca,gambling
therealnyny.com,gambling
theresidencesatmgm.com,gambling
theresidencesatmgmgrand.com,gambling
thereviewscasinos.com,gambling
therivercasino.com,gambling
theriverscasino.com,gambling
theriverstarcasino.org,gambling
theroyalcasino.online,gambling
thesignatureatmgmgrand.com,gambling
thesignaturelasvegas.com,gambling
thespinroom.com,gambling
thesportingexchange.asia,gambling
thesportinghouselv.com,gambling
thesportsboard.com,gambling
thesportsmancasino.com,gambling
thesportsmonitor.com,gambling
thetheatreguide.com,gambling
thetopcasinohotelschile.com,gambling
thevapetribe.com,gambling
thevegacasino.com,gambling
thevikingcasino.com,gambling
thewarehouseinteriors.com,gambling
thewaterclub.tel,gambling
thewebsbestcasinos.com,gambling
thewildcasino.vip,gambling
theworldofgamblings.com,gambling
theyukongoldcasino.ca,gambling
thezodiaccasino.ca,gambling
thinkofgamescasino.online,gambling
third-plateau.org,drugs
thomasuniversityfootballcamps.com,gambling
thr777daftarlink.com,gambling
threeriverscasino.com,gambling
thrillscasino.click,gambling
thrillscasino.top,gambling
thronentertainment.com,gambling
thtopcasino.com,gambling
thunderbolt-casino.online,gambling
thunderboltcasino.com,gambling
thunderboltcasino.top,gambling
thunderluck.com,gambling
thunderpick.com,gambling
thunderpick.io,gambling
thuneo.com,gambling
tiberian.com,gambling
ticasino.com,gambling
tickerassist.co.uk,gambling
tidashboard.com,gambling
tikicantik.id,gambling
tiktakunik.com,gambling
timelesscasino.com,gambling
timesofcasino.com,gambling
timetocasino.shop,gambling
tipico.at,gambling
tipico.com,gambling
tipico.de,gambling
tipico.fr,gambling
tipicocasino.one,gambling
tipicocasino.top,gambling
tipntop-casinos.com,gambling
tipobet-casino2.com,gambling
tiposcasino.top,gambling
tipp24games.de,gambling
tipp3.at,gambling
tippaz.com,gambling
tips4gambling.com,gambling
tipsportcasino.top,gambling
tipster.space,gambling
tipstrickscasino.com,gambling
tipwin.de,gambling
titan-poker.ws,gambling
titan.fr,gambling
titanbet.com,gambling
titanbet.it,gambling
titancasino.com,gambling
titancasino.top,gambling
titanpartners.fr,gambling
titanpoker.com,gambling
titanpoker.fr,gambling
titanpokersetup.com,gambling
tivolicasino.top,gambling
tk999.org,gambling
tk9betcasinoonline.lol,gambling
tlcasino224.com,gambling
tlcasino227.com,gambling
tlcasino231.com,gambling
tlcasino234.com,gambling
tlcasino236.com,gambling
tlcasino237.com,gambling
tlcasinodenemebonusu.com,gambling
tlcasinodenemebonusu1.com,gambling
tlcasinodiscount1.com,gambling
tlcasinoreferans.com,gambling
tmtplay-casino.me,gambling
tobet.com,gambling
tocasino.net,gambling
todaycasino.info,gambling
todaylottery.in,gambling
todaysgambling.com,gambling
todaysocialcasino.com,gambling
todocasinoyapuestas.online,gambling
tofcasino.com,gambling
togel178.com,gambling
togel178.net,gambling
togel178suka.xyz,gambling
togel2.xtgem.com,gambling
togel22.com,gambling
togel2d.com,gambling
togel4shared.com,gambling
togel66.com,gambling
togel99.com,gambling
togelangka.com,gambling
togelcasino1256789.com,gambling
togelcasino1688.com,gambling
togelcasino818.com,gambling
togelcasino88.com,gambling
togelcasino99.com,gambling
togelcenter.com,gambling
togelgame.150m.com,gambling
togelholic.com,gambling
togeljakarta.com,gambling
togelon.net,gambling
togelsemarang.com,gambling
togeltimur-c.com,gambling
togeltogel.com,gambling
togeltop.com,gambling
togelwin.com,gambling
togelyok.org,gambling
tokojudi.com,gambling
tokyopokercasinoufabet.online,gambling
tombolacasino.top,gambling
tombrichescasinos.com,gambling
tongitscasino.com,gambling
tonybetcasino.click,gambling
tonybetcasino.top,gambling
tonygamble.org,gambling
top-10-bitcoin-casinos.com,gambling
top-646-casino.me,gambling
top-canadiancasinos.com,gambling
top-canadiancasinos.net,gambling
top-casino-apps.com,gambling
top-casino-bonus-codes.com,gambling
top-casino-fr.com,gambling
top-casino-list.co.uk,gambling
top-casino-online.net,gambling
top-casino-promo-codes.com,gambling
top-casino-truc-tuyen.com,gambling
top-casino-voucher-codes.com,gambling
top-casino.nl,gambling
top-casino.ru,gambling
top-casino9.win,gambling
top-casinohotel365.com,gambling
top-casinohotels.com,gambling
top-casinoru-2023.win,gambling
top-casinos.club,gambling
top-casinos.fr,gambling
top-casinos.top,gambling
top-casinoz.club,gambling
top-casinoz.info,gambling
top-casinoz.me,gambling
top-casinoz.net,gambling
top-casinoz.one,gambling
top-casinoz.top,gambling
top-fr-casino.com,gambling
top-gamble.site,gambling
top-gambling-spot.com,gambling
top-hotelwithcasino.com,gambling
top-onlinecasino.co.uk,gambling
top-onlinecasinosin.com,gambling
top-rival-casinos.com,gambling
top-us-casino.com,gambling
top10-casino-affiliate-programs.com,gambling
top10-casinoreviews.com,gambling
top10-casinosites.net,gambling
top10-rating-casino2022.win,gambling
top10-rating-casino943.win,gambling
top10-raytingi-casino2023.win,gambling
top100cryptocasinos.com,gambling
top10bestcasinomi.com,gambling
top10blackjacksites.co.uk,gambling
top10cancasinos.com,gambling
top10casino.nl,gambling
top10casinobonuscodes.com,gambling
top10casinos.ca,gambling
top10casinos.cl,gambling
top10casinos.com,gambling
top10casinos.org,gambling
top10casinosguide.com,gambling
top10casinoslist.com,gambling
top10casinouk.com,gambling
top10chilecasinohotels.com,gambling
top10descasinos.com,gambling
top10gambling.net,gambling
top10gamblingcasino.com,gambling
top10irelandcasinos.com,gambling
top10onlinecasino.site,gambling
top10raytingicasino2023.win,gambling
top11-raytingi-casino2023.win,gambling
top1casinos.xyz,gambling
top1visa.com,gambling
top1win.ru,gambling
top20casino-hotel24.com,gambling
top24-casinohotels.com,gambling
top24casinohotel.com,gambling
top25cryptocasinos.com,gambling
top3casinoslots.com,gambling
top50casinos.net,gambling
top50cryptocasinos.com,gambling
top646casino.me,gambling
top77casino.com,gambling
top7casinohotelschile.com,gambling
topajaibslots.xyz,gambling
topasiacasinos.com,gambling
topaucasinos.net,gambling
topbabkicasino.com,gambling
topbdslots.com,gambling
topbestcasinogames.shop,gambling
topbestcasinogethotels.com,gambling
topbet.eu,gambling
topbitcasino.shop,gambling
topbitcoincasino.info,gambling
topbitcoincasinos.jp,gambling
topcanadien-casino.com,gambling
topcannabis.hypermart.net,drugs
topcasino-affiliateprograms.com,gambling
topcasino-hotel24.com,gambling
topcasino-list.com,gambling
topcasino-luchshie2023.win,gambling
topcasino-luchshiecasino-2023.win,gambling
topcasino-luchshiecasinoonline-2023.win,gambling
topcasino-pl.com,gambling
topcasino.ee,gambling
topcasino.social,gambling
topcasino.store,gambling
topcasinoargentina.com,gambling
topcasinobetall.com,gambling
topcasinobonus.nl,gambling
topcasinobonus.nu,gambling
topcasinobrasil.com,gambling
topcasinocroatia.com,gambling
topcasinodestinationhotels.com,gambling
topcasinoexpert-ru.com,gambling
topcasinoexpert.com,gambling
topcasinofindhotels.com,gambling
topcasinofrance.com,gambling
topcasinogethotels.com,gambling
topcasinohotelbnd.com,gambling
topcasinohoteldream.com,gambling
topcasinohotelhub.com,gambling
topcasinohotellist.com,gambling
topcasinohotelpn.com,gambling
topcasinohotelreviews.com,gambling
topcasinohotelschiledeals.com,gambling
topcasinohotelschileinfo.com,gambling
topcasinohotelschilenow.com,gambling
topcasinohotelschilepage.com,gambling
topcasinohotelschilereview.com,gambling
topcasinoideas.com,gambling
topcasinolist.ca,gambling
topcasinolodginghotels.com,gambling
topcasinoofthehotels.com,gambling
topcasinoonline.cc,gambling
topcasinoonlineireland.com,gambling
topcasinopromocodes.com,gambling
topcasinoradar.org,gambling
topcasinorate1.com,gambling
topcasinorating.ru,gambling
topcasinoratings.ru,gambling
topcasinoraytingbrand2023.win,gambling
topcasinoru.xyz,gambling
topcasinosbonusser.com,gambling
topcasinoscentral.com,gambling
topcasinosexperts.com,gambling
topcasinosg.com.sg,gambling
topcasinosguides.com,gambling
topcasinosindia.com,gambling
topcasinosites.eu,gambling
topcasinoslistings.com,gambling
topcasinosmalaysia.com,gambling
topcasinosonlines.com,gambling
topcasinospins.co.uk,gambling
topcasinosreviews.in,gambling
topcasinosuisse.com,gambling
topcasinosuisse.net,gambling
topcasinosuisse.org,gambling
topcasinotipsreview.com,gambling
topcasinotravelhotels.com,gambling
topcasinotravelstays.com,gambling
topcasinotravelstaysbest.com,gambling
topcasinotrick.com,gambling
topcasinotricks.com,gambling
topcasinovacationhotels.com,gambling
topcasinovergleich.de,gambling
topcasinoviet.com,gambling
topcasinoviewlodging.com,gambling
topcasinoviewstays.com,gambling
topcasinovirtuel.com,gambling
topcasinowiki.com,gambling
topcasinowin2-2023.win,gambling
topcasinowin2023.win,gambling
topcasinozone.shop,gambling
topcasinozz.com,gambling
topdescasinos.com,gambling
topdwcasino.biz,gambling
topdwcasino.org,gambling
topdwcasino.top,gambling
topdwcasino1.vip,gambling
topdwcasino1.xyz,gambling
topecocardcasinos.com,gambling
topenlignecasinos.com,gambling
topeucasinoreviews.com,gambling
topfrancegamble-fr.com,gambling
topgamble.biz,gambling
topgamble.cc,gambling
topgamble.xyz,gambling
topgamblefun.xyz,gambling
topgamblingcasino.com,gambling
topgamblinggirls.com,gambling
topgamblingpros.com,gambling
tophatcasinos.com,gambling
tophillbet409.com,gambling
tophillbet410.com,gambling
tophotcasinolist.com,gambling
tophotel-casinohold.com,gambling
tophotel-casinotiger.com,gambling
tophtelcasinolist.com,gambling
topigambleslot.cc,gambling
topirelandcasino.com,gambling
topitopcasinohotelworld.com,gambling
toplevelcasinos.com,gambling
toplist-casinohotel-24.com,gambling
toplistofcasino.com,gambling
toplucky.ru,gambling
topmildcasino.biz,gambling
topmobilecasino.co.uk,gambling
topnewzealandcasinos.com,gambling
topoffercasino.net,gambling
topoffshorecasinos.com,gambling
toponlinecasinoaustralia.com,gambling
toponlinecasinos-usa.com,gambling
toponlinecasinos.co.za,gambling
toponlinecasinos.fr,gambling
toponlinecasinoscanada.com,gambling
toppcasinonbonusar.se,gambling
toppcasinonorge.com,gambling
toppinupcasino.win,gambling
toppinupcasino3.win,gambling
topplacehotelwithcasino.com,gambling
toppoker88.com,gambling
toppoker88.me,gambling
toppoker88.net,gambling
toppoker88.org,gambling
topppbabkicasino.com,gambling
topprizecasino.com,gambling
toppucasino.com,gambling
topratedcasinos.ca,gambling
topratedcasinos.co.uk,gambling
topratedcasinos.com,gambling
topreviewscasinohotels.com,gambling
toprevolutcasinos.com,gambling
tops-casinos.club,gambling
tops-casinos.me,gambling
tops-casinos.top,gambling
topsafecasinohotelschile.com,gambling
topslots-spain.com,gambling
topslotsitesuk.com,gambling
topslotsmobile.com,gambling
topspincasinoz.com,gambling
topspinscasino.top,gambling
topstarscasino.shop,gambling
toptelegramcasinos.net,gambling
topten-raytingi-casino2023.win,gambling
topten-raytingscasino2023.win,gambling
topten-raytingscasino2023official.win,gambling
topten-raytingscasino2023official1.win,gambling
topthaicasinos.com,gambling
toptogel.com,gambling
toptotocasinos.com,gambling
topukgamblingsites.com,gambling
topvncasino.com,gambling
topxcasino.org,gambling
topz-casinos.club,gambling
topz-casinos.info,gambling
topz-casinos.me,gambling
topz-casinos.net,gambling
topz-casinos.one,gambling
topz-casinos.top,gambling
tortoisecasino.com,gambling
tortuga-casino-fr.com,gambling
tortuga-casino-france.com,gambling
tortugacasino-france.com,gambling
tortugacasino.com,gambling
tortugacasino.top,gambling
tortugacasinobonus.com,gambling
tospin.com,gambling
tospin5.top,gambling
total-casino.com,gambling
total-casino.online,gambling
total-casino.top,gambling
totalcasino.click,gambling
totalcasino.space,gambling
totalcasino.top,gambling
totalcasinobonus.pl,gambling
totalcasinobonus.top,gambling
totalgambling.net,gambling
totalpoker.com,gambling
totalrewardsvacations.com,gambling
totalrocktotalrewards.com,gambling
toto-casino.click,gambling
toto-casino.space,gambling
toto-casino.top,gambling
toto12oslo.com,gambling
toto13.com,gambling
totobet4d.com,gambling
totocasino.click,gambling
totocasino.com.tr,gambling
totocasino.space,gambling
totocasino.top,gambling
totocasino.world,gambling
totocasinobonus.top,gambling
totocitycasino.com,gambling
totofortuna.it,gambling
totogamingcasino.click,gambling
totogamingcasino.com.tr,gambling
totogamingcasino.top,gambling
totojitu1.com,gambling
totojitu2.com,gambling
totolotek.pl,gambling
totomalika.com,gambling
totomaster.com,gambling
totos4d.com,gambling
totovegascasino.com,gambling
toucancasino.com,gambling
touchcasino.com,gambling
touchcasino.top,gambling
tourcasino.xyz,gambling
toutgagner.com,gambling
tr-casino.com,gambling
tr-pin-up-casino-tr.com,gambling
tr-pin-up-casino.com,gambling
tr1wincasino.com,gambling
track-casino.com,gambling
trackandraces.com,gambling
tradacasino.top,gambling
tradacasino1.com,gambling
tradingcrossing.com,gambling
trafonline.pl,gambling
tragaperras.ws,gambling
tragaperrasyslotsonline.es,gambling
traiteur-casino.com,gambling
trangchucasino.com,gambling
transcanadamotorsport.com,gambling
trashed.co.uk,drugs
travelandgamble.org,gambling
trcasinoerisim.com,gambling
treasure-casino.baby,gambling
treasure777.net,gambling
treasureisland.jobs,gambling
treasuremilecasino.top,gambling
trebalia.com,gambling
treecasino.com,gambling
trencasino200.com,gambling
trendbet531.com,gambling
trendbet532.com,gambling
trendbet533.com,gambling
trendbet534.com,gambling
trendbet535.com,gambling
trendsnowcasinos.com,gambling
trendycasinohotspots.com,gambling
trentonsocial.net,gambling
trexbingo.com,gambling
tribescasinos.com,gambling
tribupoker.com,gambling
tribupoker.fr,gambling
trikmainpoker.net,gambling
trinkbet146.com,gambling
trinocasino.com,gambling
trinocasino.io,gambling
triple-a-casino.com,gambling
triplequack.com,gambling
triples.bet,gambling
tripleyourvegas.com,gambling
triptolasvegas.com,gambling
tripzine.com,drugs
triumcasino-hotel.com,gambling
trivela.com.br,gambling
trojancasino.com,gambling
troncasino-us.top,gambling
tropeziapalace.com,gambling
tropical-casino.com,gambling
tropicalbet.com,gambling
tropicalislandcasino.com,gambling
tropicalwins.uk,gambling
tropicanacasino.com,gambling
trstonlinecasino.com,gambling
trucchicasinoonline.net,gambling
trucksimulatorultimateplay.com,gambling
true-blue-casino-online.com,gambling
truebluecasinoguide.com,gambling
truebluecasinos.org,gambling
truefortunecasino.net,gambling
truefortunecasino.top,gambling
truefortunecasino1.com,gambling
truegamblingonline.com,gambling
truepoker.com,gambling
trust-online-casino.com,gambling
trust77casinosg.com,gambling
trustaucasinosonline.com,gambling
trustbasedcasino.com,gambling
trustdice.win,gambling
trustedcasinofinder.com,gambling
trustedcasinoguide.site,gambling
trustedcasinomalaysia.com,gambling
trustedcasinos.co,gambling
trustedcasinos.com,gambling
trustedcasinosingapore.com.sg,gambling
trustedeucasinos.com,gambling
trustedgamble.com,gambling
trustedonlinecasinosmalaysia.com,gambling
trustedslots.online,gambling
trusteecasinos2024.com,gambling
trustly-casino.top,gambling
trustlycasino-de.top,gambling
trustlycasino-uk.top,gambling
trustofcasinos.shop,gambling
tryggenorskecasino.org,gambling
tryptamind.com,drugs
tsarscasino.top,gambling
tsepass.co.in,gambling
ttr-casino-online.com,gambling
tucasinojoker.com,gambling
tudigongcasino.com,gambling
tulalipcasino.com,gambling
tulalipresortcasino.com,gambling
tumm.org,gambling
tuparley.com,gambling
turbo-casino-reg.ru,gambling
turbo-casino.academy,gambling
turbo-casino.agency,gambling
turbo-casino65gg.ru,gambling
turbo-casino67gg.ru,gambling
turbo-casino68gg.ru,gambling
turbo-casino69gg.ru,gambling
turbo-casino71gg.ru,gambling
turbo-casino74gg.ru,gambling
turbo-casino8.online,gambling
turbocasino-ba10.ru,gambling
turbocasino-band2.ru,gambling
turbocasino-band8.ru,gambling
turbocasino-band9.ru,gambling
turbocasino-obzor.ru,gambling
turbocasino-off.ru,gambling
turbocasino-orig.ru,gambling
turbocasino-ru.ru,gambling
turbocasino-vhod6.ru,gambling
turbocasino.online,gambling
turbocasinoonline.ru,gambling
turbocasinorf.ru,gambling
turbocasinoru.ru,gambling
turbocasinos.ru,gambling
turbocasinosrf.ru,gambling
turbocasinozerkalo.ru,gambling
turbopoker88.me,gambling
turbopoker88.one,gambling
turbopoker88.us,gambling
turbopoker88.xyz,gambling
turizmcasino.com,gambling
turk-siteleri.casino,gambling
turkcasino.click,gambling
turkcasino.cloud,gambling
turkcasino.club,gambling
turkcasino.games,gambling
turkcasino.info,gambling
turkcasino.life,gambling
turkcasino.online,gambling
turkcasino.org,gambling
turkcasino.pro,gambling
turkcasino.vip,gambling
turkcasino253.com,gambling
turkcasinogir.net,gambling
turkcasinogir.org,gambling
turkcasinogiris.net,gambling
turkcasinoo.com,gambling
turkcasinositeleri.net,gambling
turnberrymgmgrandresales.com,gambling
turnberrymgmresales.com,gambling
turnberrymgmresidences.com,gambling
turningstonecasino.xyz,gambling
turronescasinos.com,gambling
turtlecreekcasino.com,gambling
tusimagenesde.com,gambling
tuskcasino.com,gambling
tuskcasino.top,gambling
tuskcasinomex.top,gambling
tutcasino.ru,gambling
tvg.com,gambling
tvoe-casino.com,gambling
tweaker.org,drugs
twin-casino-2024.ru,gambling
twin-casino-canada.com,gambling
twin-casino-new.ru,gambling
twin-casino-play.ru,gambling
twin-casino.fun,gambling
twin-casino2dbn.buzz,gambling
twin-casino4rt.buzz,gambling
twin-casino7lo.xyz,gambling
twin-casino8pti.buzz,gambling
twin-casino9a.buzz,gambling
twin-casinojq5.buzz,gambling
twin-casinop.buzz,gambling
twincasino-hma6.buzz,gambling
twincasino-jh8.buzz,gambling
twincasino.click,gambling
twincasino.co.nz,gambling
twincasino.life,gambling
twincasino.net,gambling
twincasino10.top,gambling
twincasino11.top,gambling
twincasino12.top,gambling
twincasino13.top,gambling
twincasino14.top,gambling
twincasino15.top,gambling
twincasino6.top,gambling
twincasino7.top,gambling
twincasino8.top,gambling
twincasino9.top,gambling
twincasinoapp.com,gambling
twinplay369.com,gambling
twinplay375.com,gambling
twinstatescleanenergylink.com,gambling
two-upcasino.top,gambling
twoplustwo.com,gambling
twopoker88.com,gambling
twopoker88.me,gambling
twopoker88.org,gambling
twopoker88.xyz,gambling
twoupcasinopokies.com,gambling
tzhtotalrewardsac.com,gambling
u88casino.art,gambling
uaecryptocasino.com,gambling
ubet63casino.me,gambling
ubet95casino.me,gambling
ubetcasino.com,gambling
ubox88casino.com,gambling
ubuntucasinos.co.za,gambling
ucasino-cl.com,gambling
ucasino-py.com,gambling
ucasino-uy.com,gambling
udenlandske-casinoer.me,gambling
udv.org.br,drugs
uea8casinos.com,gambling
ufa168live.casino,gambling
ufa191b.com,gambling
ufa365.casino,gambling
ufabetcasinobetting.online,gambling
ufabetcoulumecasino.site,gambling
ufacasino.online,gambling
ufacasino888.org,gambling
ufaname.casino,gambling
ufanetworkcasino.site,gambling
ufaslotcasinodrop.site,gambling
ufastar356.casino,gambling
ufocasinoprime.site,gambling
ug8deluxe.com,gambling
ugdewa88.net,gambling
ugdewall.com,gambling
uita.net,gambling
uji77.org,gambling
uji77sini.com,gambling
uk-casino.online,gambling
uk-online-casinos-guide.co.uk,gambling
uk-onlinecasino.co.uk,gambling
uk420.com,drugs
ukashcasinos-uk.top,gambling
ukashcasinos.ca,gambling
ukbestcasino.co.uk,gambling
ukbestcasinos.net,gambling
ukcasino9.com,gambling
ukcasinobonuscodes.com,gambling
ukcasinoclub.com,gambling
ukcasinoclub.eu,gambling
ukcasinofinder.online,gambling
ukcasinolistings.com,gambling
ukcasinoreviews.online,gambling
ukcasinosms.com,gambling
ukcasinosnotongamstop.ltd,gambling
ukclubcasino.top,gambling
ukcultivator.biz,drugs
ukgamblezone.online,gambling
ukipt.com,gambling
uklivecasino.info,gambling
ukonlineslots.com,gambling
ukrainianbonus.eu,gambling
ukslotscasino.co.uk,gambling
uktoponlinecasinos.com,gambling
ulti111.com,gambling
ulti700slot.com,gambling
ultimacasino.com,gambling
ultimacasinopages.com,gambling
ultimate-gambling-promotions.com,gambling
ultimatebet.com,gambling
ultimatecasino.com,gambling
ultimatedriveaway.com,gambling
ultimateonlinecasino.com,gambling
ultra-casino.click,gambling
ultra-casino.top,gambling
ultrabet829.com,gambling
ultrabet830.com,gambling
ultrabet831.com,gambling
ultrabet832.com,gambling
ultrabet833.com,gambling
ultrabet834.com,gambling
ultrabet835.com,gambling
ultrabet837.com,gambling
ultrabet838.com,gambling
ultrabet839.com,gambling
ultrabet840.com,gambling
ultrabet841.com,gambling
ultrabet842.com,gambling
ultrabet843.com,gambling
ultrabet844.com,gambling
ultrabet845.com,gambling
ultrabet846.com,gambling
ultrabet847.com,gambling
ultrabet848.com,gambling
ultrabet849.com,gambling
ultrabet852.com,gambling
ultrabet853.com,gambling
ultrabet854.com,gambling
ultrabet855.com,gambling
ultrabrandcasinoufabet.shop,gambling
ultracasino.click,gambling
ultracasino.com,gambling
ultracasino.top,gambling
ultracasino3.com,gambling
ultracasino4.com,gambling
ultracasinocompe.top,gambling
ultracasinope.top,gambling
ultracasinoperu.top,gambling
ultratabu.com,gambling
umarex.fr,dangerous_material
umfolozicasino.co.za,gambling
un-max-de-revenus.com,gambling
unclesamscasino.com,gambling
underdogcasinos.com,gambling
undiantogel.com,gambling
unibet-42.com,gambling
unibet-poker.fr,gambling
unibet.co.uk,gambling
unibet.com,gambling
unibet.com.au,gambling
unibet.fr,gambling
unibet.it,gambling
unibet.net,gambling
unibetcasino.be,gambling
unibetcasino.click,gambling
unibetcasino.top,gambling
unibetland.com,gambling
unicasino4.com,gambling
uniformcasino.xyz,gambling
unique-casino-be.com,gambling
unique-casino-en-ligne.com,gambling
unique-casino-italy.com,gambling
unique-casino-nl.com,gambling
unique-casino.be,gambling
unique-casino.es,gambling
unique-casino.jp,gambling
unique-casino.nl,gambling
unique-casino.world,gambling
uniquecasino-de.world,gambling
uniquecasino-es.click,gambling
uniquecasino-fr.top,gambling
uniquecasino-france1.com,gambling
uniquecasino-it.online,gambling
uniquecasino.be,gambling
uniquecasino.bet,gambling
uniquecasino.click,gambling
uniquecasino.fr,gambling
uniquecasino.world,gambling
uniquecasino1.fr,gambling
uniquecasino24.com,gambling
uniquecasino3.com,gambling
uniquecasino777.com,gambling
uniqueonlinecasino.com,gambling
unitedkingdom-casino.co.uk,gambling
unity.mrvanes.com,drugs
univlyon2.fr,drugs
unlicensed-casinos.com,gambling
unlim-casino-a1b.ru,gambling
unlim-casino-b2c.ru,gambling
unlim-casino-c3d.ru,gambling
unlim-casino-d4e.ru,gambling
unlim-casino-f6g.ru,gambling
unlim-casino-g7h.ru,gambling
unlim-casino-h8i.ru,gambling
unlim-casino-i9j.ru,gambling
unlim-casino-j0k.ru,gambling
unlim-casino-k1l.ru,gambling
unlim-casino-l2m.ru,gambling
unlim-casino-m3n.ru,gambling
unlim-casino-online.com,gambling
unlim-casino-online.org,gambling
unlim-casino-vip01.ru,gambling
unlim-casino-zerkalo.site,gambling
unlim-casino.biz,gambling
unlim-casino.click,gambling
unlim-casino.name,gambling
unlim-casino.online,gambling
unlim-casino1.click,gambling
unlim-casino2.click,gambling
unlim-casino3.click,gambling
unlim-casino5.click,gambling
unlim-casinoq.ru,gambling
unlim-casinow.ru,gambling
unlimcasino-1.click,gambling
unlimcasino-2024.click,gambling
unlimcasino-2024.fun,gambling
unlimcasino-2024.online,gambling
unlimcasino-3.click,gambling
unlimcasino-4.click,gambling
unlimcasino-4.ru,gambling
unlimcasino-5.ru,gambling
unlimcasino-bonus.click,gambling
unlimcasino-bonus.fun,gambling
unlimcasino-bonus.ru,gambling
unlimcasino-bonus1.click,gambling
unlimcasino-bonus1.fun,gambling
unlimcasino-bonus2.click,gambling
unlimcasino-bonus2.fun,gambling
unlimcasino-bonus2.ru,gambling
unlimcasino-bonus3.click,gambling
unlimcasino-bonus4.fun,gambling
unlimcasino-dsw.ru,gambling
unlimcasino-lol.fun,gambling
unlimcasino-p21.click,gambling
unlimcasino-pnh.ru,gambling
unlimcasino-pnp.click,gambling
unlimcasino-qwe.buzz,gambling
unlimcasino-sos.online,gambling
unlimcasino-vhod-1.ru,gambling
unlimcasino-vhod.click,gambling
unlimcasino-vhod.fun,gambling
unlimcasino-vhod.online,gambling
unlimcasino-vhod.ru,gambling
unlimcasino-vhod1.click,gambling
unlimcasino-vhod1.ru,gambling
unlimcasino.click,gambling
unlimcasino.com,gambling
unlimcasino1.com,gambling
unlimcasino10.com,gambling
unlimcasino10.ru,gambling
unlimcasino11.com,gambling
unlimcasino11.ru,gambling
unlimcasino19.com,gambling
unlimcasino20.com,gambling
unlimcasino2024-1.click,gambling
unlimcasino2024-3.click,gambling
unlimcasino4.com,gambling
unlimcasino7777.ru,gambling
unlimcasinomobile1.ru,gambling
unlimcasinooff.com,gambling
unlimcasinopromo.online,gambling
unlimcasinoz.online,gambling
unlimit-casino-se.com,gambling
unlimit-casino-sweden.com,gambling
unlimitcasino.top,gambling
unlimitedcasinobetting.com,gambling
unlimm-casino.ru,gambling
unobet-casinoaa.com,gambling
unocasino.com,gambling
unpretentiouslyluxurious.com,gambling
upicasinos.in,gambling
upperulslotcasino.shop,gambling
uptown-pokies-casinos.com,gambling
uptownaces.eu,gambling
uptownacescasino.top,gambling
uptownacescasino.us,gambling
uptownpokiescasino.net,gambling
uptownpokiescasino.top,gambling
uptownpokiescasino1.com,gambling
urban75.com,drugs
urbangrower.com,drugs
uri-casino.com,gambling
urineluck.com,drugs
ursacasino.com,gambling
us-meds.com,drugs
us-online-casinos.com,gambling
usa-casino-online.com,gambling
usacasino9.com,gambling
usacasinoexpert.com,gambling
usacasinohub.com,gambling
usacasinosites.org,gambling
usacrowncasino.com,gambling
usagamblingnetwork.com,gambling
usaonlinecasino.com,gambling
usaonlinecasinos1.com,gambling
usaonlinecasinosi.com,gambling
usapokerportal.com,gambling
usaslots.com,gambling
uscasinoadvantage.com,gambling
uscasinobonuscode.com,gambling
uscasinohub.com,gambling
uscasinopro.com,gambling
uscasinopros.com,gambling
uscasinoreal.com,gambling
uscasinos.com,gambling
uscasinosrated.com,gambling
usedbongs.com,drugs
usemywalletcasinos.biz,gambling
userslotplus.com,gambling
usonlinecasino.com,gambling
uspoker.com,gambling
usrealcasino.com,gambling
usrealcasinos.com,gambling
ustanova-iboga.si,drugs
utahcasinos.com,gambling
utamasbobet.com,gambling
utansvensklicens.casino,gambling
utansvensklicenscasino.com,gambling
utemountaincasino.com,gambling
utszfo.ru,gambling
uudpr.org,drugs
uusicasinorank.com,gambling
uustotosuper.com,gambling
uvindthethier.nl,gambling
uwin33.org,gambling
uwin33sgd.org,gambling
v1xbet.ru,gambling
v24casino.com,gambling
v2htohzhjo.cariepictoto.pro,gambling
v52casino.top,gambling
v777casino.com,gambling
vacationtolasvegas.com,gambling
vaidebet.com,gambling
vaidebob.com,gambling
vaksin99bola.com,gambling
valangacasino.com,gambling
valleyviewcasino.com,gambling
valottery.com,gambling
vanessa-casino.com,gambling
vapehyper.co.za,gambling
vas2023.com,gambling
vasycasino.com,gambling
vasycasino2.com,gambling
vauhticasino.click,gambling
vavaada.casino,gambling
vavada-777-casino.fun,gambling
vavada-casino-001.buzz,gambling
vavada-casino-cnj.buzz,gambling
vavada-casino-game.live,gambling
vavada-casino-game.online,gambling
vavada-casino-game.pro,gambling
vavada-casino-games.live,gambling
vavada-casino-games.pro,gambling
vavada-casino-games.today,gambling
vavada-casino-games.top,gambling
vavada-casino-gg.buzz,gambling
vavada-casino-hungary.com,gambling
vavada-casino-jdy.buzz,gambling
vavada-casino-kz.kz,gambling
vavada-casino-md.buzz,gambling
vavada-casino-ofcl.com,gambling
vavada-casino-officialnii721.win,gambling
vavada-casino-officialnyi984.win,gambling
vavada-casino-officials.com,gambling
vavada-casino-oficialnie965.win,gambling
vavada-casino-oficialnysite554.win,gambling
vavada-casino-online-777.ru,gambling
vavada-casino-port.com,gambling
vavada-casino-reviews-de.space,gambling
vavada-casino-reviews-en.space,gambling
vavada-casino-reviews-fi.website,gambling
vavada-casino-reviews-fr.space,gambling
vavada-casino-reviews-fr.website,gambling
vavada-casino-reviews-it.space,gambling
vavada-casino-reviews-lt.website,gambling
vavada-casino-reviews-lv.space,gambling
vavada-casino-reviews-lv.website,gambling
vavada-casino-reviews-nl.website,gambling
vavada-casino-reviews-no.space,gambling
vavada-casino-reviews-no.website,gambling
vavada-casino-reviews-pl.space,gambling
vavada-casino-reviews-ru.space,gambling
vavada-casino-reviews-sk.website,gambling
vavada-casino-reviews-so.space,gambling
vavada-casino-reviews-sq.space,gambling
vavada-casino-reviews-tr.space,gambling
vavada-casino-reviews-uk.space,gambling
vavada-casino-slots.online,gambling
vavada-casino-top.live,gambling
vavada-casino-top1.com,gambling
vavada-casino-top745.win,gambling
vavada-casino-tzm.xyz,gambling
vavada-casino-wen.buzz,gambling
vavada-casino-zerkalo.org,gambling
vavada-casino.com.br,gambling
vavada-casino.com.ua,gambling
vavada-casino.guru,gambling
vavada-casino.world,gambling
vavada-casino001.buzz,gambling
vavada-casino003.buzz,gambling
vavada-casino1000.buzz,gambling
vavada-casino22.buzz,gambling
vavada-casino3.com,gambling
vavada-casino3.online,gambling
vavada-casino44.buzz,gambling
vavada-casino55.buzz,gambling
vavada-casino66.buzz,gambling
vavada-casino777.guru,gambling
vavada-casino88.buzz,gambling
vavada-casino888.buzz,gambling
vavada-casino99.buzz,gambling
vavada-casino999.buzz,gambling
vavada-casinocom.xyz,gambling
vavada-casinos-zerkalo.com,gambling
vavada-casinot.buzz,gambling
vavada-casinou.buzz,gambling
vavada-casinovavada.ru,gambling
vavada-gambling.com,gambling
vavada-online-casino-official.top,gambling
vavada-online-casino.org,gambling
vavadacasino-official-win.win,gambling
vavadacasino-official.com,gambling
vavadacasino-oficialnoe874.win,gambling
vavadacasino-online.fun,gambling
vavadacasino-reg.games,gambling
vavadacasino-top662.win,gambling
vavadacasino-ug.top,gambling
vavadacasino.autos,gambling
vavadacasino.boats,gambling
vavadacasino.dance,gambling
vavadacasino.eu,gambling
vavadacasino.fun,gambling
vavadacasino.guru,gambling
vavadacasino.icu,gambling
vavadacasino.lt,gambling
vavadacasino.lv,gambling
vavadacasino.net,gambling
vavadacasino.stream,gambling
vavadacasino.yachts,gambling
vavadacasino2.xyz,gambling
vavadacasino23.xyz,gambling
vavadacasino777.org,gambling
vavadacasino8.top,gambling
vavadacasinocom.ru,gambling
vavadacasinolive.ru,gambling
vavadacasinos-vip51.win,gambling
vavadacasinosite562.win,gambling
vavadacasinosite673.win,gambling
vavadakzcasino.kz,gambling
vavadaslots1.pro,gambling
vaycasino-giris.xyz,gambling
vbellagio.com,gambling
vbet.fr,gambling
vbetcasino.top,gambling
vbetcasinoapp.online,gambling
vblackjack.net,gambling
vbooter.org,dangerous_material
vd-casino-turkiye.com,gambling
vd-casino-turkiye1.com,gambling
vdara.ae,gambling
vdbs.org,gambling
vdcasino.fun,gambling
vdcasino897.com,gambling
vdcasinoturkey.top,gambling
vdcasinoyagiris.com,gambling
vdos-s.com,dangerous_material
vegadream-casino.top,gambling
vegadreamcasino.top,gambling
vegas-legacy-casino.ru,gambling
vegas-plus-casino.org,gambling
vegas-plus-casino.top,gambling
vegas11-casino.in,gambling
vegascasino.io,gambling
vegascasino365.com,gambling
vegascasinobar.com,gambling
vegascasinodeutsch.de,gambling
vegascasinoevents.com,gambling
vegascasinoonline.eu,gambling
vegascasinoonline.net,gambling
vegascasinoslots777.com,gambling
vegascasinosresort.com,gambling
vegascountrycasino.com,gambling
vegascrestcasino.ag,gambling
vegascrestcasino.top,gambling
vegasecasinobets.com,gambling
vegasfrontier.biz,gambling
vegasinfinite.com,gambling
vegasmetro.com,gambling
vegasmgmgrand.com,gambling
vegasmiragecasino.com,gambling
vegasmobilecasino.co.uk,gambling
vegasoddscasino.com,gambling
vegaspalms.com,gambling
vegaspalmscasino.com,gambling
vegasparadise.com,gambling
vegasplus-casino-france.com,gambling
vegasplus-casino.fr,gambling
vegasplus-casino.org,gambling
vegasplus.com,gambling
vegaspluscasino.click,gambling
vegaspluscasino.es,gambling
vegaspluscasino.site,gambling
vegaspluscasino.world,gambling
vegaspluscasino8.com,gambling
vegasreality.com,gambling
vegasred.com,gambling
vegasslotcasino.com,gambling
vegastexasholdem.net,gambling
vegasvilla.com,gambling
vegasx-casino.com,gambling
vegaz-casino.top,gambling
vegazcasino.click,gambling
vegazcasino.com,gambling
vegazcasino.top,gambling
veilig.casino,gambling
velo-fresh-casino.top,gambling
velo-freshcasino.top,gambling
velobet-casino.com,gambling
velobet-casino.uk,gambling
velonorcasino.com,gambling
velvetbingo.com,gambling
velvetslots.com,gambling
velvetspincasino1.com,gambling
venebet365.com,gambling
venus55casino.com,gambling
venuscasino.top,gambling
verajohn.com,gambling
verajohncasino.com,gambling
verde-casino.click,gambling
verde-casino.org.pl,gambling
verde-casino.space,gambling
verdecasino-deu.site,gambling
verdecasino-offers.com,gambling
verdecasino.click,gambling
verdecasino.com,gambling
verdecasino.top,gambling
verdecasinopro.com,gambling
verdecasinowatch.com,gambling
vernons.com,gambling
versaillescasino.top,gambling
versus-odds-casinos-list.com,gambling
versus.es,gambling
versuscasino.click,gambling
versuscasino.top,gambling
vfcasino.com,gambling
vg99casino.net,gambling
vg99casino.pro,gambling
viacasinos.com,gambling
viagra-for-love.net,drugs
viagracokr.org,gambling
vibecasino.com,gambling
vibecasino7.eu,gambling
vic3casino.com,gambling
victor96casino.com,gambling
victoriacasinogambling.com,gambling
victorycasinocruises.com,gambling
vicunacasino.com,gambling
videocasinospoker.com,gambling
videopoker.com,gambling
videopokercasino.site,gambling
videopokerclassic.com,gambling
videopokergambler.com,gambling
videoslots.ca,gambling
videoslots.com,gambling
videoslots24.se,gambling
videoslotscasino.com,gambling
videoslotscasino.org,gambling
videoslotscasino.top,gambling
videoslotstv.com,gambling
vidiad.com,gambling
viecasino.com,gambling
vietnamcasinoreviews.com,gambling
vietnamelciligi.com,gambling
vietnamonlinecasino.com,gambling
viettel.mobi,gambling
viewscasino.info,gambling
viggoslotscasino.com,gambling
viggoslotscasino.fr,gambling
viggoslotscasino.top,gambling
vigiswisscasino.com,gambling
vikscasino-uz.com,gambling
vildmedcasino.dk,gambling
vildmedlivecasino.dk,gambling
vildmedonlinecasino.dk,gambling
villascheyosnexpa.com,gambling
villento.com,gambling
villentocasino.top,gambling
vin-diggers-casino.fun,gambling
vincicasinoonline.com,gambling
vincitucasino.top,gambling
vindercasino.top,gambling
vinnericasino.top,gambling
vintage-casino.co.uk,gambling
vip-casino.com.ua,gambling
vip-casino.net.ua,gambling
vip-casino.org.ua,gambling
vip-casino.top,gambling
vip-casinogames.com,gambling
vip-casinox929.ru,gambling
vip-club-casino.me,gambling
vip1win.ru,gambling
vip888casino.top,gambling
vipaucasinosonline.com,gambling
vipbonusycasino.com,gambling
vipcasiino-3dslots.top,gambling
vipcasino-action.top,gambling
vipcasino-hu.click,gambling
vipcasino-split.top,gambling
vipcasino-ua.pro,gambling
vipcasino.com,gambling
vipcasino.net.ua,gambling
vipcasino777.ru,gambling
vipcasinoapp.com,gambling
vipcasinobet77.com,gambling
vipcasinobet77.life,gambling
vipcasinobet77.net,gambling
vipcasinoguides.com,gambling
vipcasinohu.click,gambling
vipcasinolisting.shop,gambling
vipcasinos.nl,gambling
vipcasinos.xyz,gambling
vipchilecasinohotel.com,gambling
vipclubonlinecasino.com,gambling
vipcoincasino.com,gambling
viperslots.com,gambling
viperspin.org,gambling
vipglobalcasinos.com,gambling
vipgoldfishka.com,gambling
vipscasinos.com,gambling
vipslot156.com,gambling
vipslot160.com,gambling
vipslot166.com,gambling
vipslot169.com,gambling
vipslot176.com,gambling
vipslot179.com,gambling
vipslot180.com,gambling
vipslot181.com,gambling
vipslot182.com,gambling
vipslots.com,gambling
viptopscasinos.shop,gambling
viracasinoguncel.com,gambling
viralcasino.net,gambling
virginbet.com,gambling
virgincasino.xyz,gambling
virginmarycasino.com,gambling
virginpoker.it,gambling
virtual-casinos.org,gambling
virtual-soccer.net,gambling
virtualbetcasino.com,gambling
virtualcitycasino.com,gambling
virtualscasinobet.com,gambling
virtuosocasinoso.com,gambling
visacasino-canada.top,gambling
visacasino-ru.top,gambling
visacasino-uk.top,gambling
visacasinos-us.top,gambling
visaelectroncasino-us.top,gambling
visaelectroncasino.top,gambling
visitorbet6.com,gambling
vistabet.com,gambling
vivaro-casino.click,gambling
vivarocasino.click,gambling
vivarocasino.top,gambling
vivarocasino.world,gambling
vive-mon-casino.fr,gambling
vivement-casino.com,gambling
vivemoncasino.fr,gambling
vivemoncasino.top,gambling
viverdecasino.com,gambling
vivi-casinouz.com,gambling
vivicasino-uz.club,gambling
vivicasino-uz.com,gambling
vizebet125.com,gambling
vizebet126.com,gambling
vizebet127.com,gambling
vizyonbet355.com,gambling
vladcasino.top,gambling
vlc-slots.net,gambling
vlc-slots.xyz,gambling
vlk-casino5.com,gambling
vlk-slots.xyz,gambling
vlkcasino.xyz,gambling
vlkgamblespay.com,gambling
vloot.io,gambling
vn-88-casino.com,gambling
vncasinoreview.com,gambling
vodka-casino-e1k.ru,gambling
vodka-casino-e5b.ru,gambling
vodka-casino-f6a.ru,gambling
vodka-casino-g3n.ru,gambling
vodka-casino-up.site,gambling
vodka-casino-win.ru,gambling
vodka-casinobonus.su,gambling
vodkacasino-2024.su,gambling
vodkacasino-bet1.ru,gambling
vodkacasino-moscow.ru,gambling
vodkacasino-tnom.xyz,gambling
vodkacasino-yras.xyz,gambling
vodkacasino-zerkalo.ru,gambling
vodkacasino.company,gambling
vodkacasino.one,gambling
vodkacasino.org,gambling
vodkacasino.sbs,gambling
vodkacasino17.ru,gambling
vodkacasino71.ru,gambling
vodkacasinobet1.ru,gambling
vodkacasinobetsite101.ru,gambling
vodkacasinobetsite102.ru,gambling
vodkacasinobetsite1101.ru,gambling
vodkacasinobetsite1102.ru,gambling
vodkacasinobetsite1201.ru,gambling
vodkacasinobetsite1301.ru,gambling
vodkacasinobetsite1401.ru,gambling
vodkacasinobetsite1501.ru,gambling
vodkacasinobetsite1601.ru,gambling
vodkacasinobetsite1701.ru,gambling
vodkacasinobetsite1702.ru,gambling
vodkacasinobetsite1801.ru,gambling
vodkacasinobetsite1901.ru,gambling
vodkacasinobetsite2001.ru,gambling
vodkacasinobetsite201.ru,gambling
vodkacasinobetsite2101.ru,gambling
vodkacasinobetsite301.ru,gambling
vodkacasinobetsite302.ru,gambling
vodkacasinobetsite401.ru,gambling
vodkacasinobetsite501.ru,gambling
vodkacasinobetsite502.ru,gambling
vodkacasinobetsite601.ru,gambling
vodkacasinobetsite801.ru,gambling
vodkacasinobetsite901.ru,gambling
vodkacasinogo.ru,gambling
vogliadivincerecasino.top,gambling
vol-casino-fresh.com,gambling
vol-fresh-casino.top,gambling
vol-sol-casino.com,gambling
volcanicgameslots.com,gambling
volna-casino-61.ru,gambling
volna-casino-61.top,gambling
volna-casino-fest.com,gambling
volna-casino-fest.ru,gambling
volna-casino-fest.top,gambling
volna-casino-fest1.com,gambling
volna-casino-fest1.ru,gambling
volna-casino-fest1.top,gambling
volna-casino-fest2.com,gambling
volna-casino-fest2.ru,gambling
volna-casino-fest3.com,gambling
volna-casino-fest3.ru,gambling
volna-casino-fest4.com,gambling
volna-casino-fest4.ru,gambling
volna-casino-fest5.com,gambling
volna-casino-fest6.com,gambling
volna-casino-line.ru,gambling
volna-casino-line.top,gambling
volna-casino-line1.ru,gambling
volna-casino-line1.top,gambling
volna-casino-line2.ru,gambling
volna-casino-line2.top,gambling
volna-casino-line3.ru,gambling
volna-casino-line3.top,gambling
volna-casino-line4.top,gambling
volna-casino-line5.top,gambling
volna-casino-line6.top,gambling
volna-casino-line7.top,gambling
volna-casino-lud-v.top,gambling
volna-casino-lud.top,gambling
volna-casino-ludi.com,gambling
volna-casino-ludivokug.club,gambling
volna-casino-ludivokug.com,gambling
volna-casino-ludivokug.top,gambling
volna-casino-ludv.top,gambling
volna-casino-nhp-fes.com,gambling
volna-casino-nhp.top,gambling
volna-casino-nhpfes.com,gambling
volna-casino-nk.ru,gambling
volna-casino-official.net,gambling
volna-casino-online.click,gambling
volna-casino-online.ru,gambling
volna-casino-online.top,gambling
volna-casino-online2.top,gambling
volna-casino-play.com,gambling
volna-casino-play.top,gambling
volna-casino-play1.top,gambling
volna-casino-play2.top,gambling
volna-casino-play3.top,gambling
volna-casino-podarki.com,gambling
volna-casino-podarki.ru,gambling
volna-casino-podarki.top,gambling
volna-casino-podarki1.ru,gambling
volna-casino-podarki1.top,gambling
volna-casino-podarki2.ru,gambling
volna-casino-podarki2.top,gambling
volna-casino-ru.top,gambling
volna-casino-ru1.top,gambling
volna-casino-ru2.top,gambling
volna-casino-ru3.top,gambling
volna-casino-ru4.top,gambling
volna-casino-ru5.top,gambling
volna-casino-ru6.top,gambling
volna-casino-ru7.top,gambling
volna-casino-ru8.top,gambling
volna-casino-ru9.top,gambling
volna-casino-sportnorm.com,gambling
volna-casino-sportnorm.ru,gambling
volna-casino-stela.ru,gambling
volna-casino-stela.top,gambling
volna-casino-vr.com,gambling
volna-casino-vr.ru,gambling
volna-casino-vr.top,gambling
volna-casino-z.com,gambling
volna-casino.click,gambling
volna-casino.club,gambling
volna-casino.co,gambling
volna-casino.com.ua,gambling
volna-casino.info,gambling
volna-casino.kz,gambling
volna-casino.net,gambling
volna-casino.one,gambling
volna-casino.online,gambling
volna-casino.org,gambling
volna-casino.top,gambling
volna-casino.vip,gambling
volna-casino2023-1.top,gambling
volna-casino2023-2.top,gambling
volna-casino2023-3.top,gambling
volna-casino208.com,gambling
volna-casino209.com,gambling
volna-casino210.com,gambling
volna-casino24.top,gambling
volna-casino25.top,gambling
volna-casino26.com,gambling
volna-casino26.top,gambling
volna-casino27.com,gambling
volna-casino27.top,gambling
volna-casino28.com,gambling
volna-casino28.top,gambling
volna-casino29.com,gambling
volna-casino29.top,gambling
volna-casino30.top,gambling
volna-casino306.com,gambling
volna-casino307.com,gambling
volna-casino308.com,gambling
volna-casino309.com,gambling
volna-casino31.top,gambling
volna-casino32.top,gambling
volna-casino33.top,gambling
volna-casino34.top,gambling
volna-casino35.ru,gambling
volna-casino36.ru,gambling
volna-casino37.ru,gambling
volna-casino408.com,gambling
volna-casino409.com,gambling
volna-casino410.com,gambling
volna-casino7-77.top,gambling
volna-casino7.top,gambling
volna-casino77.com,gambling
volna-casinos.com,gambling
volna-casinos.top,gambling
volna-online-casino.com,gambling
volnacasino-2023.top,gambling
volnacasino-61.ru,gambling
volnacasino-61.top,gambling
volnacasino-77.top,gambling
volnacasino-cloud.com,gambling
volnacasino-cloud.ru,gambling
volnacasino-cloud.top,gambling
volnacasino-cloud1.ru,gambling
volnacasino-cloud1.top,gambling
volnacasino-cloud2.ru,gambling
volnacasino-cloud2.top,gambling
volnacasino-cloud3.ru,gambling
volnacasino-cloud3.top,gambling
volnacasino-cloud4.top,gambling
volnacasino-doma.com,gambling
volnacasino-doma.top,gambling
volnacasino-doma1.top,gambling
volnacasino-ds.com,gambling
volnacasino-ente1t.com,gambling
volnacasino-ezns.sbs,gambling
volnacasino-fest.club,gambling
volnacasino-fest.com,gambling
volnacasino-fest1.club,gambling
volnacasino-fest1.top,gambling
volnacasino-fest10.ru,gambling
volnacasino-fest11.ru,gambling
volnacasino-fest12.ru,gambling
volnacasino-fest13.ru,gambling
volnacasino-fest2.club,gambling
volnacasino-fest2.top,gambling
volnacasino-fest3.club,gambling
volnacasino-fest3.top,gambling
volnacasino-fest4.top,gambling
volnacasino-fest6.top,gambling
volnacasino-fest7.top,gambling
volnacasino-fest8.top,gambling
volnacasino-fest9.top,gambling
volnacasino-fl1.ru,gambling
volnacasino-fl2.ru,gambling
volnacasino-fl3.ru,gambling
volnacasino-fl4.ru,gambling
volnacasino-fl5.ru,gambling
volnacasino-grap.com,gambling
volnacasino-grap.top,gambling
volnacasino-grap10.top,gambling
volnacasino-grap11.ru,gambling
volnacasino-grap11.top,gambling
volnacasino-grap12.ru,gambling
volnacasino-grap12.top,gambling
volnacasino-grap13.ru,gambling
volnacasino-grap14.ru,gambling
volnacasino-grap15.ru,gambling
volnacasino-grap4.top,gambling
volnacasino-grap5.top,gambling
volnacasino-grap6.top,gambling
volnacasino-grap7.top,gambling
volnacasino-grap8.top,gambling
volnacasino-grap9.top,gambling
volnacasino-jans.com,gambling
volnacasino-jans.top,gambling
volnacasino-jans10.top,gambling
volnacasino-jans11.top,gambling
volnacasino-jans12.top,gambling
volnacasino-jans13.top,gambling
volnacasino-jans14.ru,gambling
volnacasino-jans14.top,gambling
volnacasino-jans15.ru,gambling
volnacasino-jans2.top,gambling
volnacasino-jans20.ru,gambling
volnacasino-jans21.ru,gambling
volnacasino-jans4.top,gambling
volnacasino-jans6.top,gambling
volnacasino-jans8.top,gambling
volnacasino-jans9.top,gambling
volnacasino-line.com,gambling
volnacasino-line.top,gambling
volnacasino-lud-v.top,gambling
volnacasino-lud.top,gambling
volnacasino-ludv.top,gambling
volnacasino-market.com,gambling
volnacasino-market.top,gambling
volnacasino-matte.com,gambling
volnacasino-matte.ru,gambling
volnacasino-matte.top,gambling
volnacasino-matte1.ru,gambling
volnacasino-matte1.top,gambling
volnacasino-matte2.ru,gambling
volnacasino-matte2.top,gambling
volnacasino-matte3.ru,gambling
volnacasino-matte4.ru,gambling
volnacasino-msk.com,gambling
volnacasino-msk.ru,gambling
volnacasino-msk.top,gambling
volnacasino-msk1.ru,gambling
volnacasino-msk1.top,gambling
volnacasino-msk2.ru,gambling
volnacasino-msk3.ru,gambling
volnacasino-mya.ru,gambling
volnacasino-mya2.ru,gambling
volnacasino-myata2.top,gambling
volnacasino-myata3.top,gambling
volnacasino-myata4.top,gambling
volnacasino-myata5.top,gambling
volnacasino-myata6.top,gambling
volnacasino-myata7.top,gambling
volnacasino-myata8.top,gambling
volnacasino-myata9.top,gambling
volnacasino-nhpf.top,gambling
volnacasino-nk.com,gambling
volnacasino-nk.ru,gambling
volnacasino-nk1.top,gambling
volnacasino-nk2.top,gambling
volnacasino-nk4.top,gambling
volnacasino-nk5.top,gambling
volnacasino-nk6.top,gambling
volnacasino-nk7.top,gambling
volnacasino-nk8.top,gambling
volnacasino-obraz10.top,gambling
volnacasino-obraz11.top,gambling
volnacasino-obraz12.top,gambling
volnacasino-obraz13.top,gambling
volnacasino-obraz14.top,gambling
volnacasino-obraz15.ru,gambling
volnacasino-obraz15.top,gambling
volnacasino-obraz16.ru,gambling
volnacasino-obraz17.ru,gambling
volnacasino-obraz18.ru,gambling
volnacasino-obraz19.ru,gambling
volnacasino-obraz2.top,gambling
volnacasino-obraz20.ru,gambling
volnacasino-obraz3.top,gambling
volnacasino-obraz4.top,gambling
volnacasino-obraz5.top,gambling
volnacasino-obraz6.top,gambling
volnacasino-obraz9.top,gambling
volnacasino-official.org,gambling
volnacasino-onl3.ru,gambling
volnacasino-onl4.ru,gambling
volnacasino-onl5.ru,gambling
volnacasino-online.com,gambling
volnacasino-online1.ru,gambling
volnacasino-online1.top,gambling
volnacasino-online10.top,gambling
volnacasino-online11.top,gambling
volnacasino-online12.top,gambling
volnacasino-online2.ru,gambling
volnacasino-online2.top,gambling
volnacasino-online3.top,gambling
volnacasino-online4.top,gambling
volnacasino-online6.top,gambling
volnacasino-online7.top,gambling
volnacasino-online8.top,gambling
volnacasino-online9.top,gambling
volnacasino-ozns.sbs,gambling
volnacasino-play.com,gambling
volnacasino-pod.com,gambling
volnacasino-pod.ru,gambling
volnacasino-pod1.top,gambling
volnacasino-pod10.top,gambling
volnacasino-pod11.top,gambling
volnacasino-pod12.top,gambling
volnacasino-pod13.top,gambling
volnacasino-pod14.top,gambling
volnacasino-pod15.top,gambling
volnacasino-pod2.ru,gambling
volnacasino-pod2.top,gambling
volnacasino-pod3.ru,gambling
volnacasino-pod3.top,gambling
volnacasino-pod4.ru,gambling
volnacasino-pod4.top,gambling
volnacasino-pod5.ru,gambling
volnacasino-pod5.top,gambling
volnacasino-pod6.top,gambling
volnacasino-pod8.top,gambling
volnacasino-pod9.top,gambling
volnacasino-pov.com,gambling
volnacasino-pov.ru,gambling
volnacasino-pov.top,gambling
volnacasino-pov1.top,gambling
volnacasino-pov2.top,gambling
volnacasino-pov3.top,gambling
volnacasino-rh10.club,gambling
volnacasino-rh11.club,gambling
volnacasino-rh12.club,gambling
volnacasino-rh13.club,gambling
volnacasino-rh14.club,gambling
volnacasino-rh14.ru,gambling
volnacasino-rh15.ru,gambling
volnacasino-rh3.club,gambling
volnacasino-rh4.club,gambling
volnacasino-rh5.club,gambling
volnacasino-rh6.club,gambling
volnacasino-rh7.club,gambling
volnacasino-rh8.club,gambling
volnacasino-rh9.club,gambling
volnacasino-rsw.top,gambling
volnacasino-rsw10.ru,gambling
volnacasino-rsw11.ru,gambling
volnacasino-rsw3.top,gambling
volnacasino-rsw4.top,gambling
volnacasino-rsw5.top,gambling
volnacasino-rsw6.top,gambling
volnacasino-rsw7.top,gambling
volnacasino-rsw8.top,gambling
volnacasino-rsw9.top,gambling
volnacasino-ru.top,gambling
volnacasino-ru1.top,gambling
volnacasino-serdce.com,gambling
volnacasino-serdce10.top,gambling
volnacasino-serdce11.top,gambling
volnacasino-serdce12.top,gambling
volnacasino-serdce13.top,gambling
volnacasino-serdce14.top,gambling
volnacasino-serdce15.top,gambling
volnacasino-serdce2.top,gambling
volnacasino-serdce3.top,gambling
volnacasino-serdce4.top,gambling
volnacasino-serdce7.top,gambling
volnacasino-serdce8.top,gambling
volnacasino-serdce9.top,gambling
volnacasino-slots.com,gambling
volnacasino-spb.com,gambling
volnacasino-spb.top,gambling
volnacasino-spb1.top,gambling
volnacasino-spb2.top,gambling
volnacasino-spb3.top,gambling
volnacasino-spb4.top,gambling
volnacasino-spb5.top,gambling
volnacasino-spb6.top,gambling
volnacasino-spb7.top,gambling
volnacasino-st.ru,gambling
volnacasino-st2.ru,gambling
volnacasino-stela.ru,gambling
volnacasino-stela.top,gambling
volnacasino-top.ru,gambling
volnacasino-top1.ru,gambling
volnacasino-top3.ru,gambling
volnacasino-trade.ru,gambling
volnacasino-trade.top,gambling
volnacasino-trade1.ru,gambling
volnacasino-trade2.ru,gambling
volnacasino-trade3.ru,gambling
volnacasino-trade4.ru,gambling
volnacasino-urban.com,gambling
volnacasino-urban1.top,gambling
volnacasino-urban3.top,gambling
volnacasino-urban4.top,gambling
volnacasino-urban5.top,gambling
volnacasino-urban6.top,gambling
volnacasino-urban7.top,gambling
volnacasino-veo.buzz,gambling
volnacasino-vr.com,gambling
volnacasino-vr.ru,gambling
volnacasino-vr.top,gambling
volnacasino-work.kz,gambling
volnacasino-zal.ru,gambling
volnacasino-zal1.ru,gambling
volnacasino-zal2.ru,gambling
volnacasino-zal3.ru,gambling
volnacasino.art,gambling
volnacasino.best,gambling
volnacasino.click,gambling
volnacasino.com.kz,gambling
volnacasino.com.ua,gambling
volnacasino.info,gambling
volnacasino.kz,gambling
volnacasino.net,gambling
volnacasino.network,gambling
volnacasino.one,gambling
volnacasino.org,gambling
volnacasino.top,gambling
volnacasino.vip,gambling
volnacasino1.kz,gambling
volnacasino1.top,gambling
volnacasino10.top,gambling
volnacasino11.top,gambling
volnacasino12.top,gambling
volnacasino2.kz,gambling
volnacasino2.top,gambling
volnacasino3.top,gambling
volnacasino4.kz,gambling
volnacasino4.top,gambling
volnacasino5.top,gambling
volnacasino5.xyz,gambling
volnacasino6.xyz,gambling
volnacasino61.top,gambling
volnacasino7.top,gambling
volnacasino7.xyz,gambling
volnacasino8.top,gambling
volnacasino9.top,gambling
volnacasinointmus.com,gambling
volnacasinointmus11.ru,gambling
volnacasinointmus12.ru,gambling
volnacasinointmus14.ru,gambling
volnacasinointmus2.top,gambling
volnacasinointmus3.top,gambling
volnacasinointmus4.top,gambling
volnacasinointmus5.top,gambling
volnacasinointmus6.top,gambling
volnacasinointmus7.top,gambling
volnacasinointmus8.top,gambling
volnacasinointmus9.top,gambling
volnacasinokz10.com,gambling
volnacasinokz12.com,gambling
volnacasinokz8.com,gambling
volnacasinokz9.com,gambling
volnacasinonet.com,gambling
volnacasinonet.top,gambling
volnacasinonet10.top,gambling
volnacasinonet11.top,gambling
volnacasinonet12.ru,gambling
volnacasinonet12.top,gambling
volnacasinonet13.ru,gambling
volnacasinonet14.ru,gambling
volnacasinonet15.ru,gambling
volnacasinonet4.top,gambling
volnacasinonet6.top,gambling
volnacasinonet7.top,gambling
volnacasinonet8.top,gambling
volnacasinonet9.top,gambling
volnacasinorsw.com,gambling
volnacasinorus.ru,gambling
volnacasinos.ru,gambling
volnacasinos1.top,gambling
volnacasinos2.top,gambling
volnacasinos3.top,gambling
volnacasinosru.ru,gambling
volnacasinotcs.com,gambling
volnacasinotcs.top,gambling
volnacasinotcs2.ru,gambling
volnacasinotcs2.top,gambling
volnacasinotcs3.ru,gambling
volnacasinotcs4.ru,gambling
volnacasinotcs6.ru,gambling
volnacasinovip.com,gambling
voltacasino.org,gambling
voltcasinoutansvensklicens.se,gambling
voltzincasino.com.br,gambling
voordeelcasino.com,gambling
voslotcasino.ph,gambling
vovan-casino-official-site.ru,gambling
vovan-casino-official.pw,gambling
vovan-casino-official1.ru,gambling
vovan-casino-win.ru,gambling
vovan-casino.buzz,gambling
vovan-casino.net,gambling
vovancasino-ru.ru,gambling
vovancasino.win,gambling
vovancasino9.ru,gambling
vovancasinor.ru,gambling
vox-1casino.xyz,gambling
vox-casino-amp.ru,gambling
vox-casino-amp2.xyz,gambling
vpncasino.no,gambling
vr-volna-casino.ru,gambling
vr-volna-casino.top,gambling
vr-volnacasino.ru,gambling
vr-volnacasino.top,gambling
vse-casino-online.org,gambling
vse-casinoo.club,gambling
vse-casinoo.com,gambling
vse-casinoo.info,gambling
vse-casinoo.me,gambling
vse-casinoo.net,gambling
vse-casinoo.one,gambling
vse-casinoz.me,gambling
vsecasinotop555.com,gambling
vsee-casino.club,gambling
vsee-casino.com,gambling
vsee-casino.info,gambling
vsee-casino.me,gambling
vsee-casino.net,gambling
vsee-casino.one,gambling
vsetopcasino-raiting25.win,gambling
vsetopcasino.com,gambling
vsetopcasino4.com,gambling
vsetopcasinoraytingi2023.win,gambling
vsetopcasinosites-2023.win,gambling
vsetopcasinoslots2023.win,gambling
vsetopcasinoslotsyonline2023.win,gambling
vulcan-24casino.one,gambling
vulcan-777casino.top,gambling
vulcan-bet.biz,gambling
vulcan-bet.name,gambling
vulcan-bet.party,gambling
vulcan-bet.space,gambling
vulcan-bet.xyz,gambling
vulcan-casino-official-ru6.win,gambling
vulcan-casino-official-win2.win,gambling
vulcan-casino-official24.win,gambling
vulcan-casino-official29.win,gambling
vulcan-casino-official985.win,gambling
vulcan-casino.accountant,gambling
vulcan-casino.business,gambling
vulcan-casino.casa,gambling
vulcan-casino.dance,gambling
vulcan-casino.download,gambling
vulcan-casino.fun,gambling
vulcan-casino.futbol,gambling
vulcan-casino.group,gambling
vulcan-casino.loan,gambling
vulcan-casino.network,gambling
vulcan-casino.page,gambling
vulcan-casino.party,gambling
vulcan-casino.photos,gambling
vulcan-casino.review,gambling
vulcan-casino.shop,gambling
vulcan-casino.space,gambling
vulcan-neon-casino.top,gambling
vulcan-royal-casino.com,gambling
vulcan-slots.ru,gambling
vulcanbet.net,gambling
vulcanbet.one,gambling
vulcancasino-vip.com,gambling
vulcancasino.bid,gambling
vulcancasino.biz,gambling
vulcancasino.casa,gambling
vulcancasino.download,gambling
vulcancasino.email,gambling
vulcancasino.me,gambling
vulcancasino.monster,gambling
vulcancasino.rocks,gambling
vulcancasino.rodeo,gambling
vulcancasinobet.net,gambling
vulcancasinocanada.top,gambling
vulcanmaximum-casino.com,gambling
vulcanocasino.net,gambling
vulcanolimp-casino.xyz,gambling
vulcanpl-casino.net,gambling
vulcanplatinumcasino.com,gambling
vulcanrossiacasino.com,gambling
vulcanrossiyacasino.xyz,gambling
vulcanroyal-casinos.club,gambling
vulcanrussias-casino.xyz,gambling
vulk-plat-play.com,gambling
vulk-plat.com,gambling
vulk-platinum-play.com,gambling
vulk-platinum.cfd,gambling
vulk-platinum.club,gambling
vulk-platinum.fan,gambling
vulk-platinum.info,gambling
vulk-platinum.ink,gambling
vulk-platinum.net,gambling
vulk-platinum.org,gambling
vulk-platinum.vip,gambling
vulk-platinum.xyz,gambling
vulk.gold,gambling
vulk24casino.com,gambling
vulk24casino.net,gambling
vulkamaty.com,gambling
vulkan---stavka.ru,gambling
vulkan--stavkaplay.ru,gambling
vulkan-24-casino.net,gambling
vulkan-24-casino.org,gambling
vulkan-777.one,gambling
vulkan-77777.ru,gambling
vulkan-777777.ru,gambling
vulkan-apparaty.net,gambling
vulkan-avtomatynadengi.com,gambling
vulkan-best-offical.com,gambling
vulkan-best-offical.online,gambling
vulkan-best.club,gambling
vulkan-best.link,gambling
vulkan-best.me,gambling
vulkan-bet.click,gambling
vulkan-bet.info,gambling
vulkan-bet.link,gambling
vulkan-bet.men,gambling
vulkan-bet.name,gambling
vulkan-bet.party,gambling
vulkan-bet.space,gambling
vulkan-bet.uno,gambling
vulkan-bet.work,gambling
vulkan-bonuses.club,gambling
vulkan-casino-avtomaty.xyz,gambling
vulkan-casino-bonus.xyz,gambling
vulkan-casino-club.net,gambling
vulkan-casino-mirror.pw,gambling
vulkan-casino.accountant,gambling
vulkan-casino.beauty,gambling
vulkan-casino.bond,gambling
vulkan-casino.click,gambling
vulkan-casino.dance,gambling
vulkan-casino.fun,gambling
vulkan-casino.ltd,gambling
vulkan-casino.mobi,gambling
vulkan-casino.pictures,gambling
vulkan-casino.world,gambling
vulkan-casinoavtomaty.ru,gambling
vulkan-casinos.me,gambling
vulkan-cazino-online.top,gambling
vulkan-cazino.work,gambling
vulkan-club.best,gambling
vulkan-club.co,gambling
vulkan-club.info,gambling
vulkan-club.win,gambling
vulkan-clubcasino.online,gambling
vulkan-delux24.club,gambling
vulkan-deluxe.accountant,gambling
vulkan-deluxe.business,gambling
vulkan-deluxe.icu,gambling
vulkan-deluxe.loan,gambling
vulkan-deluxe.party,gambling
vulkan-deluxe.review,gambling
vulkan-deluxe.store,gambling
vulkan-deluxecasino.net,gambling
vulkan-dengi.com,gambling
vulkan-elit.monster,gambling
vulkan-elit.net,gambling
vulkan-elite.club,gambling
vulkan-elite.com,gambling
vulkan-ellit.com,gambling
vulkan-for-money.com,gambling
vulkan-for-money.net,gambling
vulkan-for-money.org,gambling
vulkan-igrovie-apparati.com,gambling
vulkan-igrovyea-vtomati.com,gambling
vulkan-igrovyyeavtomaty.com,gambling
vulkan-igry-online.club,gambling
vulkan-jackpot72.ru,gambling
vulkan-kasino.info,gambling
vulkan-king.accountant,gambling
vulkan-king.biz,gambling
vulkan-king.business,gambling
vulkan-king.cricket,gambling
vulkan-king.fun,gambling
vulkan-king.live,gambling
vulkan-king.loan,gambling
vulkan-king.ltd,gambling
vulkan-king.name,gambling
vulkan-king.page,gambling
vulkan-king.rocks,gambling
vulkan-king.space,gambling
vulkan-king.top,gambling
vulkan-king.website,gambling
vulkan-king.wiki,gambling
vulkan-klub.org,gambling
vulkan-klub.xyz,gambling
vulkan-legal-offcal.com,gambling
vulkan-legal.rocks,gambling
vulkan-licensed.com,gambling
vulkan-million-casino.xyz,gambling
vulkan-money.com,gambling
vulkan-na-dengi.online,gambling
vulkan-na-dengi.pro,gambling
vulkan-neon24.ru,gambling
vulkan-new.pro,gambling
vulkan-now.top,gambling
vulkan-officialsite.com,gambling
vulkan-officialsite.net,gambling
vulkan-officialsite.org,gambling
vulkan-oficialsite.com,gambling
vulkan-oficialsite.info,gambling
vulkan-oficialsite.net,gambling
vulkan-oficialsite.org,gambling
vulkan-olimp-wolf.ru,gambling
vulkan-online-casino.net,gambling
vulkan-online.business,gambling
vulkan-online.one,gambling
vulkan-original.best,gambling
vulkan-original.bid,gambling
vulkan-original.ltd,gambling
vulkan-original.one,gambling
vulkan-originalsite.com,gambling
vulkan-pl.com,gambling
vulkan-platin-play.com,gambling
vulkan-platina.xyz,gambling
vulkan-platina1.xyz,gambling
vulkan-platinum-casino.info,gambling
vulkan-platinum-casino.org,gambling
vulkan-platinum-casinos.buzz,gambling
vulkan-platinum-casinos.top,gambling
vulkan-platinum-casinos.xyz,gambling
vulkan-platinum-club.info,gambling
vulkan-platinum-club.org,gambling
vulkan-platinum-club.pro,gambling
vulkan-platinum-games.com,gambling
vulkan-platinum-official.club,gambling
vulkan-platinum-official.info,gambling
vulkan-platinum-official.net,gambling
vulkan-platinum-official.org,gambling
vulkan-platinum-official.pro,gambling
vulkan-platinum-officialsite.com,gambling
vulkan-platinum-site.com,gambling
vulkan-platinum-site.info,gambling
vulkan-platinum-site.net,gambling
vulkan-platinum-site.org,gambling
vulkan-platinum-zerkalo.info,gambling
vulkan-platinum-zerkalo.net,gambling
vulkan-platinum-zerkalo.org,gambling
vulkan-platinum.bid,gambling
vulkan-platinum.bond,gambling
vulkan-platinum.cam,gambling
vulkan-platinum.click,gambling
vulkan-platinum.guru,gambling
vulkan-platinum.live,gambling
vulkan-platinum.me,gambling
vulkan-platinum.rocks,gambling
vulkan-platinum.space,gambling
vulkan-platinum.wiki,gambling
vulkan-platinum17.online,gambling
vulkan-platinum17.ru,gambling
vulkan-platinum18.online,gambling
vulkan-platinum18.ru,gambling
vulkan-platinum19.ru,gambling
vulkan-platinum5.com,gambling
vulkan-platinumsite.club,gambling
vulkan-platinumsite.com,gambling
vulkan-platinumsite.fun,gambling
vulkan-platinumsite.info,gambling
vulkan-platinumsite.ltd,gambling
vulkan-platinumsite.net,gambling
vulkan-platinumsite.org,gambling
vulkan-platinumsite.pro,gambling
vulkan-platinumsite.vip,gambling
vulkan-platinumsite.xyz,gambling
vulkan-platinym24.ru,gambling
vulkan-prognozi.com,gambling
vulkan-rich.net,gambling
vulkan-royal-casino.co,gambling
vulkan-royal-casino.com,gambling
vulkan-royal-casino.net,gambling
vulkan-rus.bond,gambling
vulkan-russia-casino.biz,gambling
vulkan-russia-casino.fun,gambling
vulkan-russia-casino.net,gambling
vulkan-russia.info,gambling
vulkan-russia.ru,gambling
vulkan-russia13.ru,gambling
vulkan-russian.top,gambling
vulkan-russian.xyz,gambling
vulkan-sloti.ru,gambling
vulkan-slotmachines.pics,gambling
vulkan-slots-24.ru,gambling
vulkan-slots-casino.com,gambling
vulkan-slots.biz,gambling
vulkan-slots.co,gambling
vulkan-sloty24.ru,gambling
vulkan-stars-casino.net,gambling
vulkan-stars-casino.org,gambling
vulkan-stavka.pro,gambling
vulkan-udachy.ru,gambling
vulkan-ukraine.com.ua,gambling
vulkan-vegas-at.com,gambling
vulkan-vegas-casino-ro.com,gambling
vulkan-vegas-casino.ca,gambling
vulkan-vegas-casino.click,gambling
vulkan-vegas-casino.de,gambling
vulkan-vegas-casino.gr,gambling
vulkan-vegas-casino.nl,gambling
vulkan-vegas-casino.top,gambling
vulkan-vegas-casino2.com,gambling
vulkan-vegas-casino24.com,gambling
vulkan-vegas-chile.click,gambling
vulkan-vegas-gr.top,gambling
vulkan-vegas-greece.top,gambling
vulkan-vegas-hungary.click,gambling
vulkan-vegas-hungary.top,gambling
vulkan-vegas-nederland.top,gambling
vulkan-vegas-ua.top,gambling
vulkan-vip-club.net,gambling
vulkan-vip.biz,gambling
vulkan.fund,gambling
vulkan.games,gambling
vulkan.gold,gambling
vulkan.help,gambling
vulkan.legal,gambling
vulkan0.club,gambling
vulkan24-kasino.buzz,gambling
vulkan24-platinum.info,gambling
vulkan24-rjn.top,gambling
vulkan24-tej.top,gambling
vulkan24-wdb.top,gambling
vulkan24-zerkalo.ru,gambling
vulkan24.world,gambling
vulkan24casino.bid,gambling
vulkan24casino.download,gambling
vulkan24casino.live,gambling
vulkan24casino.page,gambling
vulkan24casino.party,gambling
vulkan24casino.space,gambling
vulkan24casino.wtf,gambling
vulkan24casino2.online,gambling
vulkan24casino3.online,gambling
vulkan24casino777.com,gambling
vulkan24casinopark.com,gambling
vulkan24play.ru,gambling
vulkan3.pro,gambling
vulkan5.club,gambling
vulkan6.club,gambling
vulkan7.club,gambling
vulkan777casino.info,gambling
vulkan777casino.net,gambling
vulkan777casino.org,gambling
vulkan777casino777.live,gambling
vulkan777club.xyz,gambling
vulkan777club5.ru,gambling
vulkan777platinum.com,gambling
vulkan77casino77.xyz,gambling
vulkan8.club,gambling
vulkan9.club,gambling
vulkanappjun.ru,gambling
vulkanavtomaty.org,gambling
vulkanbet.dev,gambling
vulkancas-online.com,gambling
vulkancas-online.info,gambling
vulkancas-online.net,gambling
vulkancas-online.org,gambling
vulkancas-online.top,gambling
vulkancash.com,gambling
vulkancashclub.com,gambling
vulkancashclub.net,gambling
vulkancashclub.org,gambling
vulkancasino-24.com,gambling
vulkancasino-ar.top,gambling
vulkancasino-argentina.top,gambling
vulkancasino-dengi.net,gambling
vulkancasino-dk.top,gambling
vulkancasino-gr.top,gambling
vulkancasino-ie.top,gambling
vulkancasino-nl.top,gambling
vulkancasino-no.top,gambling
vulkancasino-norway.top,gambling
vulkancasino-official.net,gambling
vulkancasino-official.org,gambling
vulkancasino-official.top,gambling
vulkancasino-online.net,gambling
vulkancasino-online.xyz,gambling
vulkancasino-ro.top,gambling
vulkancasino-sk.top,gambling
vulkancasino-sl.top,gambling
vulkancasino-ua.top,gambling
vulkancasino.link,gambling
vulkancasino.ltd,gambling
vulkancasino.quest,gambling
vulkancasino.racing,gambling
vulkancasino.science,gambling
vulkancasino.ua,gambling
vulkancasino.uno,gambling
vulkancasino.webcam,gambling
vulkancasino.wiki,gambling
vulkancasino.world,gambling
vulkancasino999.com,gambling
vulkancasinoclub.com,gambling
vulkancasinodenmark.top,gambling
vulkancasinodk.top,gambling
vulkancasinogreece.top,gambling
vulkancasinohu.top,gambling
vulkancasinohungary.top,gambling
vulkancasinolv.top,gambling
vulkancasinomexico.top,gambling
vulkancasinomoney.ru,gambling
vulkancasinonorway.top,gambling
vulkancasinoonline.net,gambling
vulkancasinoonline.org,gambling
vulkancasinoportugal.top,gambling
vulkancasinosl.top,gambling
vulkancasinosverige.top,gambling
vulkancasinoua.top,gambling
vulkancasinowe1.ru,gambling
vulkancasinowin.com,gambling
vulkancasonline.com,gambling
vulkancazino.one,gambling
vulkancazino.online,gambling
vulkanchampioncasino.com,gambling
vulkanchampiononlinecasino.com,gambling
vulkancityclub.net,gambling
vulkanclb-online.com,gambling
vulkanclb.top,gambling
vulkanclub-info.ru,gambling
vulkanclub-na-dengi.com,gambling
vulkanclub-na-dengi.org,gambling
vulkanclub-online.info,gambling
vulkanclub-online.org,gambling
vulkanclub.best,gambling
vulkanclub24.com,gambling
vulkanclub24.net,gambling
vulkancsno.ru,gambling
vulkandc.xyz,gambling
vulkandelux-game.top,gambling
vulkandelux.info,gambling
vulkandelux.ink,gambling
vulkandelux.vip,gambling
vulkandeluxe-casino.info,gambling
vulkandeluxe-casino.org,gambling
vulkandeluxe-kazino.club,gambling
vulkandeluxe-online.net,gambling
vulkandeluxe-online.org,gambling
vulkandeluxe.info,gambling
vulkandeluxe.link,gambling
vulkandeluxe.ltd,gambling
vulkandeluxe.name,gambling
vulkanelit.biz,gambling
vulkanelit.business,gambling
vulkanelit.click,gambling
vulkanelit.link,gambling
vulkanformoney.com,gambling
vulkanformoney.net,gambling
vulkanformoney.org,gambling
vulkangamblingclub.com,gambling
vulkangamescasino.net,gambling
vulkangamingclub.org,gambling
vulkangold.click,gambling
vulkangold.org,gambling
vulkangrand-kazino.ru,gambling
vulkanice.ru,gambling
vulkanigry.ru,gambling
vulkanjackpotclub.org,gambling
vulkanjet.ru,gambling
vulkanking.click,gambling
vulkanking.info,gambling
vulkanking.me,gambling
vulkanking.net,gambling
vulkanking.space,gambling
vulkanklub.org,gambling
vulkanluckyclub.net,gambling
vulkanluckyclub.org,gambling
vulkanmaximum-casino.xyz,gambling
vulkanmaximumcasino.xyz,gambling
vulkanmaximumcasino1.xyz,gambling
vulkanmaximumcasino2.xyz,gambling
vulkanmaximumcasino3.xyz,gambling
vulkanmillioncasino.xyz,gambling
vulkanmillioncasino1.xyz,gambling
vulkanmillioncasino2.xyz,gambling
vulkanmillioncasino3.xyz,gambling
vulkanmoney.net,gambling
vulkanmoneyapps-online.ru,gambling
vulkanmoscow.com,gambling
vulkanmoscow2.com,gambling
vulkann.com,gambling
vulkannadengi.com,gambling
vulkannadengi.net,gambling
vulkannadengi.org,gambling
vulkanneon.org,gambling
vulkannik-tur.ru,gambling
vulkano777.org,gambling
vulkanobzor.ru,gambling
vulkanocasinoonline.com,gambling
vulkanofficial.one,gambling
vulkanofficial.xyz,gambling
vulkanofficialclub.com,gambling
vulkanofficialclub.net,gambling
vulkanofficialclub.org,gambling
vulkanonline.club,gambling
vulkanonline.one,gambling
vulkanonlinecasino.ru,gambling
vulkanoriginal.best,gambling
vulkanoriginal.club,gambling
vulkanoriginal.co,gambling
vulkanoriginal.live,gambling
vulkanoriginal.pro,gambling
vulkanoriginal.vip,gambling
vulkanoriginals.name,gambling
vulkanp.com,gambling
vulkanpaycash.ru,gambling
vulkanplatinum-casino.info,gambling
vulkanplatinum-casino.org,gambling
vulkanplatinum-casino.pro,gambling
vulkanplatinum-casino.xyz,gambling
vulkanplatinum-club.com,gambling
vulkanplatinum-gamble.ru,gambling
vulkanplatinum-official.bid,gambling
vulkanplatinum-official.biz,gambling
vulkanplatinum-official.click,gambling
vulkanplatinum-official.club,gambling
vulkanplatinum-official.fun,gambling
vulkanplatinum-official.info,gambling
vulkanplatinum-official.life,gambling
vulkanplatinum-official.live,gambling
vulkanplatinum-official.ltd,gambling
vulkanplatinum-official.org,gambling
vulkanplatinum-official.vip,gambling
vulkanplatinum-official.xyz,gambling
vulkanplatinum-online.club,gambling
vulkanplatinum-online.net,gambling
vulkanplatinum-online.org,gambling
vulkanplatinum-slots.com,gambling
vulkanplatinum.bid,gambling
vulkanplatinum.cam,gambling
vulkanplatinum.club,gambling
vulkanplatinum.guru,gambling
vulkanplatinum.ink,gambling
vulkanplatinum.loan,gambling
vulkanplatinum.ltd,gambling
vulkanplatinum.one,gambling
vulkanplatinum.online,gambling
vulkanplatinum.pro,gambling
vulkanplatinum.quest,gambling
vulkanplatinum.review,gambling
vulkanplatinum.rocks,gambling
vulkanplatinum.vip,gambling
vulkanplatinum.wiki,gambling
vulkanplatinum.work,gambling
vulkanplatinum.world,gambling
vulkanplatinum22.com,gambling
vulkanplatinum2669-gamble.ru,gambling
vulkanplatno.club,gambling
vulkanplayslotcazino.ru,gambling
vulkanprestige-casino.click,gambling
vulkanrossia-casino.xyz,gambling
vulkanrossia.ru,gambling
vulkanrossiacasino.com,gambling
vulkanrossiya5.ru,gambling
vulkanroyal-casino.com,gambling
vulkanroyale.click,gambling
vulkanrus-casino.biz,gambling
vulkanrus-casino.org,gambling
vulkanrus-online.com,gambling
vulkanrus-online.info,gambling
vulkanrus-online.net,gambling
vulkanrus-online.org,gambling
vulkanrus.best,gambling
vulkanrus.bid,gambling
vulkanrus.biz,gambling
vulkanrus.co,gambling
vulkanrus.info,gambling
vulkanrus.net,gambling
vulkanrus.pro,gambling
vulkanrus.top,gambling
vulkanrussia-casino.biz,gambling
vulkanrussia-casino.xyz,gambling
vulkanrussia-games.com,gambling
vulkanrussia-info.ru,gambling
vulkanrussia-official.net,gambling
vulkanrussiaslots.com,gambling
vulkanrusskiy.ru,gambling
vulkans-casinos.ru,gambling
vulkanslots-ui1.ru,gambling
vulkanslots-ui2.ru,gambling
vulkanslotsui1.ru,gambling
vulkansplatinum.com,gambling
vulkanstars-casino.co,gambling
vulkanstars-casino.net,gambling
vulkanstars36.ru,gambling
vulkanstarsgaming.com,gambling
vulkanstarz.biz,gambling
vulkanstarz.org,gambling
vulkanstas-cas.ru,gambling
vulkanstavka.com,gambling
vulkanstavka2021.ru,gambling
vulkanstavkacasino.ru,gambling
vulkantravel.ru,gambling
vulkanvegas-austria.net,gambling
vulkanvegas-club.com,gambling
vulkanvegas-dk.click,gambling
vulkanvegas-lt.top,gambling
vulkanvegas-mexico.com,gambling
vulkanvegas-ro.top,gambling
vulkanvegas.casino,gambling
vulkanvegas24.net,gambling
vulkanvegascasino.click,gambling
vulkanvegascasino.top,gambling
vulkanvegascasino.xyz,gambling
vulkanwinclub.com,gambling
vulkanwinclub.net,gambling
vulkanwinclub.org,gambling
vulkanwinplay.ru,gambling
vulkanz1.ru,gambling
vulkanzerkala.com,gambling
vulkcasino.club,gambling
vulkcasino.fan,gambling
vulkcasino.org,gambling
vulkclub-online.bid,gambling
vulkclub-online.biz,gambling
vulknplatinume.click,gambling
vulknplatinumo.click,gambling
vulknrussia.click,gambling
vulkplat.com,gambling
vulkplatinum.bid,gambling
vulkplatinum.biz,gambling
vulkplatinum.cfd,gambling
vulkplatinum.click,gambling
vulkplatinum.cloud,gambling
vulkplatinum.club,gambling
vulkplatinum.co,gambling
vulkplatinum.fan,gambling
vulkplatinum.guru,gambling
vulkplatinum.info,gambling
vulkplatinum.ink,gambling
vulkplatinum.live,gambling
vulkplatinum.net,gambling
vulkplatinum.org,gambling
vulkplatinum.pro,gambling
vulkplatinum.report,gambling
vulkplatinum.space,gambling
vulkplatinum.vip,gambling
vulkplatinum.wiki,gambling
vulkplatinum.work,gambling
vulkplatinum.xyz,gambling
vulkunclub24.com,gambling
vull-bet.biz,gambling
vull-bet.xyz,gambling
vullcan-bet.xyz,gambling
vullkanbet.biz,gambling
vullkanbet.live,gambling
vullkanbet.me,gambling
vullkanbet.net,gambling
vullkanbet.org,gambling
vwincasino88.com,gambling
vychop.skyrock.com,dangerous_material
vylcancasino.com,gambling
w19-casinoaa.com,gambling
w1xbet.ru,gambling
w500-casinoaa.com,gambling
w888casino.top,gambling
wadoweb.com,gambling
wagerweb.eu,gambling
wagi777-casino.me,gambling
walkercasino.info,gambling
walnuttower.com,gambling
walottery.com,gambling
wam-poker.com,gambling
wanted-win-casino.com,gambling
wapwinkel.com,drugs
warhill-topcasinohotel.com,gambling
warlockcasino.info,gambling
warlockrants.blogspot.com,drugs
warpcasino.io,gambling
warpcasino.pro,gambling
warriorcasino.com,gambling
wartcasinomob.site,gambling
warungpoker.com,gambling
washingtongamblinglaws.com,gambling
wasiat138.co,gambling
wasiat138.org,gambling
wasiat138login.co,gambling
wasiat138slot.org,gambling
wasiwaska.org,drugs
wasserundsalz.de.com,gambling
wati81459.com,gambling
watiyocasinoufabet.shop,gambling
waveluxurycasino.net,gambling
wazamba-casino.app,gambling
wazamba-casino.at,gambling
wazamba-casino.org,gambling
wazamba-casino.top,gambling
wazambacasino.click,gambling
wcasino-onlineve.top,gambling
wcoop.com,gambling
wdef-izi-casino.com,gambling
we-ggbet.com,gambling
we1win1.com,gambling
we1win11.com,gambling
we1win12.com,gambling
we1win2.com,gambling
we1win3.com,gambling
we1win4.com,gambling
we1win5.com,gambling
we1win6.com,gambling
we1win7.com,gambling
we1win8.com,gambling
we1wingame.com,gambling
we1winvn.app,gambling
we1winvn.com,gambling
web3wsmcasino.org,gambling
webapuestas.com,gambling
webcasino365.com,gambling
webcasino365.top,gambling
webcasinoadvice.com,gambling
webcasinorankings.com,gambling
webdimaph.com,gambling
webdopoker.com,gambling
webjudionline.com,gambling
webjuditerpercaya.com,gambling
webofcasinos.shop,gambling
website-joycasino.ru,gambling
websitejudi.com,gambling
weclublivecasino.com,gambling
weddingcasinohire.com,gambling
weed-land.net,drugs
weedfarmer.com,drugs
weedguru.com,drugs
weeds.oker.77th.com,drugs
weedseedshop.com,drugs
weedworld.co.uk,drugs
weeklycasinos.com,gambling
wegotcasinos.com,gambling
weinspireafrica.org,gambling
weiss-casino.org,gambling
wekopacasinoresort.com,gambling
welcometowallaces.co.uk,gambling
wellington-casino.be,gambling
westvirginiacasinos.com,gambling
westwingmgmgrand.com,gambling
wetrepublic.com,gambling
wetrixxx-casino.com,gambling
wewin.asia,gambling
wg-casino.fun,gambling
wg-casino.site,gambling
whatcasino.com,gambling
wheelz-casino.top,gambling
where-to-gamble.com,gambling
whereatlantaplays.com,gambling
wheretobet.com,gambling
wheretoplaycasino.net,gambling
wheretoplayslots.net,gambling
wheretoplaystarburstslots.com,gambling
wheretoplaystarburstslots.net,gambling
wheretowin.com,gambling
whereyougamble.com,gambling
whichbingo.com,gambling
whichcasino.online,gambling
whipriders.com,gambling
white-fresh-casino.top,gambling
whitelabelcasino.io,gambling
whitelabelcasinos.com,gambling
whitepaper.theprimes.io,gambling
whiterosebingo.com,gambling
whogambles.com,gambling
wibjackpotcasino.com,gambling
wiet.nl,drugs
wigobet.com,gambling
wild-dragon-casino.com,gambling
wild-million.com,gambling
wildblaster.com,gambling
wildcardcitycasino.net,gambling
wildcardcitycasino1.com,gambling
wildcasino.ag,gambling
wildcasino.live,gambling
wildccasinoslots.com,gambling
wilddicecasino-win.com,gambling
wilddicecasino.com,gambling
wilder-casino.space,gambling
wildercasino.com,gambling
wildflushcardcasino.site,gambling
wildfortunecasino.top,gambling
wildjack.com,gambling
wildjackcasino.com,gambling
wildjokercasino1.com,gambling
wildpharaocasino.top,gambling
wildrubycasinos.com,gambling
wildslots.top,gambling
wildsultancasino.top,gambling
wildtornado.casino,gambling
wildwestgambling.com,gambling
wildz-casino.top,gambling
wildzcasino.top,gambling
willgamblearchitects.com,gambling
williamcasino.top,gambling
williamhill-casino.top,gambling
williamhill.com,gambling
williamhill.es,gambling
williamhill.it,gambling
williamhillcasino.com,gambling
wilottery.com,gambling
win-casino.me,gambling
win-diggers-casino.fun,gambling
win-diggers-casino.space,gambling
win-glorycasino.com,gambling
win-hits.com,gambling
win-igamble.com,gambling
win-joycasino-money.ru,gambling
win-joycasino660.ru,gambling
win-kometa-casino.wtf,gambling
win-online-casino.co.uk,gambling
win-spirit.info,gambling
win-spirit.site,gambling
win-spirit.xyz,gambling
win-unique-casino-3.site,gambling
win-wincasino.com,gambling
win2daycasino.top,gambling
win2starcasino.com,gambling
win777casino.ph,gambling
win79.fun,gambling
win99-casino.me,gambling
winadaycasino.eu,gambling
winadaycasino.top,gambling
winallbigcasino.com,gambling
winamax.com,gambling
winamax.de,gambling
winamax.es,gambling
winamax.fr,gambling
winbet-casino.top,gambling
winbetcasino.click,gambling
winbetcasino.com,gambling
winbigtimecasino.com,gambling
winboxcasino.top,gambling
wincasino.click,gambling
wincasino.dev,gambling
wincasino.in,gambling
wincasino.it,gambling
wincasinowin.com,gambling
winchilecasino.top,gambling
wincocopahcasino.com,gambling
windaycasino.com,gambling
windblowcasino.name,gambling
windcasino.info,gambling
windcreekcasino.com,gambling
windcreekcasinostage.com,gambling
windfallcasino.co.uk,gambling
windpoker88.me,gambling
windpoker88.us,gambling
windpoker88.xyz,gambling
windspiritcasino1.com,gambling
winga.fr,gambling
wingamble.xyz,gambling
wingamble247.us,gambling
wingsalarycasino.online,gambling
wingsalarycasino.site,gambling
wingsalarycasino.xyz,gambling
winhq-casino.me,gambling
winkslots.com,gambling
winmaniacasino.com,gambling
winmaxxcasino.com,gambling
winmgmgrand.com,gambling
winner-casino.uk,gambling
winner-casinos.xyz,gambling
winner.com,gambling
winneramacasinopokies1.com,gambling
winnercasino.world,gambling
winnercasino777.com,gambling
winners-online-casinos.com,gambling
winnerslots.io,gambling
winnerwolfcasino.com,gambling
winnerzcasino.top,gambling
winning-blackjack.net,gambling
winningbaccaratsystem.com,gambling
winnycasino.click,gambling
winnycasino.top,gambling
winollacasino.top,gambling
winorama-casino.be,gambling
winorama-casino.com,gambling
winoramacasino.be,gambling
winoui.com,gambling
winouicasinofr.com,gambling
winpalaceeu2.im,gambling
winph-8-casino.me,gambling
winph111-casino.me,gambling
winph444-casino.me,gambling
winph777-casino.me,gambling
winph8-casino.me,gambling
winph99-casino.me,gambling
winplaycasino.co.uk,gambling
winport-casino.com,gambling
winpotcasino-mx.top,gambling
winq-casino.me,gambling
winsbigcasino.com,gambling
winscasino.ru,gambling
winspark-casino.com,gambling
winsparkcasino.be,gambling
winsparkcasino.net,gambling
winsparkcasino.org,gambling
winspirit-vip.xyz,gambling
winspirit.app,gambling
winspirit1casino.com,gambling
winspiritcasino.com,gambling
winspiritcasino.net,gambling
winspiritcasino1.com,gambling
winstar.com,gambling
winstarcasinoandresort.com,gambling
winstarcasinooffers.com,gambling
winstarworldcasino.com,gambling
winstarworldcasinoandresort.com,gambling
winstlercasino.top,gambling
wintikacasino.top,gambling
wintopcasino.com,gambling
wintoporcasino.online,gambling
winuniquecasino-france.com,gambling
winuniquecasino-hit.com,gambling
winuniquecasino-land.com,gambling
winuniquecasino-last.com,gambling
winuniquecasino-light.com,gambling
winuniquecasino-look.com,gambling
winuniquecasino-mix.com,gambling
winuniquecasino-must.com,gambling
winuniquecasino-only.com,gambling
winuniquecasino-power.com,gambling
winuniquecasino-ring.com,gambling
winuniquecasino-roll.com,gambling
winuniquecasino-share.com,gambling
winuniquecasino-side.com,gambling
winuniquecasino-stand.com,gambling
winuniquecasino-sure.com,gambling
winuniquecasino-table.com,gambling
winuniquecasino-web.com,gambling
winuniquecasino-yes.com,gambling
winvegaspluscasino-fr.com,gambling
winwardcasino-login.com,gambling
winway33slots.com,gambling
winwildcasino.com,gambling
winx96casino.com,gambling
winxbet627.com,gambling
winxbet628.com,gambling
winxbet630.com,gambling
winxbet632.com,gambling
winxbet634.com,gambling
winxbet635.com,gambling
winxbet637.com,gambling
winxbet639.com,gambling
winyourwager.com,gambling
wipbet510.com,gambling
wipbet521.com,gambling
wipbet523.com,gambling
wipbet525.com,gambling
wisconsingamblinglaws.com,gambling
wish-casinos.com,gambling
wishbingo.com,gambling
wishcasinos.com,gambling
wishocasino.click,gambling
wishocasino.top,gambling
withcasinobonus.com,gambling
withslots.com,gambling
wizardslots.com,gambling
wizardslots.uk,gambling
wj-casino.com,gambling
wjcasino-1.com,gambling
wjcasino-10.com,gambling
wjcasino-2.com,gambling
wjcasino-8.com,gambling
wjcasino-fortune-tiger.com,gambling
wjcasino-fortunetiger.com,gambling
wjcasino.cc,gambling
wjcasino.com,gambling
wjcasino.net,gambling
wjcasino.org,gambling
wjcasino00.com,gambling
wjcasino000.com,gambling
wjcasino03.com,gambling
wjcasino1.com,gambling
wjcasino111.cc,gambling
wjcasino111.com,gambling
wjcasino1111.com,gambling
wjcasino222.com,gambling
wjcasino222.vip,gambling
wjcasino3.com,gambling
wjcasino333.com,gambling
wjcasino333.vip,gambling
wjcasino444.cc,gambling
wjcasino444.vip,gambling
wjcasino5.com,gambling
wjcasino555.cc,gambling
wjcasino555.com,gambling
wjcasino555.vip,gambling
wjcasino6666.com,gambling
wjcasino777.cc,gambling
wjcasino777.com,gambling
wjcasino777.vip,gambling
wjcasino888.cc,gambling
wjcasino888.com,gambling
wjcasino888.vip,gambling
wjcasino999.vip,gambling
wjcasinobr.vip,gambling
wjcasinofortunetiger.com,gambling
wjcasinovip1.com,gambling
wjevo-casino.com.ph,gambling
wjslot-casino.com.ph,gambling
wjslots.cc,gambling
wjslots.club,gambling
wjslots.co,gambling
wjslots.net,gambling
wjslots.top,gambling
wk777casino.ph,gambling
wmbet.casino,gambling
wmcasino.com,gambling
wmcasino.win,gambling
wmcasino888.com,gambling
wmcasinobet.online,gambling
wmcasinocentral.com,gambling
wmcasinosg.com,gambling
wolfy-casino.world,gambling
wolfycasino.com,gambling
wolfycasino.top,gambling
wolfycasinoca.top,gambling
wolmersboyshigh.org,gambling
won.net,gambling
woncard.com,gambling
woncard.net,gambling
wondercasino.jp,gambling
wonderchanvre.com,drugs
wonoddcasino.net,gambling
woo-casino.app,gambling
woo-casino.com,gambling
woo-casino.org,gambling
woo-casino.top,gambling
woocasino.com,gambling
woocasino.top,gambling
woocasino1.com,gambling
woocasino2.com,gambling
woocasino3.com,gambling
woocasino4.com,gambling
woocasino5.com,gambling
woocasinoau.net,gambling
woocasinoau2.com,gambling
woodbinecasinoreview.ca,gambling
woogamble.com,gambling
woomcasino.fr,gambling
woori-casinos.com,gambling
wooricasino.org,gambling
wooricasino.top,gambling
wooricasino114.com,gambling
wooricasinos.info,gambling
worcestercasino.com,gambling
workplacecasino.shop,gambling
world-casino-az.space,gambling
world-casino-bn.space,gambling
world-casino-ca.space,gambling
world-casino-cs.space,gambling
world-casino-el.space,gambling
world-casino-et.space,gambling
world-casino-in.space,gambling
world-casino-iw.space,gambling
world-casino-no.space,gambling
world-casino-sk.space,gambling
world-casino-sv.space,gambling
world-casino-ua.space,gambling
world-casino-uz.space,gambling
world-casinoo.club,gambling
world-casinoo.com,gambling
world-casinoo.info,gambling
world-casinoo.me,gambling
world-casinoo.net,gambling
world-casinoo.one,gambling
world-casinoo.top,gambling
world-casinos.me,gambling
world-casinos.net,gambling
world-casinoz.com,gambling
world-casinoz.me,gambling
world-casinoz.net,gambling
world-casinoz.top,gambling
world-class-casino.com,gambling
world-icasino.me,gambling
world-icasino.org,gambling
world-lotteries.org,gambling
worldbestlivecasino.com,gambling
worldcasinodirectory.com,gambling
worldcasinoent.com,gambling
worldcasinoindex.com,gambling
worldcasinomagazine.info,gambling
worldcasinosales.com,gambling
worldcasinotrustinvest.shop,gambling
worldclass-casino.com,gambling
worldcomcasino.com,gambling
worldgambleclub.com,gambling
worldlistcasinohoteltop.com,gambling
worlds-casino.club,gambling
worlds-casino.com,gambling
worlds-casino.me,gambling
worlds-casino.net,gambling
worlds-casino.top,gambling
worlds-greatest-gamblers.com,gambling
worldslotcasino.shop,gambling
worldwidecasinodirectory.com,gambling
worldwidecasinoslot.online,gambling
worldwidegamble.com,gambling
worldwinner.com,gambling
worldz-casino.club,gambling
worldz-casino.com,gambling
worldz-casino.info,gambling
worldz-casino.me,gambling
worldz-casino.net,gambling
worldz-casino.top,gambling
worstcasinoreviews.ca,gambling
wow-casino.me,gambling
wow-ph-casinoaa.com,gambling
wozcasinotech.com,gambling
wplay-casino.com,gambling
wplay.co,gambling
wplaycasino.click,gambling
wpt.fr,gambling
wsmcasino.com,gambling
wsop.fr,gambling
wsopga.me,gambling
wsopmobile.com,gambling
wsoptournament.us,gambling
wtfskins.com,gambling
wtobetbet.nl,gambling
wulcan-casino.company,gambling
wulcan24-casino.info,gambling
wulcancasino.co,gambling
wulcancasino.one,gambling
wulcancasinos.com,gambling
wulcanrossiyacasino.xyz,gambling
wulkancasino.art,gambling
wulkancasino.biz,gambling
wunderinocasino.top,gambling
wworld-casino.club,gambling
wworld-casino.com,gambling
wworld-casino.info,gambling
wworld-casino.me,gambling
wworld-casino.net,gambling
wworld-casino.one,gambling
wworld-casino.top,gambling
www3.pokerroom.com,gambling
www61baywin.com,gambling
wwwcasinodirectory.com,gambling
wwwgoldennuggetcasino.com,gambling
wwwvdcasino977.com,gambling
wylcan-bet.org,gambling
wylcancasino.com,gambling
wynncasino.life,gambling
wynncasino.store,gambling
wynncasino888.com,gambling
wyominggamblinglaws.com,gambling
x-casino-lse.buzz,gambling
x-casino-official224.win,gambling
x-casino-official225.win,gambling
x-casino-official2598.win,gambling
x-casino-official777.win,gambling
x-casino-official987.win,gambling
x-casino-online.art,gambling
x-casino-online.one,gambling
x-casino-site.ru,gambling
x-casino-slot.site,gambling
x-casino-slots.online,gambling
x-casino-slots.ru,gambling
x-casino.net,gambling
x-casino.org,gambling
x-casinor.com,gambling
x-casinos.net,gambling
x-casinos536.win,gambling
x-casinos8956.win,gambling
x10bet-casino.com,gambling
xbet-apk-casino.ru,gambling
xbet-casino-app.ru,gambling
xbet-casino-fr.com,gambling
xbet-casino-inform.ru,gambling
xbet-casino-news.ru,gambling
xbet-casino-wins.ru,gambling
xbet-wins-casino.ru,gambling
xbetg.ru,gambling
xbetkr.com,gambling
xbetq.ru,gambling
xbetrus.ru,gambling
xbetsport.com,gambling
xbetsports.com,gambling
xcasino-x.ru,gambling
xcasino.co.tz,gambling
xcasino.com.ph,gambling
xcasino.world,gambling
xcasino2.cc,gambling
xcasinoxslots.com,gambling
xcitingslots.com,gambling
xerxescasino.com,gambling
xgamble.io,gambling
xgame-casinox615.ru,gambling
xiamen-lottery.com,gambling
xjudi.com,gambling
xlbet.com,gambling
xlbetcasino.com,gambling
xn--bstacasinobonusar-qqb.nu,gambling
xn--bstantcasino-gcbe.nu,gambling
xn--bstcasino-v2a.eu,gambling
xn--bstcasinobonus-5hb.com,gambling
xn--bstonlinecasino-0kb.se,gambling
xn--casinoerpnettet-plb.eu,gambling
xn--casinomedbstutdelning-f2b.com,gambling
xn--casinonrd-r8a.dk,gambling
xn--casinonrden-mgb.dk,gambling
xn--casinonrderne-hnb.dk,gambling
xn--casinoonlineespaa-uxb.es,gambling
xn--casinopnett-38a.eu,gambling
xn--casinopnettet-vfb.dk,gambling
xn--casinopntet-s8al.net,gambling
xn--casinosonlineespaa-30b.org,gambling
xn--casinospntet-ocbm.nu,gambling
xn--casinoutanfrsverige-06b.se,gambling
xn--casinoutangrnser-6nb.nu,gambling
xn--casinoutanregistreringochomsttningskrav-dkd.com,gambling
xn--ntcasino360-l8a.com,gambling
xn--ntcasinobankid-5hb.com,gambling
xn--ntcasinolista-bfb.se,gambling
xn--ntcasinon-v2a.net,gambling
xn--ntcasinos-v2a.org,gambling
xn--ntcasinot-v2a.net,gambling
xn--ntcasinoutanlicens-ltb.com,gambling
xn--serisecasinoohnelizenz-xhc.com,gambling
xn--slotspcasino-ycb.se,gambling
xn--spelapcasinoonline-9tb.se,gambling
xn--strstacasinot-jmb.nu,gambling
xn--svenskantcasino-7kb.nu,gambling
xn--svensktntcasino-7kb.se,gambling
xn--utlndska-casino-2kb.com,gambling
xn--utlndskacasino-7hb.biz,gambling
xn--utlndskacasino-7hb.co,gambling
xn--utlndskacasino-7hb.io,gambling
xn--utlndskacasinomedbankid-x7b.se,gambling
xn--utlndskacasinos-2kb.se,gambling
xpress-design.com,gambling
xslots.website,gambling
xslots1x.ru,gambling
xtcstudie.nl,drugs
xtremegambling.com,gambling
xxxbetcasino.com,gambling
xxxbetslots.com,gambling
xyzonlinegambling.com,gambling
y2kained.homestead.com,drugs
y6-casino.click,gambling
ya888yacasino.org,gambling
yaacasino.online,gambling
yaasscasino.es,gambling
yabby-casino.app,gambling
yabby-casino.org,gambling
yabby-casino.us,gambling
yabbycasino.bot,gambling
yabbycasino.co.za,gambling
yabbycasino.com.au,gambling
yabbycasino.game,gambling
yabbycasino.live,gambling
yabbycasino.top,gambling
yabbycasino.us,gambling
yabbycasino2.com,gambling
yabbycasinoau.com,gambling
yabbycasinoau1.com,gambling
yabbycasinobet.com,gambling
yabbycasinobonus.com,gambling
yabbycasinocode.com,gambling
yabbycasinodeposit.com,gambling
yabbycasinogame.com,gambling
yachting-casino.com,gambling
yahoogambling.com,gambling
yahooka.com,drugs
yajuegocasino.click,gambling
yakabet178.com,gambling
yakocasino.co.uk,gambling
yakocasinoaffiliates.com,gambling
yaman88-casino.me,gambling
yanncasino.com,gambling
yatechsol.com,gambling
yatra.yage.net,drugs
ybrcasinoandsportsbook.com,gambling
ye7-casinoaa.com,gambling
ye7casino.me,gambling
yebocasino.co.za,gambling
yebocasino.top,gambling
yescasino.org,gambling
yespills.net,drugs
yestercasinoslot.online,gambling
yetcasino.com,gambling
yeti878go.com,gambling
yeticasinoapp.online,gambling
yewcasino.com,gambling
yjfhk.com,gambling
yocasino.es,gambling
yojicasino.ro,gambling
yoju1.casino,gambling
yojucasino.top,gambling
yojucasinos.com,gambling
yojucasinos.net,gambling
yondercasino.kr,gambling
yongcasino.kr,gambling
yonibet-casino-france.com,gambling
younggunsinc.com,dangerous_material
your-online-casino.com,gambling
your-online-gambling.com,gambling
yourcasinotr.com,gambling
yourgamblingguide.com,gambling
youronlinecasinoguide.com,gambling
yourpokercash.com,gambling
yourvegasbeat.com,gambling
youscasino.net,gambling
youtubecasino.com,gambling
yowes83257.com,gambling
yowes85211.com,gambling
yowestogel.com,gambling
yoyo-casino.top,gambling
yoyo33.it.com,gambling
yoyocasino.com,gambling
yoyocasino.top,gambling
yuki138.com,gambling
yukiasset.com,gambling
yukongold.casino,gambling
yukongoldcasino.top,gambling
yumetotolink.com,gambling
yuyu4dbeb.com,gambling
yuzdeyuzcasino161.com,gambling
yyy-casinos.net,gambling
yyycasino.online,gambling
yyycasino1.com,gambling
za-europacasino.com,gambling
zabbetcasino.com,gambling
zamnesia.fr,drugs
zanglitecasino.com,gambling
zarcasino.co.za,gambling
zaxbet.com,gambling
zaza-casino.top,gambling
zbetcasino.top,gambling
zcash-casino-us.top,gambling
zeagraff44.skyblog.com,dangerous_material
zeb-poker.com,gambling
zegagnant.com,gambling
zen-jet-casino.top,gambling
zen-jet-casino1.top,gambling
zen-jet-casino2.top,gambling
zen-jet-casino3.top,gambling
zen-jetcasino.ru,gambling
zenegra.biz,drugs
zenith-casino.com,gambling
zerkalo-grandcasino.online,gambling
zerkalo-joycasino879.ru,gambling
zerkalo-mostbet-top.ru,gambling
zerkalo-rox-casino.company,gambling
zerkalomaxbetslots.ru,gambling
zerkalomostbet.ru,gambling
zerodepositcasino.co.uk,gambling
zerogamble.com.au,gambling
zet-casino.click,gambling
zet-casino.de,gambling
zet-casino.top,gambling
zetcasino.click,gambling
zetcasino.com,gambling
zetcasino.one,gambling
zetcasino.org,gambling
zetcasino.top,gambling
zetcasino.world,gambling
zetcasino2.com,gambling
zetcasino6.com,gambling
zetcasino8.com,gambling
zetcasinohu.click,gambling
zeturf.com,gambling
zeturf.fr,gambling
zeus-casino-777.com,gambling
zeus-casino777-pt.com,gambling
zeuscasinovip.com,gambling
zeusjackpot.com,gambling
zeussocialcasino.com,gambling
zhivaia-volna-casino.ru,gambling
zhivaia-volnacasino.ru,gambling
zhivaya-volna-casino.club,gambling
zhivaya-volna-casino.com,gambling
zhivaya-volna-casino.top,gambling
zhivaya-volna-casino1.top,gambling
zhivaya-volna-casino2.top,gambling
zhivaya-volna-casino3.top,gambling
zhivaya-volnacasino.top,gambling
zhumbacasino77.biz.id,gambling
ziestcasinos.com,gambling
zimplercasino.ca,gambling
zimplercasino.top,gambling
zimplercasinos.pro,gambling
zimplercasinos.se,gambling
zinacasinoenligne.com,gambling
zinkracasino.top,gambling
zitobox.com,gambling
zm-casino.me,gambling
zodiac-casino.click,gambling
zodiac-casino.org,gambling
zodiac.casino,gambling
zodiaccasino-fr.com,gambling
zodiaccasino.click,gambling
zodiaccasino.com,gambling
zodiaccasino.top,gambling
zoklet.com,dangerous_material
zonadeazar.com.ar,gambling
zondercrukscasino.com,gambling
zooma-casino.ru,gambling
zoomecasino.org,gambling
zoomecasino.top,gambling
zpng-online-casino.com,gambling
zpoker.fr,gambling
zulacasino.com,gambling
zumospin-casino.com,gambling
